This file contains any messages produced by compilers while
running configure, to aid debugging if configure makes a mistake.

It was created by LibTIFF Software configure 4.7.0, which was
generated by GNU Autoconf 2.69.  Invocation command line was

  $ ./configure --host=arm-unknown-linux-gnueabihf --prefix=/home/dev/Desktop/ClaraColour/python/crosstoolsng/tiff-install --enable-shared --disable-static CC=arm-unknown-linux-gnueabihf-gcc CXX=arm-unknown-linux-gnueabihf-g++ AR=arm-unknown-linux-gnueabihf-ar RANLIB=arm-unknown-linux-gnueabihf-ranlib LDFLAGS=-L/home/dev/Desktop/ClaraColour/python/crosstoolsng/zlib-armhf-install/lib -L/home/dev/Desktop/ClaraColour/python/crosstoolsng/zstd-armhf-install/lib CPPFLAGS=-I/home/dev/Desktop/ClaraColour/python/crosstoolsng/zlib-armhf-install/include -I/home/dev/Desktop/ClaraColour/python/crosstoolsng/zstd-armhf-install/include

## --------- ##
## Platform. ##
## --------- ##

hostname = host
uname -m = x86_64
uname -r = 6.12.101+deb13-amd64
uname -s = Linux
uname -v = #1 SMP PREEMPT_DYNAMIC Debian 6.12.101-1 (2026-08-05)

/usr/bin/uname -p = unknown
/bin/uname -X     = unknown

/bin/arch              = x86_64
/usr/bin/arch -k       = unknown
/usr/convex/getsysinfo = unknown
/usr/bin/hostinfo      = unknown
/bin/machine           = unknown
/usr/bin/oslevel       = unknown
/bin/universe          = unknown

PATH: /home/dev/x-tools/arm-unknown-linux-gnueabihf/bin
PATH: /usr/local/bin
PATH: /usr/bin
PATH: /bin
PATH: /usr/local/games
PATH: /usr/games
PATH: /snap/bin
PATH: /home/dev/go/bin


## ----------- ##
## Core tests. ##
## ----------- ##

configure:2930: checking build system type
configure:2944: result: x86_64-pc-linux-gnu
configure:2964: checking host system type
configure:2977: result: arm-unknown-linux-gnueabihf
configure:3014: checking for a BSD-compatible install
configure:3082: result: /usr/bin/install -c
configure:3093: checking whether build environment is sane
configure:3148: result: yes
configure:3207: checking for arm-unknown-linux-gnueabihf-strip
configure:3223: found /home/dev/x-tools/arm-unknown-linux-gnueabihf/bin/arm-unknown-linux-gnueabihf-strip
configure:3234: result: arm-unknown-linux-gnueabihf-strip
configure:3299: checking for a thread-safe mkdir -p
configure:3338: result: /usr/bin/mkdir -p
configure:3345: checking for gawk
configure:3361: found /usr/bin/gawk
configure:3372: result: gawk
configure:3383: checking whether make sets $(MAKE)
configure:3405: result: yes
configure:3434: checking whether make supports nested variables
configure:3451: result: yes
configure:3540: checking whether UID '1000' is supported by ustar format
configure:3543: result: yes
configure:3550: checking whether GID '1000' is supported by ustar format
configure:3553: result: yes
configure:3561: checking how to create a ustar tar archive
configure:3572: tar --version
tar (GNU tar) 1.35
Copyright (C) 2023 Free Software Foundation, Inc.
License GPLv3+: GNU GPL version 3 or later <https://gnu.org/licenses/gpl.html>.
This is free software: you are free to change and redistribute it.
There is NO WARRANTY, to the extent permitted by law.

Written by John Gilmore and Jay Fenlason.
configure:3575: $? = 0
configure:3615: tardir=conftest.dir && eval tar --format=ustar -chf - "$tardir" >conftest.tar
configure:3618: $? = 0
configure:3622: tar -xf - <conftest.tar
configure:3625: $? = 0
configure:3627: cat conftest.dir/file
GrepMe
configure:3630: $? = 0
configure:3643: result: gnutar
configure:3694: checking whether to enable maintainer-specific portions of Makefiles
configure:3703: result: no
configure:3755: checking whether make supports the include directive
configure:3770: make -f confmf.GNU && cat confinc.out
this is the am__doit target
configure:3773: $? = 0
configure:3792: result: yes (GNU style)
configure:3822: checking for arm-unknown-linux-gnueabihf-gcc
configure:3849: result: arm-unknown-linux-gnueabihf-gcc
configure:4118: checking for C compiler version
configure:4127: arm-unknown-linux-gnueabihf-gcc --version >&5
arm-unknown-linux-gnueabihf-gcc (crosstool-NG 1.29.0.3_2e5d0b8) 9.5.0
Copyright (C) 2019 Free Software Foundation, Inc.
This is free software; see the source for copying conditions.  There is NO
warranty; not even for MERCHANTABILITY or FITNESS FOR A PARTICULAR PURPOSE.

configure:4138: $? = 0
configure:4127: arm-unknown-linux-gnueabihf-gcc -v >&5
Using built-in specs.
COLLECT_GCC=arm-unknown-linux-gnueabihf-gcc
COLLECT_LTO_WRAPPER=/home/dev/x-tools/arm-unknown-linux-gnueabihf/libexec/gcc/arm-unknown-linux-gnueabihf/9.5.0/lto-wrapper
Target: arm-unknown-linux-gnueabihf
Configured with: /home/dev/Desktop/ClaraColour/python/crosstoolsng/crosstool-ng/.build/arm-unknown-linux-gnueabihf/src/gcc/configure --build=x86_64-build_pc-linux-gnu --host=x86_64-build_pc-linux-gnu --target=arm-unknown-linux-gnueabihf --prefix=/home/dev/x-tools/arm-unknown-linux-gnueabihf --exec_prefix=/home/dev/x-tools/arm-unknown-linux-gnueabihf --with-sysroot=/home/dev/x-tools/arm-unknown-linux-gnueabihf/arm-unknown-linux-gnueabihf/sysroot --enable-languages=c,c++ --with-arch=armv7-a --with-tune=cortex-a53 --with-fpu=neon-vfpv4 --with-float=hard --with-pkgversion='crosstool-NG 1.29.0.3_2e5d0b8' --enable-__cxa_atexit --disable-tm-clone-registry --disable-libmudflap --disable-libgomp --disable-libssp --disable-libquadmath --disable-libquadmath-support --disable-libsanitizer --disable-libmpx --with-gmp=/home/dev/Desktop/ClaraColour/python/crosstoolsng/crosstool-ng/.build/arm-unknown-linux-gnueabihf/buildtools --with-mpfr=/home/dev/Desktop/ClaraColour/python/crosstoolsng/crosstool-ng/.build/arm-unknown-linux-gnueabihf/buildtools --with-mpc=/home/dev/Desktop/ClaraColour/python/crosstoolsng/crosstool-ng/.build/arm-unknown-linux-gnueabihf/buildtools --with-isl=/home/dev/Desktop/ClaraColour/python/crosstoolsng/crosstool-ng/.build/arm-unknown-linux-gnueabihf/buildtools --enable-lto --without-zstd --enable-threads=posix --enable-target-optspace --disable-plugin --disable-nls --disable-multilib --with-local-prefix=/home/dev/x-tools/arm-unknown-linux-gnueabihf/arm-unknown-linux-gnueabihf/sysroot --enable-long-long
Thread model: posix
gcc version 9.5.0 (crosstool-NG 1.29.0.3_2e5d0b8) 
configure:4138: $? = 0
configure:4127: arm-unknown-linux-gnueabihf-gcc -V >&5
arm-unknown-linux-gnueabihf-gcc: error: unrecognized command line option '-V'
arm-unknown-linux-gnueabihf-gcc: fatal error: no input files
compilation terminated.
configure:4138: $? = 1
configure:4127: arm-unknown-linux-gnueabihf-gcc -qversion >&5
arm-unknown-linux-gnueabihf-gcc: error: unrecognized command line option '-qversion'; did you mean '--version'?
arm-unknown-linux-gnueabihf-gcc: fatal error: no input files
compilation terminated.
configure:4138: $? = 1
configure:4158: checking whether the C compiler works
configure:4180: arm-unknown-linux-gnueabihf-gcc  -I/home/dev/Desktop/ClaraColour/python/crosstoolsng/zlib-armhf-install/include -I/home/dev/Desktop/ClaraColour/python/crosstoolsng/zstd-armhf-install/include -L/home/dev/Desktop/ClaraColour/python/crosstoolsng/zlib-armhf-install/lib -L/home/dev/Desktop/ClaraColour/python/crosstoolsng/zstd-armhf-install/lib conftest.c  >&5
configure:4184: $? = 0
configure:4232: result: yes
configure:4235: checking for C compiler default output file name
configure:4237: result: a.out
configure:4243: checking for suffix of executables
configure:4250: arm-unknown-linux-gnueabihf-gcc -o conftest  -I/home/dev/Desktop/ClaraColour/python/crosstoolsng/zlib-armhf-install/include -I/home/dev/Desktop/ClaraColour/python/crosstoolsng/zstd-armhf-install/include -L/home/dev/Desktop/ClaraColour/python/crosstoolsng/zlib-armhf-install/lib -L/home/dev/Desktop/ClaraColour/python/crosstoolsng/zstd-armhf-install/lib conftest.c  >&5
configure:4254: $? = 0
configure:4276: result: 
configure:4298: checking whether we are cross compiling
configure:4306: arm-unknown-linux-gnueabihf-gcc -o conftest  -I/home/dev/Desktop/ClaraColour/python/crosstoolsng/zlib-armhf-install/include -I/home/dev/Desktop/ClaraColour/python/crosstoolsng/zstd-armhf-install/include -L/home/dev/Desktop/ClaraColour/python/crosstoolsng/zlib-armhf-install/lib -L/home/dev/Desktop/ClaraColour/python/crosstoolsng/zstd-armhf-install/lib conftest.c  >&5
configure:4310: $? = 0
configure:4317: ./conftest
./configure: line 4319: ./conftest: cannot execute binary file: Exec format error
configure:4321: $? = 126
configure:4336: result: yes
configure:4341: checking for suffix of object files
configure:4363: arm-unknown-linux-gnueabihf-gcc -c  -I/home/dev/Desktop/ClaraColour/python/crosstoolsng/zlib-armhf-install/include -I/home/dev/Desktop/ClaraColour/python/crosstoolsng/zstd-armhf-install/include conftest.c >&5
configure:4367: $? = 0
configure:4388: result: o
configure:4392: checking whether we are using the GNU C compiler
configure:4411: arm-unknown-linux-gnueabihf-gcc -c  -I/home/dev/Desktop/ClaraColour/python/crosstoolsng/zlib-armhf-install/include -I/home/dev/Desktop/ClaraColour/python/crosstoolsng/zstd-armhf-install/include conftest.c >&5
configure:4411: $? = 0
configure:4420: result: yes
configure:4429: checking whether arm-unknown-linux-gnueabihf-gcc accepts -g
configure:4449: arm-unknown-linux-gnueabihf-gcc -c -g -I/home/dev/Desktop/ClaraColour/python/crosstoolsng/zlib-armhf-install/include -I/home/dev/Desktop/ClaraColour/python/crosstoolsng/zstd-armhf-install/include conftest.c >&5
configure:4449: $? = 0
configure:4490: result: yes
configure:4507: checking for arm-unknown-linux-gnueabihf-gcc option to accept ISO C89
configure:4570: arm-unknown-linux-gnueabihf-gcc  -c -g -O2 -I/home/dev/Desktop/ClaraColour/python/crosstoolsng/zlib-armhf-install/include -I/home/dev/Desktop/ClaraColour/python/crosstoolsng/zstd-armhf-install/include conftest.c >&5
configure:4570: $? = 0
configure:4583: result: none needed
configure:4608: checking whether arm-unknown-linux-gnueabihf-gcc understands -c and -o together
configure:4630: arm-unknown-linux-gnueabihf-gcc -c conftest.c -o conftest2.o
configure:4633: $? = 0
configure:4630: arm-unknown-linux-gnueabihf-gcc -c conftest.c -o conftest2.o
configure:4633: $? = 0
configure:4645: result: yes
configure:4664: checking dependency style of arm-unknown-linux-gnueabihf-gcc
configure:4775: result: gcc3
configure:4790: checking for arm-unknown-linux-gnueabihf-gcc option to accept ISO C99
configure:4939: arm-unknown-linux-gnueabihf-gcc  -c -g -O2 -I/home/dev/Desktop/ClaraColour/python/crosstoolsng/zlib-armhf-install/include -I/home/dev/Desktop/ClaraColour/python/crosstoolsng/zstd-armhf-install/include conftest.c >&5
configure:4939: $? = 0
configure:4952: result: none needed
configure:4976: checking for C compiler warning flags
configure:5068: result: -Wall -W
configure:5073: checking whether ln -s works
configure:5077: result: yes
configure:5087: checking for cmake
configure:5105: found /usr/bin/cmake
configure:5117: result: /usr/bin/cmake
configure:5139: checking if LD -Wl,--version-script works
configure:5164: arm-unknown-linux-gnueabihf-gcc -o conftest -g -O2 -Wall -W -I/home/dev/Desktop/ClaraColour/python/crosstoolsng/zlib-armhf-install/include -I/home/dev/Desktop/ClaraColour/python/crosstoolsng/zstd-armhf-install/include -L/home/dev/Desktop/ClaraColour/python/crosstoolsng/zlib-armhf-install/lib -L/home/dev/Desktop/ClaraColour/python/crosstoolsng/zstd-armhf-install/lib -Wl,--version-script=conftest.map conftest.c  >&5
configure:5164: $? = 0
configure:5173: result: yes
configure:5235: checking how to print strings
configure:5262: result: printf
configure:5283: checking for a sed that does not truncate output
configure:5347: result: /usr/bin/sed
configure:5365: checking for grep that handles long lines and -e
configure:5423: result: /usr/bin/grep
configure:5428: checking for egrep
configure:5490: result: /usr/bin/grep -E
configure:5495: checking for fgrep
configure:5557: result: /usr/bin/grep -F
configure:5592: checking for ld used by arm-unknown-linux-gnueabihf-gcc
configure:5659: result: /home/dev/x-tools/arm-unknown-linux-gnueabihf/arm-unknown-linux-gnueabihf/bin/ld
configure:5666: checking if the linker (/home/dev/x-tools/arm-unknown-linux-gnueabihf/arm-unknown-linux-gnueabihf/bin/ld) is GNU ld
configure:5681: result: yes
configure:5693: checking for BSD- or MS-compatible name lister (nm)
configure:5747: result: /home/dev/x-tools/arm-unknown-linux-gnueabihf/bin/arm-unknown-linux-gnueabihf-nm -B
configure:5877: checking the name lister (/home/dev/x-tools/arm-unknown-linux-gnueabihf/bin/arm-unknown-linux-gnueabihf-nm -B) interface
configure:5884: arm-unknown-linux-gnueabihf-gcc -c -g -O2 -Wall -W -I/home/dev/Desktop/ClaraColour/python/crosstoolsng/zlib-armhf-install/include -I/home/dev/Desktop/ClaraColour/python/crosstoolsng/zstd-armhf-install/include conftest.c >&5
configure:5887: /home/dev/x-tools/arm-unknown-linux-gnueabihf/bin/arm-unknown-linux-gnueabihf-nm -B "conftest.o"
configure:5890: output
00000000 B some_variable
configure:5897: result: BSD nm
configure:5901: checking the maximum length of command line arguments
configure:6032: result: 1572864
configure:6080: checking how to convert x86_64-pc-linux-gnu file names to arm-unknown-linux-gnueabihf format
configure:6120: result: func_convert_file_noop
configure:6127: checking how to convert x86_64-pc-linux-gnu file names to toolchain format
configure:6147: result: func_convert_file_noop
configure:6154: checking for /home/dev/x-tools/arm-unknown-linux-gnueabihf/arm-unknown-linux-gnueabihf/bin/ld option to reload object files
configure:6161: result: -r
configure:6195: checking for arm-unknown-linux-gnueabihf-objdump
configure:6211: found /home/dev/x-tools/arm-unknown-linux-gnueabihf/bin/arm-unknown-linux-gnueabihf-objdump
configure:6222: result: arm-unknown-linux-gnueabihf-objdump
configure:6291: checking how to recognize dependent libraries
configure:6491: result: pass_all
configure:6536: checking for arm-unknown-linux-gnueabihf-dlltool
configure:6566: result: no
configure:6576: checking for dlltool
configure:6606: result: no
configure:6633: checking how to associate runtime and link libraries
configure:6660: result: printf %s\n
configure:6676: checking for arm-unknown-linux-gnueabihf-ar
configure:6703: result: arm-unknown-linux-gnueabihf-ar
configure:6784: checking for archiver @FILE support
configure:6801: arm-unknown-linux-gnueabihf-gcc -c -g -O2 -Wall -W -I/home/dev/Desktop/ClaraColour/python/crosstoolsng/zlib-armhf-install/include -I/home/dev/Desktop/ClaraColour/python/crosstoolsng/zstd-armhf-install/include conftest.c >&5
configure:6801: $? = 0
configure:6804: arm-unknown-linux-gnueabihf-ar cr libconftest.a @conftest.lst >&5
configure:6807: $? = 0
configure:6812: arm-unknown-linux-gnueabihf-ar cr libconftest.a @conftest.lst >&5
arm-unknown-linux-gnueabihf-ar: conftest.o: No such file or directory
configure:6815: $? = 1
configure:6827: result: @
configure:6845: checking for arm-unknown-linux-gnueabihf-strip
configure:6872: result: arm-unknown-linux-gnueabihf-strip
configure:6944: checking for arm-unknown-linux-gnueabihf-ranlib
configure:6971: result: arm-unknown-linux-gnueabihf-ranlib
configure:7113: checking command to parse /home/dev/x-tools/arm-unknown-linux-gnueabihf/bin/arm-unknown-linux-gnueabihf-nm -B output from arm-unknown-linux-gnueabihf-gcc object
configure:7266: arm-unknown-linux-gnueabihf-gcc -c -g -O2 -Wall -W -I/home/dev/Desktop/ClaraColour/python/crosstoolsng/zlib-armhf-install/include -I/home/dev/Desktop/ClaraColour/python/crosstoolsng/zstd-armhf-install/include conftest.c >&5
configure:7269: $? = 0
configure:7273: /home/dev/x-tools/arm-unknown-linux-gnueabihf/bin/arm-unknown-linux-gnueabihf-nm -B conftest.o | sed -n -e 's/^.*[	 ]\([ABCDGIRSTW][ABCDGIRSTW]*\)[	 ][	 ]*\([_A-Za-z][_A-Za-z0-9]*\)$/\1 \2 \2/p' | sed '/ __gnu_lto/d' > conftest.nm
configure:7339: arm-unknown-linux-gnueabihf-gcc -o conftest -g -O2 -Wall -W -I/home/dev/Desktop/ClaraColour/python/crosstoolsng/zlib-armhf-install/include -I/home/dev/Desktop/ClaraColour/python/crosstoolsng/zstd-armhf-install/include -L/home/dev/Desktop/ClaraColour/python/crosstoolsng/zlib-armhf-install/lib -L/home/dev/Desktop/ClaraColour/python/crosstoolsng/zstd-armhf-install/lib conftest.c conftstm.o >&5
configure:7342: $? = 0
configure:7380: result: ok
configure:7427: checking for sysroot
configure:7457: result: no
configure:7464: checking for a working dd
configure:7502: result: /usr/bin/dd
configure:7506: checking how to truncate binary pipes
configure:7521: result: /usr/bin/dd bs=4096 count=1
configure:7810: checking for arm-unknown-linux-gnueabihf-mt
configure:7840: result: no
configure:7850: checking for mt
configure:7866: found /usr/bin/mt
configure:7877: result: mt
configure:7889: WARNING: using cross tools not prefixed with host triplet
configure:7900: checking if mt is a manifest tool
configure:7906: mt '-?'
configure:7914: result: no
configure:8591: checking how to run the C preprocessor
configure:8622: arm-unknown-linux-gnueabihf-gcc -E -I/home/dev/Desktop/ClaraColour/python/crosstoolsng/zlib-armhf-install/include -I/home/dev/Desktop/ClaraColour/python/crosstoolsng/zstd-armhf-install/include conftest.c
configure:8622: $? = 0
configure:8636: arm-unknown-linux-gnueabihf-gcc -E -I/home/dev/Desktop/ClaraColour/python/crosstoolsng/zlib-armhf-install/include -I/home/dev/Desktop/ClaraColour/python/crosstoolsng/zstd-armhf-install/include conftest.c
conftest.c:11:10: fatal error: ac_nonexistent.h: No such file or directory
   11 | #include <ac_nonexistent.h>
      |          ^~~~~~~~~~~~~~~~~~
compilation terminated.
configure:8636: $? = 1
configure: failed program was:
| /* confdefs.h */
| #define PACKAGE_NAME "LibTIFF Software"
| #define PACKAGE_TARNAME "tiff"
| #define PACKAGE_VERSION "4.7.0"
| #define PACKAGE_STRING "LibTIFF Software 4.7.0"
| #define PACKAGE_BUGREPORT "tiff@lists.osgeo.org"
| #define PACKAGE_URL ""
| #define PACKAGE "tiff"
| #define VERSION "4.7.0"
| /* end confdefs.h.  */
| #include <ac_nonexistent.h>
configure:8661: result: arm-unknown-linux-gnueabihf-gcc -E
configure:8681: arm-unknown-linux-gnueabihf-gcc -E -I/home/dev/Desktop/ClaraColour/python/crosstoolsng/zlib-armhf-install/include -I/home/dev/Desktop/ClaraColour/python/crosstoolsng/zstd-armhf-install/include conftest.c
configure:8681: $? = 0
configure:8695: arm-unknown-linux-gnueabihf-gcc -E -I/home/dev/Desktop/ClaraColour/python/crosstoolsng/zlib-armhf-install/include -I/home/dev/Desktop/ClaraColour/python/crosstoolsng/zstd-armhf-install/include conftest.c
conftest.c:11:10: fatal error: ac_nonexistent.h: No such file or directory
   11 | #include <ac_nonexistent.h>
      |          ^~~~~~~~~~~~~~~~~~
compilation terminated.
configure:8695: $? = 1
configure: failed program was:
| /* confdefs.h */
| #define PACKAGE_NAME "LibTIFF Software"
| #define PACKAGE_TARNAME "tiff"
| #define PACKAGE_VERSION "4.7.0"
| #define PACKAGE_STRING "LibTIFF Software 4.7.0"
| #define PACKAGE_BUGREPORT "tiff@lists.osgeo.org"
| #define PACKAGE_URL ""
| #define PACKAGE "tiff"
| #define VERSION "4.7.0"
| /* end confdefs.h.  */
| #include <ac_nonexistent.h>
configure:8724: checking for ANSI C header files
configure:8744: arm-unknown-linux-gnueabihf-gcc -c -g -O2 -Wall -W -I/home/dev/Desktop/ClaraColour/python/crosstoolsng/zlib-armhf-install/include -I/home/dev/Desktop/ClaraColour/python/crosstoolsng/zstd-armhf-install/include conftest.c >&5
configure:8744: $? = 0
configure:8828: result: yes
configure:8841: checking for sys/types.h
configure:8841: arm-unknown-linux-gnueabihf-gcc -c -g -O2 -Wall -W -I/home/dev/Desktop/ClaraColour/python/crosstoolsng/zlib-armhf-install/include -I/home/dev/Desktop/ClaraColour/python/crosstoolsng/zstd-armhf-install/include conftest.c >&5
configure:8841: $? = 0
configure:8841: result: yes
configure:8841: checking for sys/stat.h
configure:8841: arm-unknown-linux-gnueabihf-gcc -c -g -O2 -Wall -W -I/home/dev/Desktop/ClaraColour/python/crosstoolsng/zlib-armhf-install/include -I/home/dev/Desktop/ClaraColour/python/crosstoolsng/zstd-armhf-install/include conftest.c >&5
configure:8841: $? = 0
configure:8841: result: yes
configure:8841: checking for stdlib.h
configure:8841: arm-unknown-linux-gnueabihf-gcc -c -g -O2 -Wall -W -I/home/dev/Desktop/ClaraColour/python/crosstoolsng/zlib-armhf-install/include -I/home/dev/Desktop/ClaraColour/python/crosstoolsng/zstd-armhf-install/include conftest.c >&5
configure:8841: $? = 0
configure:8841: result: yes
configure:8841: checking for string.h
configure:8841: arm-unknown-linux-gnueabihf-gcc -c -g -O2 -Wall -W -I/home/dev/Desktop/ClaraColour/python/crosstoolsng/zlib-armhf-install/include -I/home/dev/Desktop/ClaraColour/python/crosstoolsng/zstd-armhf-install/include conftest.c >&5
configure:8841: $? = 0
configure:8841: result: yes
configure:8841: checking for memory.h
configure:8841: arm-unknown-linux-gnueabihf-gcc -c -g -O2 -Wall -W -I/home/dev/Desktop/ClaraColour/python/crosstoolsng/zlib-armhf-install/include -I/home/dev/Desktop/ClaraColour/python/crosstoolsng/zstd-armhf-install/include conftest.c >&5
configure:8841: $? = 0
configure:8841: result: yes
configure:8841: checking for strings.h
configure:8841: arm-unknown-linux-gnueabihf-gcc -c -g -O2 -Wall -W -I/home/dev/Desktop/ClaraColour/python/crosstoolsng/zlib-armhf-install/include -I/home/dev/Desktop/ClaraColour/python/crosstoolsng/zstd-armhf-install/include conftest.c >&5
configure:8841: $? = 0
configure:8841: result: yes
configure:8841: checking for inttypes.h
configure:8841: arm-unknown-linux-gnueabihf-gcc -c -g -O2 -Wall -W -I/home/dev/Desktop/ClaraColour/python/crosstoolsng/zlib-armhf-install/include -I/home/dev/Desktop/ClaraColour/python/crosstoolsng/zstd-armhf-install/include conftest.c >&5
configure:8841: $? = 0
configure:8841: result: yes
configure:8841: checking for stdint.h
configure:8841: arm-unknown-linux-gnueabihf-gcc -c -g -O2 -Wall -W -I/home/dev/Desktop/ClaraColour/python/crosstoolsng/zlib-armhf-install/include -I/home/dev/Desktop/ClaraColour/python/crosstoolsng/zstd-armhf-install/include conftest.c >&5
configure:8841: $? = 0
configure:8841: result: yes
configure:8841: checking for unistd.h
configure:8841: arm-unknown-linux-gnueabihf-gcc -c -g -O2 -Wall -W -I/home/dev/Desktop/ClaraColour/python/crosstoolsng/zlib-armhf-install/include -I/home/dev/Desktop/ClaraColour/python/crosstoolsng/zstd-armhf-install/include conftest.c >&5
configure:8841: $? = 0
configure:8841: result: yes
configure:8855: checking for dlfcn.h
configure:8855: arm-unknown-linux-gnueabihf-gcc -c -g -O2 -Wall -W -I/home/dev/Desktop/ClaraColour/python/crosstoolsng/zlib-armhf-install/include -I/home/dev/Desktop/ClaraColour/python/crosstoolsng/zstd-armhf-install/include conftest.c >&5
configure:8855: $? = 0
configure:8855: result: yes
configure:9409: checking for objdir
configure:9424: result: .libs
configure:9688: checking if arm-unknown-linux-gnueabihf-gcc supports -fno-rtti -fno-exceptions
configure:9706: arm-unknown-linux-gnueabihf-gcc -c -g -O2 -Wall -W -I/home/dev/Desktop/ClaraColour/python/crosstoolsng/zlib-armhf-install/include -I/home/dev/Desktop/ClaraColour/python/crosstoolsng/zstd-armhf-install/include -fno-rtti -fno-exceptions conftest.c >&5
cc1: warning: command line option '-fno-rtti' is valid for C++/D/ObjC++ but not for C
configure:9710: $? = 0
configure:9723: result: no
configure:10087: checking for arm-unknown-linux-gnueabihf-gcc option to produce PIC
configure:10094: result: -fPIC -DPIC
configure:10102: checking if arm-unknown-linux-gnueabihf-gcc PIC flag -fPIC -DPIC works
configure:10120: arm-unknown-linux-gnueabihf-gcc -c -g -O2 -Wall -W -I/home/dev/Desktop/ClaraColour/python/crosstoolsng/zlib-armhf-install/include -I/home/dev/Desktop/ClaraColour/python/crosstoolsng/zstd-armhf-install/include -fPIC -DPIC -DPIC conftest.c >&5
configure:10124: $? = 0
configure:10137: result: yes
configure:10166: checking if arm-unknown-linux-gnueabihf-gcc static flag -static works
configure:10194: result: yes
configure:10209: checking if arm-unknown-linux-gnueabihf-gcc supports -c -o file.o
configure:10230: arm-unknown-linux-gnueabihf-gcc -c -g -O2 -Wall -W -I/home/dev/Desktop/ClaraColour/python/crosstoolsng/zlib-armhf-install/include -I/home/dev/Desktop/ClaraColour/python/crosstoolsng/zstd-armhf-install/include -o out/conftest2.o conftest.c >&5
configure:10234: $? = 0
configure:10256: result: yes
configure:10264: checking if arm-unknown-linux-gnueabihf-gcc supports -c -o file.o
configure:10311: result: yes
configure:10344: checking whether the arm-unknown-linux-gnueabihf-gcc linker (/home/dev/x-tools/arm-unknown-linux-gnueabihf/arm-unknown-linux-gnueabihf/bin/ld) supports shared libraries
configure:11607: result: yes
configure:11644: checking whether -lc should be explicitly linked in
configure:11652: arm-unknown-linux-gnueabihf-gcc -c -g -O2 -Wall -W -I/home/dev/Desktop/ClaraColour/python/crosstoolsng/zlib-armhf-install/include -I/home/dev/Desktop/ClaraColour/python/crosstoolsng/zstd-armhf-install/include conftest.c >&5
configure:11655: $? = 0
configure:11670: arm-unknown-linux-gnueabihf-gcc -shared  -fPIC -DPIC conftest.o  -v -Wl,-soname -Wl,conftest -o conftest 2\>\&1 \| /usr/bin/grep  -lc  \>/dev/null 2\>\&1
configure:11673: $? = 0
configure:11687: result: no
configure:11847: checking dynamic linker characteristics
configure:12428: arm-unknown-linux-gnueabihf-gcc -o conftest -g -O2 -Wall -W -I/home/dev/Desktop/ClaraColour/python/crosstoolsng/zlib-armhf-install/include -I/home/dev/Desktop/ClaraColour/python/crosstoolsng/zstd-armhf-install/include -L/home/dev/Desktop/ClaraColour/python/crosstoolsng/zlib-armhf-install/lib -L/home/dev/Desktop/ClaraColour/python/crosstoolsng/zstd-armhf-install/lib -Wl,-rpath -Wl,/foo conftest.c  >&5
configure:12428: $? = 0
configure:12677: result: GNU/Linux ld.so
configure:12799: checking how to hardcode library paths into programs
configure:12824: result: immediate
configure:13372: checking whether stripping libraries is possible
configure:13377: result: yes
configure:13412: checking if libtool supports shared libraries
configure:13414: result: yes
configure:13417: checking whether to build shared libraries
configure:13442: result: yes
configure:13445: checking whether to build static libraries
configure:13449: result: no
configure:13598: checking for C++ compiler version
configure:13607: arm-unknown-linux-gnueabihf-g++ --version >&5
arm-unknown-linux-gnueabihf-g++ (crosstool-NG 1.29.0.3_2e5d0b8) 9.5.0
Copyright (C) 2019 Free Software Foundation, Inc.
This is free software; see the source for copying conditions.  There is NO
warranty; not even for MERCHANTABILITY or FITNESS FOR A PARTICULAR PURPOSE.

configure:13618: $? = 0
configure:13607: arm-unknown-linux-gnueabihf-g++ -v >&5
Using built-in specs.
COLLECT_GCC=arm-unknown-linux-gnueabihf-g++
COLLECT_LTO_WRAPPER=/home/dev/x-tools/arm-unknown-linux-gnueabihf/libexec/gcc/arm-unknown-linux-gnueabihf/9.5.0/lto-wrapper
Target: arm-unknown-linux-gnueabihf
Configured with: /home/dev/Desktop/ClaraColour/python/crosstoolsng/crosstool-ng/.build/arm-unknown-linux-gnueabihf/src/gcc/configure --build=x86_64-build_pc-linux-gnu --host=x86_64-build_pc-linux-gnu --target=arm-unknown-linux-gnueabihf --prefix=/home/dev/x-tools/arm-unknown-linux-gnueabihf --exec_prefix=/home/dev/x-tools/arm-unknown-linux-gnueabihf --with-sysroot=/home/dev/x-tools/arm-unknown-linux-gnueabihf/arm-unknown-linux-gnueabihf/sysroot --enable-languages=c,c++ --with-arch=armv7-a --with-tune=cortex-a53 --with-fpu=neon-vfpv4 --with-float=hard --with-pkgversion='crosstool-NG 1.29.0.3_2e5d0b8' --enable-__cxa_atexit --disable-tm-clone-registry --disable-libmudflap --disable-libgomp --disable-libssp --disable-libquadmath --disable-libquadmath-support --disable-libsanitizer --disable-libmpx --with-gmp=/home/dev/Desktop/ClaraColour/python/crosstoolsng/crosstool-ng/.build/arm-unknown-linux-gnueabihf/buildtools --with-mpfr=/home/dev/Desktop/ClaraColour/python/crosstoolsng/crosstool-ng/.build/arm-unknown-linux-gnueabihf/buildtools --with-mpc=/home/dev/Desktop/ClaraColour/python/crosstoolsng/crosstool-ng/.build/arm-unknown-linux-gnueabihf/buildtools --with-isl=/home/dev/Desktop/ClaraColour/python/crosstoolsng/crosstool-ng/.build/arm-unknown-linux-gnueabihf/buildtools --enable-lto --without-zstd --enable-threads=posix --enable-target-optspace --disable-plugin --disable-nls --disable-multilib --with-local-prefix=/home/dev/x-tools/arm-unknown-linux-gnueabihf/arm-unknown-linux-gnueabihf/sysroot --enable-long-long
Thread model: posix
gcc version 9.5.0 (crosstool-NG 1.29.0.3_2e5d0b8) 
configure:13618: $? = 0
configure:13607: arm-unknown-linux-gnueabihf-g++ -V >&5
arm-unknown-linux-gnueabihf-g++: error: unrecognized command line option '-V'
arm-unknown-linux-gnueabihf-g++: fatal error: no input files
compilation terminated.
configure:13618: $? = 1
configure:13607: arm-unknown-linux-gnueabihf-g++ -qversion >&5
arm-unknown-linux-gnueabihf-g++: error: unrecognized command line option '-qversion'; did you mean '--version'?
arm-unknown-linux-gnueabihf-g++: fatal error: no input files
compilation terminated.
configure:13618: $? = 1
configure:13622: checking whether we are using the GNU C++ compiler
configure:13641: arm-unknown-linux-gnueabihf-g++ -c  -I/home/dev/Desktop/ClaraColour/python/crosstoolsng/zlib-armhf-install/include -I/home/dev/Desktop/ClaraColour/python/crosstoolsng/zstd-armhf-install/include conftest.cpp >&5
configure:13641: $? = 0
configure:13650: result: yes
configure:13659: checking whether arm-unknown-linux-gnueabihf-g++ accepts -g
configure:13679: arm-unknown-linux-gnueabihf-g++ -c -g -I/home/dev/Desktop/ClaraColour/python/crosstoolsng/zlib-armhf-install/include -I/home/dev/Desktop/ClaraColour/python/crosstoolsng/zstd-armhf-install/include conftest.cpp >&5
configure:13679: $? = 0
configure:13720: result: yes
configure:13745: checking dependency style of arm-unknown-linux-gnueabihf-g++
configure:13856: result: gcc3
configure:13890: checking how to run the C++ preprocessor
configure:13917: arm-unknown-linux-gnueabihf-g++ -E -I/home/dev/Desktop/ClaraColour/python/crosstoolsng/zlib-armhf-install/include -I/home/dev/Desktop/ClaraColour/python/crosstoolsng/zstd-armhf-install/include conftest.cpp
configure:13917: $? = 0
configure:13931: arm-unknown-linux-gnueabihf-g++ -E -I/home/dev/Desktop/ClaraColour/python/crosstoolsng/zlib-armhf-install/include -I/home/dev/Desktop/ClaraColour/python/crosstoolsng/zstd-armhf-install/include conftest.cpp
conftest.cpp:23:10: fatal error: ac_nonexistent.h: No such file or directory
   23 | #include <ac_nonexistent.h>
      |          ^~~~~~~~~~~~~~~~~~
compilation terminated.
configure:13931: $? = 1
configure: failed program was:
| /* confdefs.h */
| #define PACKAGE_NAME "LibTIFF Software"
| #define PACKAGE_TARNAME "tiff"
| #define PACKAGE_VERSION "4.7.0"
| #define PACKAGE_STRING "LibTIFF Software 4.7.0"
| #define PACKAGE_BUGREPORT "tiff@lists.osgeo.org"
| #define PACKAGE_URL ""
| #define PACKAGE "tiff"
| #define VERSION "4.7.0"
| #define STDC_HEADERS 1
| #define HAVE_SYS_TYPES_H 1
| #define HAVE_SYS_STAT_H 1
| #define HAVE_STDLIB_H 1
| #define HAVE_STRING_H 1
| #define HAVE_MEMORY_H 1
| #define HAVE_STRINGS_H 1
| #define HAVE_INTTYPES_H 1
| #define HAVE_STDINT_H 1
| #define HAVE_UNISTD_H 1
| #define HAVE_DLFCN_H 1
| #define LT_OBJDIR ".libs/"
| /* end confdefs.h.  */
| #include <ac_nonexistent.h>
configure:13956: result: arm-unknown-linux-gnueabihf-g++ -E
configure:13976: arm-unknown-linux-gnueabihf-g++ -E -I/home/dev/Desktop/ClaraColour/python/crosstoolsng/zlib-armhf-install/include -I/home/dev/Desktop/ClaraColour/python/crosstoolsng/zstd-armhf-install/include conftest.cpp
configure:13976: $? = 0
configure:13990: arm-unknown-linux-gnueabihf-g++ -E -I/home/dev/Desktop/ClaraColour/python/crosstoolsng/zlib-armhf-install/include -I/home/dev/Desktop/ClaraColour/python/crosstoolsng/zstd-armhf-install/include conftest.cpp
conftest.cpp:23:10: fatal error: ac_nonexistent.h: No such file or directory
   23 | #include <ac_nonexistent.h>
      |          ^~~~~~~~~~~~~~~~~~
compilation terminated.
configure:13990: $? = 1
configure: failed program was:
| /* confdefs.h */
| #define PACKAGE_NAME "LibTIFF Software"
| #define PACKAGE_TARNAME "tiff"
| #define PACKAGE_VERSION "4.7.0"
| #define PACKAGE_STRING "LibTIFF Software 4.7.0"
| #define PACKAGE_BUGREPORT "tiff@lists.osgeo.org"
| #define PACKAGE_URL ""
| #define PACKAGE "tiff"
| #define VERSION "4.7.0"
| #define STDC_HEADERS 1
| #define HAVE_SYS_TYPES_H 1
| #define HAVE_SYS_STAT_H 1
| #define HAVE_STDLIB_H 1
| #define HAVE_STRING_H 1
| #define HAVE_MEMORY_H 1
| #define HAVE_STRINGS_H 1
| #define HAVE_INTTYPES_H 1
| #define HAVE_STDINT_H 1
| #define HAVE_UNISTD_H 1
| #define HAVE_DLFCN_H 1
| #define LT_OBJDIR ".libs/"
| /* end confdefs.h.  */
| #include <ac_nonexistent.h>
configure:14152: checking for ld used by arm-unknown-linux-gnueabihf-g++
configure:14219: result: /home/dev/x-tools/arm-unknown-linux-gnueabihf/arm-unknown-linux-gnueabihf/bin/ld
configure:14226: checking if the linker (/home/dev/x-tools/arm-unknown-linux-gnueabihf/arm-unknown-linux-gnueabihf/bin/ld) is GNU ld
configure:14241: result: yes
configure:14296: checking whether the arm-unknown-linux-gnueabihf-g++ linker (/home/dev/x-tools/arm-unknown-linux-gnueabihf/arm-unknown-linux-gnueabihf/bin/ld) supports shared libraries
configure:15369: result: yes
configure:15405: arm-unknown-linux-gnueabihf-g++ -c -g -O2 -I/home/dev/Desktop/ClaraColour/python/crosstoolsng/zlib-armhf-install/include -I/home/dev/Desktop/ClaraColour/python/crosstoolsng/zstd-armhf-install/include conftest.cpp >&5
configure:15408: $? = 0
configure:15889: checking for arm-unknown-linux-gnueabihf-g++ option to produce PIC
configure:15896: result: -fPIC -DPIC
configure:15904: checking if arm-unknown-linux-gnueabihf-g++ PIC flag -fPIC -DPIC works
configure:15922: arm-unknown-linux-gnueabihf-g++ -c -g -O2 -I/home/dev/Desktop/ClaraColour/python/crosstoolsng/zlib-armhf-install/include -I/home/dev/Desktop/ClaraColour/python/crosstoolsng/zstd-armhf-install/include -fPIC -DPIC -DPIC conftest.cpp >&5
configure:15926: $? = 0
configure:15939: result: yes
configure:15962: checking if arm-unknown-linux-gnueabihf-g++ static flag -static works
configure:15990: result: yes
configure:16002: checking if arm-unknown-linux-gnueabihf-g++ supports -c -o file.o
configure:16023: arm-unknown-linux-gnueabihf-g++ -c -g -O2 -I/home/dev/Desktop/ClaraColour/python/crosstoolsng/zlib-armhf-install/include -I/home/dev/Desktop/ClaraColour/python/crosstoolsng/zstd-armhf-install/include -o out/conftest2.o conftest.cpp >&5
configure:16027: $? = 0
configure:16049: result: yes
configure:16054: checking if arm-unknown-linux-gnueabihf-g++ supports -c -o file.o
configure:16101: result: yes
configure:16131: checking whether the arm-unknown-linux-gnueabihf-g++ linker (/home/dev/x-tools/arm-unknown-linux-gnueabihf/arm-unknown-linux-gnueabihf/bin/ld) supports shared libraries
configure:16174: result: yes
configure:16315: checking dynamic linker characteristics
configure:17072: result: GNU/Linux ld.so
configure:17137: checking how to hardcode library paths into programs
configure:17162: result: immediate
configure:17215: checking whether make supports nested variables
configure:17232: result: yes
configure:17267: checking for sin in -lm
configure:17292: arm-unknown-linux-gnueabihf-gcc -o conftest -g -O2 -Wall -W  -I/home/dev/Desktop/ClaraColour/python/crosstoolsng/zlib-armhf-install/include -I/home/dev/Desktop/ClaraColour/python/crosstoolsng/zstd-armhf-install/include -L/home/dev/Desktop/ClaraColour/python/crosstoolsng/zlib-armhf-install/lib -L/home/dev/Desktop/ClaraColour/python/crosstoolsng/zstd-armhf-install/lib conftest.c -lm   >&5
conftest.c:30:6: warning: conflicting types for built-in function 'sin'; expected 'double(double)' [-Wbuiltin-declaration-mismatch]
   30 | char sin ();
      |      ^~~
conftest.c:1:1: note: 'sin' is declared in header '<math.h>'
    1 | /* confdefs.h */
configure:17292: $? = 0
configure:17301: result: yes
configure:17319: checking assert.h usability
configure:17319: arm-unknown-linux-gnueabihf-gcc -c -g -O2 -Wall -W  -I/home/dev/Desktop/ClaraColour/python/crosstoolsng/zlib-armhf-install/include -I/home/dev/Desktop/ClaraColour/python/crosstoolsng/zstd-armhf-install/include conftest.c >&5
configure:17319: $? = 0
configure:17319: result: yes
configure:17319: checking assert.h presence
configure:17319: arm-unknown-linux-gnueabihf-gcc -E -I/home/dev/Desktop/ClaraColour/python/crosstoolsng/zlib-armhf-install/include -I/home/dev/Desktop/ClaraColour/python/crosstoolsng/zstd-armhf-install/include conftest.c
configure:17319: $? = 0
configure:17319: result: yes
configure:17319: checking for assert.h
configure:17319: result: yes
configure:17319: checking fcntl.h usability
configure:17319: arm-unknown-linux-gnueabihf-gcc -c -g -O2 -Wall -W  -I/home/dev/Desktop/ClaraColour/python/crosstoolsng/zlib-armhf-install/include -I/home/dev/Desktop/ClaraColour/python/crosstoolsng/zstd-armhf-install/include conftest.c >&5
configure:17319: $? = 0
configure:17319: result: yes
configure:17319: checking fcntl.h presence
configure:17319: arm-unknown-linux-gnueabihf-gcc -E -I/home/dev/Desktop/ClaraColour/python/crosstoolsng/zlib-armhf-install/include -I/home/dev/Desktop/ClaraColour/python/crosstoolsng/zstd-armhf-install/include conftest.c
configure:17319: $? = 0
configure:17319: result: yes
configure:17319: checking for fcntl.h
configure:17319: result: yes
configure:17319: checking io.h usability
configure:17319: arm-unknown-linux-gnueabihf-gcc -c -g -O2 -Wall -W  -I/home/dev/Desktop/ClaraColour/python/crosstoolsng/zlib-armhf-install/include -I/home/dev/Desktop/ClaraColour/python/crosstoolsng/zstd-armhf-install/include conftest.c >&5
conftest.c:58:10: fatal error: io.h: No such file or directory
   58 | #include <io.h>
      |          ^~~~~~
compilation terminated.
configure:17319: $? = 1
configure: failed program was:
| /* confdefs.h */
| #define PACKAGE_NAME "LibTIFF Software"
| #define PACKAGE_TARNAME "tiff"
| #define PACKAGE_VERSION "4.7.0"
| #define PACKAGE_STRING "LibTIFF Software 4.7.0"
| #define PACKAGE_BUGREPORT "tiff@lists.osgeo.org"
| #define PACKAGE_URL ""
| #define PACKAGE "tiff"
| #define VERSION "4.7.0"
| #define STDC_HEADERS 1
| #define HAVE_SYS_TYPES_H 1
| #define HAVE_SYS_STAT_H 1
| #define HAVE_STDLIB_H 1
| #define HAVE_STRING_H 1
| #define HAVE_MEMORY_H 1
| #define HAVE_STRINGS_H 1
| #define HAVE_INTTYPES_H 1
| #define HAVE_STDINT_H 1
| #define HAVE_UNISTD_H 1
| #define HAVE_DLFCN_H 1
| #define LT_OBJDIR ".libs/"
| #define HAVE_ASSERT_H 1
| #define HAVE_FCNTL_H 1
| /* end confdefs.h.  */
| #include <stdio.h>
| #ifdef HAVE_SYS_TYPES_H
| # include <sys/types.h>
| #endif
| #ifdef HAVE_SYS_STAT_H
| # include <sys/stat.h>
| #endif
| #ifdef STDC_HEADERS
| # include <stdlib.h>
| # include <stddef.h>
| #else
| # ifdef HAVE_STDLIB_H
| #  include <stdlib.h>
| # endif
| #endif
| #ifdef HAVE_STRING_H
| # if !defined STDC_HEADERS && defined HAVE_MEMORY_H
| #  include <memory.h>
| # endif
| # include <string.h>
| #endif
| #ifdef HAVE_STRINGS_H
| # include <strings.h>
| #endif
| #ifdef HAVE_INTTYPES_H
| # include <inttypes.h>
| #endif
| #ifdef HAVE_STDINT_H
| # include <stdint.h>
| #endif
| #ifdef HAVE_UNISTD_H
| # include <unistd.h>
| #endif
| #include <io.h>
configure:17319: result: no
configure:17319: checking io.h presence
configure:17319: arm-unknown-linux-gnueabihf-gcc -E -I/home/dev/Desktop/ClaraColour/python/crosstoolsng/zlib-armhf-install/include -I/home/dev/Desktop/ClaraColour/python/crosstoolsng/zstd-armhf-install/include conftest.c
conftest.c:25:10: fatal error: io.h: No such file or directory
   25 | #include <io.h>
      |          ^~~~~~
compilation terminated.
configure:17319: $? = 1
configure: failed program was:
| /* confdefs.h */
| #define PACKAGE_NAME "LibTIFF Software"
| #define PACKAGE_TARNAME "tiff"
| #define PACKAGE_VERSION "4.7.0"
| #define PACKAGE_STRING "LibTIFF Software 4.7.0"
| #define PACKAGE_BUGREPORT "tiff@lists.osgeo.org"
| #define PACKAGE_URL ""
| #define PACKAGE "tiff"
| #define VERSION "4.7.0"
| #define STDC_HEADERS 1
| #define HAVE_SYS_TYPES_H 1
| #define HAVE_SYS_STAT_H 1
| #define HAVE_STDLIB_H 1
| #define HAVE_STRING_H 1
| #define HAVE_MEMORY_H 1
| #define HAVE_STRINGS_H 1
| #define HAVE_INTTYPES_H 1
| #define HAVE_STDINT_H 1
| #define HAVE_UNISTD_H 1
| #define HAVE_DLFCN_H 1
| #define LT_OBJDIR ".libs/"
| #define HAVE_ASSERT_H 1
| #define HAVE_FCNTL_H 1
| /* end confdefs.h.  */
| #include <io.h>
configure:17319: result: no
configure:17319: checking for io.h
configure:17319: result: no
configure:17319: checking search.h usability
configure:17319: arm-unknown-linux-gnueabihf-gcc -c -g -O2 -Wall -W  -I/home/dev/Desktop/ClaraColour/python/crosstoolsng/zlib-armhf-install/include -I/home/dev/Desktop/ClaraColour/python/crosstoolsng/zstd-armhf-install/include conftest.c >&5
configure:17319: $? = 0
configure:17319: result: yes
configure:17319: checking search.h presence
configure:17319: arm-unknown-linux-gnueabihf-gcc -E -I/home/dev/Desktop/ClaraColour/python/crosstoolsng/zlib-armhf-install/include -I/home/dev/Desktop/ClaraColour/python/crosstoolsng/zstd-armhf-install/include conftest.c
configure:17319: $? = 0
configure:17319: result: yes
configure:17319: checking for search.h
configure:17319: result: yes
configure:17319: checking for unistd.h
configure:17319: result: yes
configure:17330: checking for an ANSI C-conforming const
configure:17396: arm-unknown-linux-gnueabihf-gcc -c -g -O2 -Wall -W  -I/home/dev/Desktop/ClaraColour/python/crosstoolsng/zlib-armhf-install/include -I/home/dev/Desktop/ClaraColour/python/crosstoolsng/zstd-armhf-install/include conftest.c >&5
configure:17396: $? = 0
configure:17403: result: yes
configure:17411: checking whether byte ordering is bigendian
configure:17426: arm-unknown-linux-gnueabihf-gcc -c -g -O2 -Wall -W  -I/home/dev/Desktop/ClaraColour/python/crosstoolsng/zlib-armhf-install/include -I/home/dev/Desktop/ClaraColour/python/crosstoolsng/zstd-armhf-install/include conftest.c >&5
conftest.c:28:9: error: unknown type name 'not'
   28 |         not a universal capable compiler
      |         ^~~
conftest.c:28:15: error: expected '=', ',', ';', 'asm' or '__attribute__' before 'universal'
   28 |         not a universal capable compiler
      |               ^~~~~~~~~
conftest.c:28:15: error: unknown type name 'universal'
configure:17426: $? = 1
configure: failed program was:
| /* confdefs.h */
| #define PACKAGE_NAME "LibTIFF Software"
| #define PACKAGE_TARNAME "tiff"
| #define PACKAGE_VERSION "4.7.0"
| #define PACKAGE_STRING "LibTIFF Software 4.7.0"
| #define PACKAGE_BUGREPORT "tiff@lists.osgeo.org"
| #define PACKAGE_URL ""
| #define PACKAGE "tiff"
| #define VERSION "4.7.0"
| #define STDC_HEADERS 1
| #define HAVE_SYS_TYPES_H 1
| #define HAVE_SYS_STAT_H 1
| #define HAVE_STDLIB_H 1
| #define HAVE_STRING_H 1
| #define HAVE_MEMORY_H 1
| #define HAVE_STRINGS_H 1
| #define HAVE_INTTYPES_H 1
| #define HAVE_STDINT_H 1
| #define HAVE_UNISTD_H 1
| #define HAVE_DLFCN_H 1
| #define LT_OBJDIR ".libs/"
| #define HAVE_ASSERT_H 1
| #define HAVE_FCNTL_H 1
| #define HAVE_SEARCH_H 1
| #define HAVE_UNISTD_H 1
| /* end confdefs.h.  */
| #ifndef __APPLE_CC__
| 	       not a universal capable compiler
| 	     #endif
| 	     typedef int dummy;
| 
configure:17471: arm-unknown-linux-gnueabihf-gcc -c -g -O2 -Wall -W  -I/home/dev/Desktop/ClaraColour/python/crosstoolsng/zlib-armhf-install/include -I/home/dev/Desktop/ClaraColour/python/crosstoolsng/zstd-armhf-install/include conftest.c >&5
configure:17471: $? = 0
configure:17489: arm-unknown-linux-gnueabihf-gcc -c -g -O2 -Wall -W  -I/home/dev/Desktop/ClaraColour/python/crosstoolsng/zlib-armhf-install/include -I/home/dev/Desktop/ClaraColour/python/crosstoolsng/zstd-armhf-install/include conftest.c >&5
conftest.c: In function 'main':
conftest.c:34:4: error: unknown type name 'not'; did you mean 'ino_t'?
   34 |    not big endian
      |    ^~~
      |    ino_t
conftest.c:34:12: error: expected '=', ',', ';', 'asm' or '__attribute__' before 'endian'
   34 |    not big endian
      |            ^~~~~~
configure:17489: $? = 1
configure: failed program was:
| /* confdefs.h */
| #define PACKAGE_NAME "LibTIFF Software"
| #define PACKAGE_TARNAME "tiff"
| #define PACKAGE_VERSION "4.7.0"
| #define PACKAGE_STRING "LibTIFF Software 4.7.0"
| #define PACKAGE_BUGREPORT "tiff@lists.osgeo.org"
| #define PACKAGE_URL ""
| #define PACKAGE "tiff"
| #define VERSION "4.7.0"
| #define STDC_HEADERS 1
| #define HAVE_SYS_TYPES_H 1
| #define HAVE_SYS_STAT_H 1
| #define HAVE_STDLIB_H 1
| #define HAVE_STRING_H 1
| #define HAVE_MEMORY_H 1
| #define HAVE_STRINGS_H 1
| #define HAVE_INTTYPES_H 1
| #define HAVE_STDINT_H 1
| #define HAVE_UNISTD_H 1
| #define HAVE_DLFCN_H 1
| #define LT_OBJDIR ".libs/"
| #define HAVE_ASSERT_H 1
| #define HAVE_FCNTL_H 1
| #define HAVE_SEARCH_H 1
| #define HAVE_UNISTD_H 1
| /* end confdefs.h.  */
| #include <sys/types.h>
| 		#include <sys/param.h>
| 
| int
| main ()
| {
| #if BYTE_ORDER != BIG_ENDIAN
| 		 not big endian
| 		#endif
| 
|   ;
|   return 0;
| }
configure:17617: result: no
configure:17635: checking for off_t
configure:17635: arm-unknown-linux-gnueabihf-gcc -c -g -O2 -Wall -W  -I/home/dev/Desktop/ClaraColour/python/crosstoolsng/zlib-armhf-install/include -I/home/dev/Desktop/ClaraColour/python/crosstoolsng/zstd-armhf-install/include conftest.c >&5
configure:17635: $? = 0
configure:17635: arm-unknown-linux-gnueabihf-gcc -c -g -O2 -Wall -W  -I/home/dev/Desktop/ClaraColour/python/crosstoolsng/zlib-armhf-install/include -I/home/dev/Desktop/ClaraColour/python/crosstoolsng/zstd-armhf-install/include conftest.c >&5
conftest.c: In function 'main':
conftest.c:63:20: error: expected expression before ')' token
   63 | if (sizeof ((off_t)))
      |                    ^
configure:17635: $? = 1
configure: failed program was:
| /* confdefs.h */
| #define PACKAGE_NAME "LibTIFF Software"
| #define PACKAGE_TARNAME "tiff"
| #define PACKAGE_VERSION "4.7.0"
| #define PACKAGE_STRING "LibTIFF Software 4.7.0"
| #define PACKAGE_BUGREPORT "tiff@lists.osgeo.org"
| #define PACKAGE_URL ""
| #define PACKAGE "tiff"
| #define VERSION "4.7.0"
| #define STDC_HEADERS 1
| #define HAVE_SYS_TYPES_H 1
| #define HAVE_SYS_STAT_H 1
| #define HAVE_STDLIB_H 1
| #define HAVE_STRING_H 1
| #define HAVE_MEMORY_H 1
| #define HAVE_STRINGS_H 1
| #define HAVE_INTTYPES_H 1
| #define HAVE_STDINT_H 1
| #define HAVE_UNISTD_H 1
| #define HAVE_DLFCN_H 1
| #define LT_OBJDIR ".libs/"
| #define HAVE_ASSERT_H 1
| #define HAVE_FCNTL_H 1
| #define HAVE_SEARCH_H 1
| #define HAVE_UNISTD_H 1
| /* end confdefs.h.  */
| #include <stdio.h>
| #ifdef HAVE_SYS_TYPES_H
| # include <sys/types.h>
| #endif
| #ifdef HAVE_SYS_STAT_H
| # include <sys/stat.h>
| #endif
| #ifdef STDC_HEADERS
| # include <stdlib.h>
| # include <stddef.h>
| #else
| # ifdef HAVE_STDLIB_H
| #  include <stdlib.h>
| # endif
| #endif
| #ifdef HAVE_STRING_H
| # if !defined STDC_HEADERS && defined HAVE_MEMORY_H
| #  include <memory.h>
| # endif
| # include <string.h>
| #endif
| #ifdef HAVE_STRINGS_H
| # include <strings.h>
| #endif
| #ifdef HAVE_INTTYPES_H
| # include <inttypes.h>
| #endif
| #ifdef HAVE_STDINT_H
| # include <stdint.h>
| #endif
| #ifdef HAVE_UNISTD_H
| # include <unistd.h>
| #endif
| int
| main ()
| {
| if (sizeof ((off_t)))
| 	    return 0;
|   ;
|   return 0;
| }
configure:17635: result: yes
configure:17646: checking for size_t
configure:17646: arm-unknown-linux-gnueabihf-gcc -c -g -O2 -Wall -W  -I/home/dev/Desktop/ClaraColour/python/crosstoolsng/zlib-armhf-install/include -I/home/dev/Desktop/ClaraColour/python/crosstoolsng/zstd-armhf-install/include conftest.c >&5
configure:17646: $? = 0
configure:17646: arm-unknown-linux-gnueabihf-gcc -c -g -O2 -Wall -W  -I/home/dev/Desktop/ClaraColour/python/crosstoolsng/zlib-armhf-install/include -I/home/dev/Desktop/ClaraColour/python/crosstoolsng/zstd-armhf-install/include conftest.c >&5
conftest.c: In function 'main':
conftest.c:63:21: error: expected expression before ')' token
   63 | if (sizeof ((size_t)))
      |                     ^
configure:17646: $? = 1
configure: failed program was:
| /* confdefs.h */
| #define PACKAGE_NAME "LibTIFF Software"
| #define PACKAGE_TARNAME "tiff"
| #define PACKAGE_VERSION "4.7.0"
| #define PACKAGE_STRING "LibTIFF Software 4.7.0"
| #define PACKAGE_BUGREPORT "tiff@lists.osgeo.org"
| #define PACKAGE_URL ""
| #define PACKAGE "tiff"
| #define VERSION "4.7.0"
| #define STDC_HEADERS 1
| #define HAVE_SYS_TYPES_H 1
| #define HAVE_SYS_STAT_H 1
| #define HAVE_STDLIB_H 1
| #define HAVE_STRING_H 1
| #define HAVE_MEMORY_H 1
| #define HAVE_STRINGS_H 1
| #define HAVE_INTTYPES_H 1
| #define HAVE_STDINT_H 1
| #define HAVE_UNISTD_H 1
| #define HAVE_DLFCN_H 1
| #define LT_OBJDIR ".libs/"
| #define HAVE_ASSERT_H 1
| #define HAVE_FCNTL_H 1
| #define HAVE_SEARCH_H 1
| #define HAVE_UNISTD_H 1
| /* end confdefs.h.  */
| #include <stdio.h>
| #ifdef HAVE_SYS_TYPES_H
| # include <sys/types.h>
| #endif
| #ifdef HAVE_SYS_STAT_H
| # include <sys/stat.h>
| #endif
| #ifdef STDC_HEADERS
| # include <stdlib.h>
| # include <stddef.h>
| #else
| # ifdef HAVE_STDLIB_H
| #  include <stdlib.h>
| # endif
| #endif
| #ifdef HAVE_STRING_H
| # if !defined STDC_HEADERS && defined HAVE_MEMORY_H
| #  include <memory.h>
| # endif
| # include <string.h>
| #endif
| #ifdef HAVE_STRINGS_H
| # include <strings.h>
| #endif
| #ifdef HAVE_INTTYPES_H
| # include <inttypes.h>
| #endif
| #ifdef HAVE_STDINT_H
| # include <stdint.h>
| #endif
| #ifdef HAVE_UNISTD_H
| # include <unistd.h>
| #endif
| int
| main ()
| {
| if (sizeof ((size_t)))
| 	    return 0;
|   ;
|   return 0;
| }
configure:17646: result: yes
configure:17657: checking whether time.h and sys/time.h may both be included
configure:17677: arm-unknown-linux-gnueabihf-gcc -c -g -O2 -Wall -W  -I/home/dev/Desktop/ClaraColour/python/crosstoolsng/zlib-armhf-install/include -I/home/dev/Desktop/ClaraColour/python/crosstoolsng/zstd-armhf-install/include conftest.c >&5
configure:17677: $? = 0
configure:17684: result: yes
configure:17692: checking whether struct tm is in sys/time.h or time.h
configure:17712: arm-unknown-linux-gnueabihf-gcc -c -g -O2 -Wall -W  -I/home/dev/Desktop/ClaraColour/python/crosstoolsng/zlib-armhf-install/include -I/home/dev/Desktop/ClaraColour/python/crosstoolsng/zstd-armhf-install/include conftest.c >&5
configure:17712: $? = 0
configure:17719: result: time.h
configure:17728: checking for _LARGEFILE_SOURCE value needed for large files
configure:17747: arm-unknown-linux-gnueabihf-gcc -o conftest -g -O2 -Wall -W  -I/home/dev/Desktop/ClaraColour/python/crosstoolsng/zlib-armhf-install/include -I/home/dev/Desktop/ClaraColour/python/crosstoolsng/zstd-armhf-install/include -L/home/dev/Desktop/ClaraColour/python/crosstoolsng/zlib-armhf-install/lib -L/home/dev/Desktop/ClaraColour/python/crosstoolsng/zstd-armhf-install/lib conftest.c -lm  >&5
configure:17747: $? = 0
configure:17775: result: no
configure:17797: checking whether optarg is declared
configure:17797: arm-unknown-linux-gnueabihf-gcc -c -g -O2 -Wall -W  -I/home/dev/Desktop/ClaraColour/python/crosstoolsng/zlib-armhf-install/include -I/home/dev/Desktop/ClaraColour/python/crosstoolsng/zstd-armhf-install/include conftest.c >&5
configure:17797: $? = 0
configure:17797: result: yes
configure:17830: checking size of size_t
configure:17835: arm-unknown-linux-gnueabihf-gcc -c -g -O2 -Wall -W  -I/home/dev/Desktop/ClaraColour/python/crosstoolsng/zlib-armhf-install/include -I/home/dev/Desktop/ClaraColour/python/crosstoolsng/zstd-armhf-install/include conftest.c >&5
configure:17835: $? = 0
configure:17835: arm-unknown-linux-gnueabihf-gcc -c -g -O2 -Wall -W  -I/home/dev/Desktop/ClaraColour/python/crosstoolsng/zlib-armhf-install/include -I/home/dev/Desktop/ClaraColour/python/crosstoolsng/zstd-armhf-install/include conftest.c >&5
conftest.c: In function 'main':
conftest.c:66:12: error: size of array 'test_array' is negative
   66 | static int test_array [1 - 2 * !(((long int) (sizeof (size_t))) <= 0)];
      |            ^~~~~~~~~~
configure:17835: $? = 1
configure: failed program was:
| /* confdefs.h */
| #define PACKAGE_NAME "LibTIFF Software"
| #define PACKAGE_TARNAME "tiff"
| #define PACKAGE_VERSION "4.7.0"
| #define PACKAGE_STRING "LibTIFF Software 4.7.0"
| #define PACKAGE_BUGREPORT "tiff@lists.osgeo.org"
| #define PACKAGE_URL ""
| #define PACKAGE "tiff"
| #define VERSION "4.7.0"
| #define STDC_HEADERS 1
| #define HAVE_SYS_TYPES_H 1
| #define HAVE_SYS_STAT_H 1
| #define HAVE_STDLIB_H 1
| #define HAVE_STRING_H 1
| #define HAVE_MEMORY_H 1
| #define HAVE_STRINGS_H 1
| #define HAVE_INTTYPES_H 1
| #define HAVE_STDINT_H 1
| #define HAVE_UNISTD_H 1
| #define HAVE_DLFCN_H 1
| #define LT_OBJDIR ".libs/"
| #define HAVE_ASSERT_H 1
| #define HAVE_FCNTL_H 1
| #define HAVE_SEARCH_H 1
| #define HAVE_UNISTD_H 1
| #define TIME_WITH_SYS_TIME 1
| #define HAVE_FSEEKO 1
| #define HAVE_DECL_OPTARG 1
| /* end confdefs.h.  */
| #include <stdio.h>
| #ifdef HAVE_SYS_TYPES_H
| # include <sys/types.h>
| #endif
| #ifdef HAVE_SYS_STAT_H
| # include <sys/stat.h>
| #endif
| #ifdef STDC_HEADERS
| # include <stdlib.h>
| # include <stddef.h>
| #else
| # ifdef HAVE_STDLIB_H
| #  include <stdlib.h>
| # endif
| #endif
| #ifdef HAVE_STRING_H
| # if !defined STDC_HEADERS && defined HAVE_MEMORY_H
| #  include <memory.h>
| # endif
| # include <string.h>
| #endif
| #ifdef HAVE_STRINGS_H
| # include <strings.h>
| #endif
| #ifdef HAVE_INTTYPES_H
| # include <inttypes.h>
| #endif
| #ifdef HAVE_STDINT_H
| # include <stdint.h>
| #endif
| #ifdef HAVE_UNISTD_H
| # include <unistd.h>
| #endif
| int
| main ()
| {
| static int test_array [1 - 2 * !(((long int) (sizeof (size_t))) <= 0)];
| test_array [0] = 0;
| return test_array [0];
| 
|   ;
|   return 0;
| }
configure:17835: arm-unknown-linux-gnueabihf-gcc -c -g -O2 -Wall -W  -I/home/dev/Desktop/ClaraColour/python/crosstoolsng/zlib-armhf-install/include -I/home/dev/Desktop/ClaraColour/python/crosstoolsng/zstd-armhf-install/include conftest.c >&5
conftest.c: In function 'main':
conftest.c:66:12: error: size of array 'test_array' is negative
   66 | static int test_array [1 - 2 * !(((long int) (sizeof (size_t))) <= 1)];
      |            ^~~~~~~~~~
configure:17835: $? = 1
configure: failed program was:
| /* confdefs.h */
| #define PACKAGE_NAME "LibTIFF Software"
| #define PACKAGE_TARNAME "tiff"
| #define PACKAGE_VERSION "4.7.0"
| #define PACKAGE_STRING "LibTIFF Software 4.7.0"
| #define PACKAGE_BUGREPORT "tiff@lists.osgeo.org"
| #define PACKAGE_URL ""
| #define PACKAGE "tiff"
| #define VERSION "4.7.0"
| #define STDC_HEADERS 1
| #define HAVE_SYS_TYPES_H 1
| #define HAVE_SYS_STAT_H 1
| #define HAVE_STDLIB_H 1
| #define HAVE_STRING_H 1
| #define HAVE_MEMORY_H 1
| #define HAVE_STRINGS_H 1
| #define HAVE_INTTYPES_H 1
| #define HAVE_STDINT_H 1
| #define HAVE_UNISTD_H 1
| #define HAVE_DLFCN_H 1
| #define LT_OBJDIR ".libs/"
| #define HAVE_ASSERT_H 1
| #define HAVE_FCNTL_H 1
| #define HAVE_SEARCH_H 1
| #define HAVE_UNISTD_H 1
| #define TIME_WITH_SYS_TIME 1
| #define HAVE_FSEEKO 1
| #define HAVE_DECL_OPTARG 1
| /* end confdefs.h.  */
| #include <stdio.h>
| #ifdef HAVE_SYS_TYPES_H
| # include <sys/types.h>
| #endif
| #ifdef HAVE_SYS_STAT_H
| # include <sys/stat.h>
| #endif
| #ifdef STDC_HEADERS
| # include <stdlib.h>
| # include <stddef.h>
| #else
| # ifdef HAVE_STDLIB_H
| #  include <stdlib.h>
| # endif
| #endif
| #ifdef HAVE_STRING_H
| # if !defined STDC_HEADERS && defined HAVE_MEMORY_H
| #  include <memory.h>
| # endif
| # include <string.h>
| #endif
| #ifdef HAVE_STRINGS_H
| # include <strings.h>
| #endif
| #ifdef HAVE_INTTYPES_H
| # include <inttypes.h>
| #endif
| #ifdef HAVE_STDINT_H
| # include <stdint.h>
| #endif
| #ifdef HAVE_UNISTD_H
| # include <unistd.h>
| #endif
| int
| main ()
| {
| static int test_array [1 - 2 * !(((long int) (sizeof (size_t))) <= 1)];
| test_array [0] = 0;
| return test_array [0];
| 
|   ;
|   return 0;
| }
configure:17835: arm-unknown-linux-gnueabihf-gcc -c -g -O2 -Wall -W  -I/home/dev/Desktop/ClaraColour/python/crosstoolsng/zlib-armhf-install/include -I/home/dev/Desktop/ClaraColour/python/crosstoolsng/zstd-armhf-install/include conftest.c >&5
conftest.c: In function 'main':
conftest.c:66:12: error: size of array 'test_array' is negative
   66 | static int test_array [1 - 2 * !(((long int) (sizeof (size_t))) <= 3)];
      |            ^~~~~~~~~~
configure:17835: $? = 1
configure: failed program was:
| /* confdefs.h */
| #define PACKAGE_NAME "LibTIFF Software"
| #define PACKAGE_TARNAME "tiff"
| #define PACKAGE_VERSION "4.7.0"
| #define PACKAGE_STRING "LibTIFF Software 4.7.0"
| #define PACKAGE_BUGREPORT "tiff@lists.osgeo.org"
| #define PACKAGE_URL ""
| #define PACKAGE "tiff"
| #define VERSION "4.7.0"
| #define STDC_HEADERS 1
| #define HAVE_SYS_TYPES_H 1
| #define HAVE_SYS_STAT_H 1
| #define HAVE_STDLIB_H 1
| #define HAVE_STRING_H 1
| #define HAVE_MEMORY_H 1
| #define HAVE_STRINGS_H 1
| #define HAVE_INTTYPES_H 1
| #define HAVE_STDINT_H 1
| #define HAVE_UNISTD_H 1
| #define HAVE_DLFCN_H 1
| #define LT_OBJDIR ".libs/"
| #define HAVE_ASSERT_H 1
| #define HAVE_FCNTL_H 1
| #define HAVE_SEARCH_H 1
| #define HAVE_UNISTD_H 1
| #define TIME_WITH_SYS_TIME 1
| #define HAVE_FSEEKO 1
| #define HAVE_DECL_OPTARG 1
| /* end confdefs.h.  */
| #include <stdio.h>
| #ifdef HAVE_SYS_TYPES_H
| # include <sys/types.h>
| #endif
| #ifdef HAVE_SYS_STAT_H
| # include <sys/stat.h>
| #endif
| #ifdef STDC_HEADERS
| # include <stdlib.h>
| # include <stddef.h>
| #else
| # ifdef HAVE_STDLIB_H
| #  include <stdlib.h>
| # endif
| #endif
| #ifdef HAVE_STRING_H
| # if !defined STDC_HEADERS && defined HAVE_MEMORY_H
| #  include <memory.h>
| # endif
| # include <string.h>
| #endif
| #ifdef HAVE_STRINGS_H
| # include <strings.h>
| #endif
| #ifdef HAVE_INTTYPES_H
| # include <inttypes.h>
| #endif
| #ifdef HAVE_STDINT_H
| # include <stdint.h>
| #endif
| #ifdef HAVE_UNISTD_H
| # include <unistd.h>
| #endif
| int
| main ()
| {
| static int test_array [1 - 2 * !(((long int) (sizeof (size_t))) <= 3)];
| test_array [0] = 0;
| return test_array [0];
| 
|   ;
|   return 0;
| }
configure:17835: arm-unknown-linux-gnueabihf-gcc -c -g -O2 -Wall -W  -I/home/dev/Desktop/ClaraColour/python/crosstoolsng/zlib-armhf-install/include -I/home/dev/Desktop/ClaraColour/python/crosstoolsng/zstd-armhf-install/include conftest.c >&5
configure:17835: $? = 0
configure:17835: arm-unknown-linux-gnueabihf-gcc -c -g -O2 -Wall -W  -I/home/dev/Desktop/ClaraColour/python/crosstoolsng/zlib-armhf-install/include -I/home/dev/Desktop/ClaraColour/python/crosstoolsng/zstd-armhf-install/include conftest.c >&5
configure:17835: $? = 0
configure:17835: arm-unknown-linux-gnueabihf-gcc -c -g -O2 -Wall -W  -I/home/dev/Desktop/ClaraColour/python/crosstoolsng/zlib-armhf-install/include -I/home/dev/Desktop/ClaraColour/python/crosstoolsng/zstd-armhf-install/include conftest.c >&5
configure:17835: $? = 0
configure:17849: result: 4
configure:17886: checking for signed size type
configure:17888: result: int32_t
configure:17899: checking for mmap
configure:17899: arm-unknown-linux-gnueabihf-gcc -o conftest -g -O2 -Wall -W  -I/home/dev/Desktop/ClaraColour/python/crosstoolsng/zlib-armhf-install/include -I/home/dev/Desktop/ClaraColour/python/crosstoolsng/zstd-armhf-install/include -L/home/dev/Desktop/ClaraColour/python/crosstoolsng/zlib-armhf-install/lib -L/home/dev/Desktop/ClaraColour/python/crosstoolsng/zstd-armhf-install/lib conftest.c -lm  >&5
configure:17899: $? = 0
configure:17899: result: yes
configure:17899: checking for setmode
configure:17899: arm-unknown-linux-gnueabihf-gcc -o conftest -g -O2 -Wall -W  -I/home/dev/Desktop/ClaraColour/python/crosstoolsng/zlib-armhf-install/include -I/home/dev/Desktop/ClaraColour/python/crosstoolsng/zstd-armhf-install/include -L/home/dev/Desktop/ClaraColour/python/crosstoolsng/zlib-armhf-install/lib -L/home/dev/Desktop/ClaraColour/python/crosstoolsng/zstd-armhf-install/lib conftest.c -lm  >&5
/home/dev/x-tools/arm-unknown-linux-gnueabihf/lib/gcc/arm-unknown-linux-gnueabihf/9.5.0/../../../../arm-unknown-linux-gnueabihf/bin/ld: /tmp/ccvdc0wp.o: in function `main':
/home/dev/Desktop/ClaraColour/python/crosstoolsng/tiff-4.7.0/conftest.c:67: undefined reference to `setmode'
collect2: error: ld returned 1 exit status
configure:17899: $? = 1
configure: failed program was:
| /* confdefs.h */
| #define PACKAGE_NAME "LibTIFF Software"
| #define PACKAGE_TARNAME "tiff"
| #define PACKAGE_VERSION "4.7.0"
| #define PACKAGE_STRING "LibTIFF Software 4.7.0"
| #define PACKAGE_BUGREPORT "tiff@lists.osgeo.org"
| #define PACKAGE_URL ""
| #define PACKAGE "tiff"
| #define VERSION "4.7.0"
| #define STDC_HEADERS 1
| #define HAVE_SYS_TYPES_H 1
| #define HAVE_SYS_STAT_H 1
| #define HAVE_STDLIB_H 1
| #define HAVE_STRING_H 1
| #define HAVE_MEMORY_H 1
| #define HAVE_STRINGS_H 1
| #define HAVE_INTTYPES_H 1
| #define HAVE_STDINT_H 1
| #define HAVE_UNISTD_H 1
| #define HAVE_DLFCN_H 1
| #define LT_OBJDIR ".libs/"
| #define HAVE_ASSERT_H 1
| #define HAVE_FCNTL_H 1
| #define HAVE_SEARCH_H 1
| #define HAVE_UNISTD_H 1
| #define TIME_WITH_SYS_TIME 1
| #define HAVE_FSEEKO 1
| #define HAVE_DECL_OPTARG 1
| #define SIZEOF_SIZE_T 4
| #define TIFF_SSIZE_T int32_t
| #define HAVE_MMAP 1
| /* end confdefs.h.  */
| /* Define setmode to an innocuous variant, in case <limits.h> declares setmode.
|    For example, HP-UX 11i <limits.h> declares gettimeofday.  */
| #define setmode innocuous_setmode
| 
| /* System header to define __stub macros and hopefully few prototypes,
|     which can conflict with char setmode (); below.
|     Prefer <limits.h> to <assert.h> if __STDC__ is defined, since
|     <limits.h> exists even on freestanding compilers.  */
| 
| #ifdef __STDC__
| # include <limits.h>
| #else
| # include <assert.h>
| #endif
| 
| #undef setmode
| 
| /* Override any GCC internal prototype to avoid an error.
|    Use char because int might match the return type of a GCC
|    builtin and then its argument prototype would still apply.  */
| #ifdef __cplusplus
| extern "C"
| #endif
| char setmode ();
| /* The GNU C library defines this for functions which it implements
|     to always fail with ENOSYS.  Some functions are actually named
|     something starting with __ and the normal name is an alias.  */
| #if defined __stub_setmode || defined __stub___setmode
| choke me
| #endif
| 
| int
| main ()
| {
| return setmode ();
|   ;
|   return 0;
| }
configure:17899: result: no
configure:17909: checking for getopt
configure:17909: arm-unknown-linux-gnueabihf-gcc -o conftest -g -O2 -Wall -W  -I/home/dev/Desktop/ClaraColour/python/crosstoolsng/zlib-armhf-install/include -I/home/dev/Desktop/ClaraColour/python/crosstoolsng/zstd-armhf-install/include -L/home/dev/Desktop/ClaraColour/python/crosstoolsng/zlib-armhf-install/lib -L/home/dev/Desktop/ClaraColour/python/crosstoolsng/zstd-armhf-install/lib conftest.c -lm  >&5
configure:17909: $? = 0
configure:17909: result: yes
configure:17970: checking for special C compiler options needed for large files
configure:18015: result: no
configure:18021: checking for _FILE_OFFSET_BITS value needed for large files
configure:18046: arm-unknown-linux-gnueabihf-gcc -c -g -O2 -Wall -W  -I/home/dev/Desktop/ClaraColour/python/crosstoolsng/zlib-armhf-install/include -I/home/dev/Desktop/ClaraColour/python/crosstoolsng/zstd-armhf-install/include conftest.c >&5
conftest.c:41:41: warning: left shift of negative value [-Wshift-negative-value]
   41 | #define LARGE_OFF_T ((((off_t) 1 << 31) << 31) - 1 + (((off_t) 1 << 31) << 31))
      |                                         ^~
conftest.c:42:23: note: in expansion of macro 'LARGE_OFF_T'
   42 |   int off_t_is_large[(LARGE_OFF_T % 2147483629 == 721
      |                       ^~~~~~~~~~~
conftest.c:41:41: warning: result of '-2147483648 << 31' requires 63 bits to represent, but 'long int' only has 32 bits [-Wshift-overflow=]
   41 | #define LARGE_OFF_T ((((off_t) 1 << 31) << 31) - 1 + (((off_t) 1 << 31) << 31))
      |                                         ^~
conftest.c:42:23: note: in expansion of macro 'LARGE_OFF_T'
   42 |   int off_t_is_large[(LARGE_OFF_T % 2147483629 == 721
      |                       ^~~~~~~~~~~
conftest.c:41:73: warning: left shift of negative value [-Wshift-negative-value]
   41 | #define LARGE_OFF_T ((((off_t) 1 << 31) << 31) - 1 + (((off_t) 1 << 31) << 31))
      |                                                                         ^~
conftest.c:42:23: note: in expansion of macro 'LARGE_OFF_T'
   42 |   int off_t_is_large[(LARGE_OFF_T % 2147483629 == 721
      |                       ^~~~~~~~~~~
conftest.c:41:73: warning: result of '-2147483648 << 31' requires 63 bits to represent, but 'long int' only has 32 bits [-Wshift-overflow=]
   41 | #define LARGE_OFF_T ((((off_t) 1 << 31) << 31) - 1 + (((off_t) 1 << 31) << 31))
      |                                                                         ^~
conftest.c:42:23: note: in expansion of macro 'LARGE_OFF_T'
   42 |   int off_t_is_large[(LARGE_OFF_T % 2147483629 == 721
      |                       ^~~~~~~~~~~
conftest.c:41:41: warning: left shift of negative value [-Wshift-negative-value]
   41 | #define LARGE_OFF_T ((((off_t) 1 << 31) << 31) - 1 + (((off_t) 1 << 31) << 31))
      |                                         ^~
conftest.c:43:13: note: in expansion of macro 'LARGE_OFF_T'
   43 |          && LARGE_OFF_T % 2147483647 == 1)
      |             ^~~~~~~~~~~
conftest.c:41:41: warning: result of '-2147483648 << 31' requires 63 bits to represent, but 'long int' only has 32 bits [-Wshift-overflow=]
   41 | #define LARGE_OFF_T ((((off_t) 1 << 31) << 31) - 1 + (((off_t) 1 << 31) << 31))
      |                                         ^~
conftest.c:43:13: note: in expansion of macro 'LARGE_OFF_T'
   43 |          && LARGE_OFF_T % 2147483647 == 1)
      |             ^~~~~~~~~~~
conftest.c:41:73: warning: left shift of negative value [-Wshift-negative-value]
   41 | #define LARGE_OFF_T ((((off_t) 1 << 31) << 31) - 1 + (((off_t) 1 << 31) << 31))
      |                                                                         ^~
conftest.c:43:13: note: in expansion of macro 'LARGE_OFF_T'
   43 |          && LARGE_OFF_T % 2147483647 == 1)
      |             ^~~~~~~~~~~
conftest.c:41:73: warning: result of '-2147483648 << 31' requires 63 bits to represent, but 'long int' only has 32 bits [-Wshift-overflow=]
   41 | #define LARGE_OFF_T ((((off_t) 1 << 31) << 31) - 1 + (((off_t) 1 << 31) << 31))
      |                                                                         ^~
conftest.c:43:13: note: in expansion of macro 'LARGE_OFF_T'
   43 |          && LARGE_OFF_T % 2147483647 == 1)
      |             ^~~~~~~~~~~
conftest.c:42:7: error: variably modified 'off_t_is_large' at file scope
   42 |   int off_t_is_large[(LARGE_OFF_T % 2147483629 == 721
      |       ^~~~~~~~~~~~~~
configure:18046: $? = 1
configure: failed program was:
| /* confdefs.h */
| #define PACKAGE_NAME "LibTIFF Software"
| #define PACKAGE_TARNAME "tiff"
| #define PACKAGE_VERSION "4.7.0"
| #define PACKAGE_STRING "LibTIFF Software 4.7.0"
| #define PACKAGE_BUGREPORT "tiff@lists.osgeo.org"
| #define PACKAGE_URL ""
| #define PACKAGE "tiff"
| #define VERSION "4.7.0"
| #define STDC_HEADERS 1
| #define HAVE_SYS_TYPES_H 1
| #define HAVE_SYS_STAT_H 1
| #define HAVE_STDLIB_H 1
| #define HAVE_STRING_H 1
| #define HAVE_MEMORY_H 1
| #define HAVE_STRINGS_H 1
| #define HAVE_INTTYPES_H 1
| #define HAVE_STDINT_H 1
| #define HAVE_UNISTD_H 1
| #define HAVE_DLFCN_H 1
| #define LT_OBJDIR ".libs/"
| #define HAVE_ASSERT_H 1
| #define HAVE_FCNTL_H 1
| #define HAVE_SEARCH_H 1
| #define HAVE_UNISTD_H 1
| #define TIME_WITH_SYS_TIME 1
| #define HAVE_FSEEKO 1
| #define HAVE_DECL_OPTARG 1
| #define SIZEOF_SIZE_T 4
| #define TIFF_SSIZE_T int32_t
| #define HAVE_MMAP 1
| #define HAVE_GETOPT 1
| #define HOST_BIGENDIAN 0
| #define HAVE_IEEEFP 1
| /* end confdefs.h.  */
| #include <sys/types.h>
|  /* Check that off_t can represent 2**63 - 1 correctly.
|     We can't simply define LARGE_OFF_T to be 9223372036854775807,
|     since some C++ compilers masquerading as C compilers
|     incorrectly reject 9223372036854775807.  */
| #define LARGE_OFF_T ((((off_t) 1 << 31) << 31) - 1 + (((off_t) 1 << 31) << 31))
|   int off_t_is_large[(LARGE_OFF_T % 2147483629 == 721
| 		       && LARGE_OFF_T % 2147483647 == 1)
| 		      ? 1 : -1];
| int
| main ()
| {
| 
|   ;
|   return 0;
| }
configure:18070: arm-unknown-linux-gnueabihf-gcc -c -g -O2 -Wall -W  -I/home/dev/Desktop/ClaraColour/python/crosstoolsng/zlib-armhf-install/include -I/home/dev/Desktop/ClaraColour/python/crosstoolsng/zstd-armhf-install/include conftest.c >&5
configure:18070: $? = 0
configure:18078: result: 64
configure:18375: checking for inflateEnd in -lz
configure:18400: arm-unknown-linux-gnueabihf-gcc -o conftest -g -O2 -Wall -W  -I/home/dev/Desktop/ClaraColour/python/crosstoolsng/zlib-armhf-install/include -I/home/dev/Desktop/ClaraColour/python/crosstoolsng/zstd-armhf-install/include -L/home/dev/Desktop/ClaraColour/python/crosstoolsng/zlib-armhf-install/lib -L/home/dev/Desktop/ClaraColour/python/crosstoolsng/zstd-armhf-install/lib conftest.c -lz  -lm  >&5
configure:18400: $? = 0
configure:18409: result: yes
configure:18424: checking zlib.h usability
configure:18424: arm-unknown-linux-gnueabihf-gcc -c -g -O2 -Wall -W  -I/home/dev/Desktop/ClaraColour/python/crosstoolsng/zlib-armhf-install/include -I/home/dev/Desktop/ClaraColour/python/crosstoolsng/zstd-armhf-install/include conftest.c >&5
configure:18424: $? = 0
configure:18424: result: yes
configure:18424: checking zlib.h presence
configure:18424: arm-unknown-linux-gnueabihf-gcc -E -I/home/dev/Desktop/ClaraColour/python/crosstoolsng/zlib-armhf-install/include -I/home/dev/Desktop/ClaraColour/python/crosstoolsng/zstd-armhf-install/include conftest.c
configure:18424: $? = 0
configure:18424: result: yes
configure:18424: checking for zlib.h
configure:18424: result: yes
configure:18483: checking for libdeflate_zlib_decompress in -ldeflate
configure:18508: arm-unknown-linux-gnueabihf-gcc -o conftest -g -O2 -Wall -W  -I/home/dev/Desktop/ClaraColour/python/crosstoolsng/zlib-armhf-install/include -I/home/dev/Desktop/ClaraColour/python/crosstoolsng/zstd-armhf-install/include -L/home/dev/Desktop/ClaraColour/python/crosstoolsng/zlib-armhf-install/lib -L/home/dev/Desktop/ClaraColour/python/crosstoolsng/zstd-armhf-install/lib conftest.c -ldeflate  -lz -lm  >&5
/home/dev/x-tools/arm-unknown-linux-gnueabihf/lib/gcc/arm-unknown-linux-gnueabihf/9.5.0/../../../../arm-unknown-linux-gnueabihf/bin/ld: cannot find -ldeflate
collect2: error: ld returned 1 exit status
configure:18508: $? = 1
configure: failed program was:
| /* confdefs.h */
| #define PACKAGE_NAME "LibTIFF Software"
| #define PACKAGE_TARNAME "tiff"
| #define PACKAGE_VERSION "4.7.0"
| #define PACKAGE_STRING "LibTIFF Software 4.7.0"
| #define PACKAGE_BUGREPORT "tiff@lists.osgeo.org"
| #define PACKAGE_URL ""
| #define PACKAGE "tiff"
| #define VERSION "4.7.0"
| #define STDC_HEADERS 1
| #define HAVE_SYS_TYPES_H 1
| #define HAVE_SYS_STAT_H 1
| #define HAVE_STDLIB_H 1
| #define HAVE_STRING_H 1
| #define HAVE_MEMORY_H 1
| #define HAVE_STRINGS_H 1
| #define HAVE_INTTYPES_H 1
| #define HAVE_STDINT_H 1
| #define HAVE_UNISTD_H 1
| #define HAVE_DLFCN_H 1
| #define LT_OBJDIR ".libs/"
| #define HAVE_ASSERT_H 1
| #define HAVE_FCNTL_H 1
| #define HAVE_SEARCH_H 1
| #define HAVE_UNISTD_H 1
| #define TIME_WITH_SYS_TIME 1
| #define HAVE_FSEEKO 1
| #define HAVE_DECL_OPTARG 1
| #define SIZEOF_SIZE_T 4
| #define TIFF_SSIZE_T int32_t
| #define HAVE_MMAP 1
| #define HAVE_GETOPT 1
| #define HOST_BIGENDIAN 0
| #define HAVE_IEEEFP 1
| #define _FILE_OFFSET_BITS 64
| #define CCITT_SUPPORT 1
| #define PACKBITS_SUPPORT 1
| #define LZW_SUPPORT 1
| #define THUNDER_SUPPORT 1
| #define NEXT_SUPPORT 1
| #define LOGLUV_SUPPORT 1
| #define MDI_SUPPORT 1
| #define ZIP_SUPPORT 1
| /* end confdefs.h.  */
| 
| /* Override any GCC internal prototype to avoid an error.
|    Use char because int might match the return type of a GCC
|    builtin and then its argument prototype would still apply.  */
| #ifdef __cplusplus
| extern "C"
| #endif
| char libdeflate_zlib_decompress ();
| int
| main ()
| {
| return libdeflate_zlib_decompress ();
|   ;
|   return 0;
| }
configure:18517: result: no
configure:18532: checking libdeflate.h usability
configure:18532: arm-unknown-linux-gnueabihf-gcc -c -g -O2 -Wall -W  -I/home/dev/Desktop/ClaraColour/python/crosstoolsng/zlib-armhf-install/include -I/home/dev/Desktop/ClaraColour/python/crosstoolsng/zstd-armhf-install/include conftest.c >&5
conftest.c:78:10: fatal error: libdeflate.h: No such file or directory
   78 | #include <libdeflate.h>
      |          ^~~~~~~~~~~~~~
compilation terminated.
configure:18532: $? = 1
configure: failed program was:
| /* confdefs.h */
| #define PACKAGE_NAME "LibTIFF Software"
| #define PACKAGE_TARNAME "tiff"
| #define PACKAGE_VERSION "4.7.0"
| #define PACKAGE_STRING "LibTIFF Software 4.7.0"
| #define PACKAGE_BUGREPORT "tiff@lists.osgeo.org"
| #define PACKAGE_URL ""
| #define PACKAGE "tiff"
| #define VERSION "4.7.0"
| #define STDC_HEADERS 1
| #define HAVE_SYS_TYPES_H 1
| #define HAVE_SYS_STAT_H 1
| #define HAVE_STDLIB_H 1
| #define HAVE_STRING_H 1
| #define HAVE_MEMORY_H 1
| #define HAVE_STRINGS_H 1
| #define HAVE_INTTYPES_H 1
| #define HAVE_STDINT_H 1
| #define HAVE_UNISTD_H 1
| #define HAVE_DLFCN_H 1
| #define LT_OBJDIR ".libs/"
| #define HAVE_ASSERT_H 1
| #define HAVE_FCNTL_H 1
| #define HAVE_SEARCH_H 1
| #define HAVE_UNISTD_H 1
| #define TIME_WITH_SYS_TIME 1
| #define HAVE_FSEEKO 1
| #define HAVE_DECL_OPTARG 1
| #define SIZEOF_SIZE_T 4
| #define TIFF_SSIZE_T int32_t
| #define HAVE_MMAP 1
| #define HAVE_GETOPT 1
| #define HOST_BIGENDIAN 0
| #define HAVE_IEEEFP 1
| #define _FILE_OFFSET_BITS 64
| #define CCITT_SUPPORT 1
| #define PACKBITS_SUPPORT 1
| #define LZW_SUPPORT 1
| #define THUNDER_SUPPORT 1
| #define NEXT_SUPPORT 1
| #define LOGLUV_SUPPORT 1
| #define MDI_SUPPORT 1
| #define ZIP_SUPPORT 1
| /* end confdefs.h.  */
| #include <stdio.h>
| #ifdef HAVE_SYS_TYPES_H
| # include <sys/types.h>
| #endif
| #ifdef HAVE_SYS_STAT_H
| # include <sys/stat.h>
| #endif
| #ifdef STDC_HEADERS
| # include <stdlib.h>
| # include <stddef.h>
| #else
| # ifdef HAVE_STDLIB_H
| #  include <stdlib.h>
| # endif
| #endif
| #ifdef HAVE_STRING_H
| # if !defined STDC_HEADERS && defined HAVE_MEMORY_H
| #  include <memory.h>
| # endif
| # include <string.h>
| #endif
| #ifdef HAVE_STRINGS_H
| # include <strings.h>
| #endif
| #ifdef HAVE_INTTYPES_H
| # include <inttypes.h>
| #endif
| #ifdef HAVE_STDINT_H
| # include <stdint.h>
| #endif
| #ifdef HAVE_UNISTD_H
| # include <unistd.h>
| #endif
| #include <libdeflate.h>
configure:18532: result: no
configure:18532: checking libdeflate.h presence
configure:18532: arm-unknown-linux-gnueabihf-gcc -E -I/home/dev/Desktop/ClaraColour/python/crosstoolsng/zlib-armhf-install/include -I/home/dev/Desktop/ClaraColour/python/crosstoolsng/zstd-armhf-install/include conftest.c
conftest.c:45:10: fatal error: libdeflate.h: No such file or directory
   45 | #include <libdeflate.h>
      |          ^~~~~~~~~~~~~~
compilation terminated.
configure:18532: $? = 1
configure: failed program was:
| /* confdefs.h */
| #define PACKAGE_NAME "LibTIFF Software"
| #define PACKAGE_TARNAME "tiff"
| #define PACKAGE_VERSION "4.7.0"
| #define PACKAGE_STRING "LibTIFF Software 4.7.0"
| #define PACKAGE_BUGREPORT "tiff@lists.osgeo.org"
| #define PACKAGE_URL ""
| #define PACKAGE "tiff"
| #define VERSION "4.7.0"
| #define STDC_HEADERS 1
| #define HAVE_SYS_TYPES_H 1
| #define HAVE_SYS_STAT_H 1
| #define HAVE_STDLIB_H 1
| #define HAVE_STRING_H 1
| #define HAVE_MEMORY_H 1
| #define HAVE_STRINGS_H 1
| #define HAVE_INTTYPES_H 1
| #define HAVE_STDINT_H 1
| #define HAVE_UNISTD_H 1
| #define HAVE_DLFCN_H 1
| #define LT_OBJDIR ".libs/"
| #define HAVE_ASSERT_H 1
| #define HAVE_FCNTL_H 1
| #define HAVE_SEARCH_H 1
| #define HAVE_UNISTD_H 1
| #define TIME_WITH_SYS_TIME 1
| #define HAVE_FSEEKO 1
| #define HAVE_DECL_OPTARG 1
| #define SIZEOF_SIZE_T 4
| #define TIFF_SSIZE_T int32_t
| #define HAVE_MMAP 1
| #define HAVE_GETOPT 1
| #define HOST_BIGENDIAN 0
| #define HAVE_IEEEFP 1
| #define _FILE_OFFSET_BITS 64
| #define CCITT_SUPPORT 1
| #define PACKBITS_SUPPORT 1
| #define LZW_SUPPORT 1
| #define THUNDER_SUPPORT 1
| #define NEXT_SUPPORT 1
| #define LOGLUV_SUPPORT 1
| #define MDI_SUPPORT 1
| #define ZIP_SUPPORT 1
| /* end confdefs.h.  */
| #include <libdeflate.h>
configure:18532: result: no
configure:18532: checking for libdeflate.h
configure:18532: result: no
configure:18616: checking for jpeg_read_scanlines in -ljpeg
configure:18641: arm-unknown-linux-gnueabihf-gcc -o conftest -g -O2 -Wall -W  -I/home/dev/Desktop/ClaraColour/python/crosstoolsng/zlib-armhf-install/include -I/home/dev/Desktop/ClaraColour/python/crosstoolsng/zstd-armhf-install/include -L/home/dev/Desktop/ClaraColour/python/crosstoolsng/zlib-armhf-install/lib -L/home/dev/Desktop/ClaraColour/python/crosstoolsng/zstd-armhf-install/lib conftest.c -ljpeg  -lz -lm  >&5
/home/dev/x-tools/arm-unknown-linux-gnueabihf/lib/gcc/arm-unknown-linux-gnueabihf/9.5.0/../../../../arm-unknown-linux-gnueabihf/bin/ld: cannot find -ljpeg
collect2: error: ld returned 1 exit status
configure:18641: $? = 1
configure: failed program was:
| /* confdefs.h */
| #define PACKAGE_NAME "LibTIFF Software"
| #define PACKAGE_TARNAME "tiff"
| #define PACKAGE_VERSION "4.7.0"
| #define PACKAGE_STRING "LibTIFF Software 4.7.0"
| #define PACKAGE_BUGREPORT "tiff@lists.osgeo.org"
| #define PACKAGE_URL ""
| #define PACKAGE "tiff"
| #define VERSION "4.7.0"
| #define STDC_HEADERS 1
| #define HAVE_SYS_TYPES_H 1
| #define HAVE_SYS_STAT_H 1
| #define HAVE_STDLIB_H 1
| #define HAVE_STRING_H 1
| #define HAVE_MEMORY_H 1
| #define HAVE_STRINGS_H 1
| #define HAVE_INTTYPES_H 1
| #define HAVE_STDINT_H 1
| #define HAVE_UNISTD_H 1
| #define HAVE_DLFCN_H 1
| #define LT_OBJDIR ".libs/"
| #define HAVE_ASSERT_H 1
| #define HAVE_FCNTL_H 1
| #define HAVE_SEARCH_H 1
| #define HAVE_UNISTD_H 1
| #define TIME_WITH_SYS_TIME 1
| #define HAVE_FSEEKO 1
| #define HAVE_DECL_OPTARG 1
| #define SIZEOF_SIZE_T 4
| #define TIFF_SSIZE_T int32_t
| #define HAVE_MMAP 1
| #define HAVE_GETOPT 1
| #define HOST_BIGENDIAN 0
| #define HAVE_IEEEFP 1
| #define _FILE_OFFSET_BITS 64
| #define CCITT_SUPPORT 1
| #define PACKBITS_SUPPORT 1
| #define LZW_SUPPORT 1
| #define THUNDER_SUPPORT 1
| #define NEXT_SUPPORT 1
| #define LOGLUV_SUPPORT 1
| #define MDI_SUPPORT 1
| #define ZIP_SUPPORT 1
| #define PIXARLOG_SUPPORT 1
| /* end confdefs.h.  */
| 
| /* Override any GCC internal prototype to avoid an error.
|    Use char because int might match the return type of a GCC
|    builtin and then its argument prototype would still apply.  */
| #ifdef __cplusplus
| extern "C"
| #endif
| char jpeg_read_scanlines ();
| int
| main ()
| {
| return jpeg_read_scanlines ();
|   ;
|   return 0;
| }
configure:18650: result: no
configure:18665: checking jpeglib.h usability
configure:18665: arm-unknown-linux-gnueabihf-gcc -c -g -O2 -Wall -W  -I/home/dev/Desktop/ClaraColour/python/crosstoolsng/zlib-armhf-install/include -I/home/dev/Desktop/ClaraColour/python/crosstoolsng/zstd-armhf-install/include conftest.c >&5
conftest.c:79:10: fatal error: jpeglib.h: No such file or directory
   79 | #include <jpeglib.h>
      |          ^~~~~~~~~~~
compilation terminated.
configure:18665: $? = 1
configure: failed program was:
| /* confdefs.h */
| #define PACKAGE_NAME "LibTIFF Software"
| #define PACKAGE_TARNAME "tiff"
| #define PACKAGE_VERSION "4.7.0"
| #define PACKAGE_STRING "LibTIFF Software 4.7.0"
| #define PACKAGE_BUGREPORT "tiff@lists.osgeo.org"
| #define PACKAGE_URL ""
| #define PACKAGE "tiff"
| #define VERSION "4.7.0"
| #define STDC_HEADERS 1
| #define HAVE_SYS_TYPES_H 1
| #define HAVE_SYS_STAT_H 1
| #define HAVE_STDLIB_H 1
| #define HAVE_STRING_H 1
| #define HAVE_MEMORY_H 1
| #define HAVE_STRINGS_H 1
| #define HAVE_INTTYPES_H 1
| #define HAVE_STDINT_H 1
| #define HAVE_UNISTD_H 1
| #define HAVE_DLFCN_H 1
| #define LT_OBJDIR ".libs/"
| #define HAVE_ASSERT_H 1
| #define HAVE_FCNTL_H 1
| #define HAVE_SEARCH_H 1
| #define HAVE_UNISTD_H 1
| #define TIME_WITH_SYS_TIME 1
| #define HAVE_FSEEKO 1
| #define HAVE_DECL_OPTARG 1
| #define SIZEOF_SIZE_T 4
| #define TIFF_SSIZE_T int32_t
| #define HAVE_MMAP 1
| #define HAVE_GETOPT 1
| #define HOST_BIGENDIAN 0
| #define HAVE_IEEEFP 1
| #define _FILE_OFFSET_BITS 64
| #define CCITT_SUPPORT 1
| #define PACKBITS_SUPPORT 1
| #define LZW_SUPPORT 1
| #define THUNDER_SUPPORT 1
| #define NEXT_SUPPORT 1
| #define LOGLUV_SUPPORT 1
| #define MDI_SUPPORT 1
| #define ZIP_SUPPORT 1
| #define PIXARLOG_SUPPORT 1
| /* end confdefs.h.  */
| #include <stdio.h>
| #ifdef HAVE_SYS_TYPES_H
| # include <sys/types.h>
| #endif
| #ifdef HAVE_SYS_STAT_H
| # include <sys/stat.h>
| #endif
| #ifdef STDC_HEADERS
| # include <stdlib.h>
| # include <stddef.h>
| #else
| # ifdef HAVE_STDLIB_H
| #  include <stdlib.h>
| # endif
| #endif
| #ifdef HAVE_STRING_H
| # if !defined STDC_HEADERS && defined HAVE_MEMORY_H
| #  include <memory.h>
| # endif
| # include <string.h>
| #endif
| #ifdef HAVE_STRINGS_H
| # include <strings.h>
| #endif
| #ifdef HAVE_INTTYPES_H
| # include <inttypes.h>
| #endif
| #ifdef HAVE_STDINT_H
| # include <stdint.h>
| #endif
| #ifdef HAVE_UNISTD_H
| # include <unistd.h>
| #endif
| #include <jpeglib.h>
configure:18665: result: no
configure:18665: checking jpeglib.h presence
configure:18665: arm-unknown-linux-gnueabihf-gcc -E -I/home/dev/Desktop/ClaraColour/python/crosstoolsng/zlib-armhf-install/include -I/home/dev/Desktop/ClaraColour/python/crosstoolsng/zstd-armhf-install/include conftest.c
conftest.c:46:10: fatal error: jpeglib.h: No such file or directory
   46 | #include <jpeglib.h>
      |          ^~~~~~~~~~~
compilation terminated.
configure:18665: $? = 1
configure: failed program was:
| /* confdefs.h */
| #define PACKAGE_NAME "LibTIFF Software"
| #define PACKAGE_TARNAME "tiff"
| #define PACKAGE_VERSION "4.7.0"
| #define PACKAGE_STRING "LibTIFF Software 4.7.0"
| #define PACKAGE_BUGREPORT "tiff@lists.osgeo.org"
| #define PACKAGE_URL ""
| #define PACKAGE "tiff"
| #define VERSION "4.7.0"
| #define STDC_HEADERS 1
| #define HAVE_SYS_TYPES_H 1
| #define HAVE_SYS_STAT_H 1
| #define HAVE_STDLIB_H 1
| #define HAVE_STRING_H 1
| #define HAVE_MEMORY_H 1
| #define HAVE_STRINGS_H 1
| #define HAVE_INTTYPES_H 1
| #define HAVE_STDINT_H 1
| #define HAVE_UNISTD_H 1
| #define HAVE_DLFCN_H 1
| #define LT_OBJDIR ".libs/"
| #define HAVE_ASSERT_H 1
| #define HAVE_FCNTL_H 1
| #define HAVE_SEARCH_H 1
| #define HAVE_UNISTD_H 1
| #define TIME_WITH_SYS_TIME 1
| #define HAVE_FSEEKO 1
| #define HAVE_DECL_OPTARG 1
| #define SIZEOF_SIZE_T 4
| #define TIFF_SSIZE_T int32_t
| #define HAVE_MMAP 1
| #define HAVE_GETOPT 1
| #define HOST_BIGENDIAN 0
| #define HAVE_IEEEFP 1
| #define _FILE_OFFSET_BITS 64
| #define CCITT_SUPPORT 1
| #define PACKBITS_SUPPORT 1
| #define LZW_SUPPORT 1
| #define THUNDER_SUPPORT 1
| #define NEXT_SUPPORT 1
| #define LOGLUV_SUPPORT 1
| #define MDI_SUPPORT 1
| #define ZIP_SUPPORT 1
| #define PIXARLOG_SUPPORT 1
| /* end confdefs.h.  */
| #include <jpeglib.h>
configure:18665: result: no
configure:18665: checking for jpeglib.h
configure:18665: result: no
configure:18806: checking for jbg_dec_init in -ljbig
configure:18831: arm-unknown-linux-gnueabihf-gcc -o conftest -g -O2 -Wall -W  -I/home/dev/Desktop/ClaraColour/python/crosstoolsng/zlib-armhf-install/include -I/home/dev/Desktop/ClaraColour/python/crosstoolsng/zstd-armhf-install/include -L/home/dev/Desktop/ClaraColour/python/crosstoolsng/zlib-armhf-install/lib -L/home/dev/Desktop/ClaraColour/python/crosstoolsng/zstd-armhf-install/lib conftest.c -ljbig  -lz -lm  >&5
/home/dev/x-tools/arm-unknown-linux-gnueabihf/lib/gcc/arm-unknown-linux-gnueabihf/9.5.0/../../../../arm-unknown-linux-gnueabihf/bin/ld: cannot find -ljbig
collect2: error: ld returned 1 exit status
configure:18831: $? = 1
configure: failed program was:
| /* confdefs.h */
| #define PACKAGE_NAME "LibTIFF Software"
| #define PACKAGE_TARNAME "tiff"
| #define PACKAGE_VERSION "4.7.0"
| #define PACKAGE_STRING "LibTIFF Software 4.7.0"
| #define PACKAGE_BUGREPORT "tiff@lists.osgeo.org"
| #define PACKAGE_URL ""
| #define PACKAGE "tiff"
| #define VERSION "4.7.0"
| #define STDC_HEADERS 1
| #define HAVE_SYS_TYPES_H 1
| #define HAVE_SYS_STAT_H 1
| #define HAVE_STDLIB_H 1
| #define HAVE_STRING_H 1
| #define HAVE_MEMORY_H 1
| #define HAVE_STRINGS_H 1
| #define HAVE_INTTYPES_H 1
| #define HAVE_STDINT_H 1
| #define HAVE_UNISTD_H 1
| #define HAVE_DLFCN_H 1
| #define LT_OBJDIR ".libs/"
| #define HAVE_ASSERT_H 1
| #define HAVE_FCNTL_H 1
| #define HAVE_SEARCH_H 1
| #define HAVE_UNISTD_H 1
| #define TIME_WITH_SYS_TIME 1
| #define HAVE_FSEEKO 1
| #define HAVE_DECL_OPTARG 1
| #define SIZEOF_SIZE_T 4
| #define TIFF_SSIZE_T int32_t
| #define HAVE_MMAP 1
| #define HAVE_GETOPT 1
| #define HOST_BIGENDIAN 0
| #define HAVE_IEEEFP 1
| #define _FILE_OFFSET_BITS 64
| #define CCITT_SUPPORT 1
| #define PACKBITS_SUPPORT 1
| #define LZW_SUPPORT 1
| #define THUNDER_SUPPORT 1
| #define NEXT_SUPPORT 1
| #define LOGLUV_SUPPORT 1
| #define MDI_SUPPORT 1
| #define ZIP_SUPPORT 1
| #define PIXARLOG_SUPPORT 1
| /* end confdefs.h.  */
| 
| /* Override any GCC internal prototype to avoid an error.
|    Use char because int might match the return type of a GCC
|    builtin and then its argument prototype would still apply.  */
| #ifdef __cplusplus
| extern "C"
| #endif
| char jbg_dec_init ();
| int
| main ()
| {
| return jbg_dec_init ();
|   ;
|   return 0;
| }
configure:18840: result: no
configure:18855: checking jbig.h usability
configure:18855: arm-unknown-linux-gnueabihf-gcc -c -g -O2 -Wall -W  -I/home/dev/Desktop/ClaraColour/python/crosstoolsng/zlib-armhf-install/include -I/home/dev/Desktop/ClaraColour/python/crosstoolsng/zstd-armhf-install/include conftest.c >&5
conftest.c:79:10: fatal error: jbig.h: No such file or directory
   79 | #include <jbig.h>
      |          ^~~~~~~~
compilation terminated.
configure:18855: $? = 1
configure: failed program was:
| /* confdefs.h */
| #define PACKAGE_NAME "LibTIFF Software"
| #define PACKAGE_TARNAME "tiff"
| #define PACKAGE_VERSION "4.7.0"
| #define PACKAGE_STRING "LibTIFF Software 4.7.0"
| #define PACKAGE_BUGREPORT "tiff@lists.osgeo.org"
| #define PACKAGE_URL ""
| #define PACKAGE "tiff"
| #define VERSION "4.7.0"
| #define STDC_HEADERS 1
| #define HAVE_SYS_TYPES_H 1
| #define HAVE_SYS_STAT_H 1
| #define HAVE_STDLIB_H 1
| #define HAVE_STRING_H 1
| #define HAVE_MEMORY_H 1
| #define HAVE_STRINGS_H 1
| #define HAVE_INTTYPES_H 1
| #define HAVE_STDINT_H 1
| #define HAVE_UNISTD_H 1
| #define HAVE_DLFCN_H 1
| #define LT_OBJDIR ".libs/"
| #define HAVE_ASSERT_H 1
| #define HAVE_FCNTL_H 1
| #define HAVE_SEARCH_H 1
| #define HAVE_UNISTD_H 1
| #define TIME_WITH_SYS_TIME 1
| #define HAVE_FSEEKO 1
| #define HAVE_DECL_OPTARG 1
| #define SIZEOF_SIZE_T 4
| #define TIFF_SSIZE_T int32_t
| #define HAVE_MMAP 1
| #define HAVE_GETOPT 1
| #define HOST_BIGENDIAN 0
| #define HAVE_IEEEFP 1
| #define _FILE_OFFSET_BITS 64
| #define CCITT_SUPPORT 1
| #define PACKBITS_SUPPORT 1
| #define LZW_SUPPORT 1
| #define THUNDER_SUPPORT 1
| #define NEXT_SUPPORT 1
| #define LOGLUV_SUPPORT 1
| #define MDI_SUPPORT 1
| #define ZIP_SUPPORT 1
| #define PIXARLOG_SUPPORT 1
| /* end confdefs.h.  */
| #include <stdio.h>
| #ifdef HAVE_SYS_TYPES_H
| # include <sys/types.h>
| #endif
| #ifdef HAVE_SYS_STAT_H
| # include <sys/stat.h>
| #endif
| #ifdef STDC_HEADERS
| # include <stdlib.h>
| # include <stddef.h>
| #else
| # ifdef HAVE_STDLIB_H
| #  include <stdlib.h>
| # endif
| #endif
| #ifdef HAVE_STRING_H
| # if !defined STDC_HEADERS && defined HAVE_MEMORY_H
| #  include <memory.h>
| # endif
| # include <string.h>
| #endif
| #ifdef HAVE_STRINGS_H
| # include <strings.h>
| #endif
| #ifdef HAVE_INTTYPES_H
| # include <inttypes.h>
| #endif
| #ifdef HAVE_STDINT_H
| # include <stdint.h>
| #endif
| #ifdef HAVE_UNISTD_H
| # include <unistd.h>
| #endif
| #include <jbig.h>
configure:18855: result: no
configure:18855: checking jbig.h presence
configure:18855: arm-unknown-linux-gnueabihf-gcc -E -I/home/dev/Desktop/ClaraColour/python/crosstoolsng/zlib-armhf-install/include -I/home/dev/Desktop/ClaraColour/python/crosstoolsng/zstd-armhf-install/include conftest.c
conftest.c:46:10: fatal error: jbig.h: No such file or directory
   46 | #include <jbig.h>
      |          ^~~~~~~~
compilation terminated.
configure:18855: $? = 1
configure: failed program was:
| /* confdefs.h */
| #define PACKAGE_NAME "LibTIFF Software"
| #define PACKAGE_TARNAME "tiff"
| #define PACKAGE_VERSION "4.7.0"
| #define PACKAGE_STRING "LibTIFF Software 4.7.0"
| #define PACKAGE_BUGREPORT "tiff@lists.osgeo.org"
| #define PACKAGE_URL ""
| #define PACKAGE "tiff"
| #define VERSION "4.7.0"
| #define STDC_HEADERS 1
| #define HAVE_SYS_TYPES_H 1
| #define HAVE_SYS_STAT_H 1
| #define HAVE_STDLIB_H 1
| #define HAVE_STRING_H 1
| #define HAVE_MEMORY_H 1
| #define HAVE_STRINGS_H 1
| #define HAVE_INTTYPES_H 1
| #define HAVE_STDINT_H 1
| #define HAVE_UNISTD_H 1
| #define HAVE_DLFCN_H 1
| #define LT_OBJDIR ".libs/"
| #define HAVE_ASSERT_H 1
| #define HAVE_FCNTL_H 1
| #define HAVE_SEARCH_H 1
| #define HAVE_UNISTD_H 1
| #define TIME_WITH_SYS_TIME 1
| #define HAVE_FSEEKO 1
| #define HAVE_DECL_OPTARG 1
| #define SIZEOF_SIZE_T 4
| #define TIFF_SSIZE_T int32_t
| #define HAVE_MMAP 1
| #define HAVE_GETOPT 1
| #define HOST_BIGENDIAN 0
| #define HAVE_IEEEFP 1
| #define _FILE_OFFSET_BITS 64
| #define CCITT_SUPPORT 1
| #define PACKBITS_SUPPORT 1
| #define LZW_SUPPORT 1
| #define THUNDER_SUPPORT 1
| #define NEXT_SUPPORT 1
| #define LOGLUV_SUPPORT 1
| #define MDI_SUPPORT 1
| #define ZIP_SUPPORT 1
| #define PIXARLOG_SUPPORT 1
| /* end confdefs.h.  */
| #include <jbig.h>
configure:18855: result: no
configure:18855: checking for jbig.h
configure:18855: result: no
configure:18952: checking for lerc_decode in -l"LercLib"
configure:18977: arm-unknown-linux-gnueabihf-gcc -o conftest -g -O2 -Wall -W  -I/home/dev/Desktop/ClaraColour/python/crosstoolsng/zlib-armhf-install/include -I/home/dev/Desktop/ClaraColour/python/crosstoolsng/zstd-armhf-install/include -L/home/dev/Desktop/ClaraColour/python/crosstoolsng/zlib-armhf-install/lib -L/home/dev/Desktop/ClaraColour/python/crosstoolsng/zstd-armhf-install/lib conftest.c -lLercLib  -lz -lm  >&5
/home/dev/x-tools/arm-unknown-linux-gnueabihf/lib/gcc/arm-unknown-linux-gnueabihf/9.5.0/../../../../arm-unknown-linux-gnueabihf/bin/ld: cannot find -lLercLib
collect2: error: ld returned 1 exit status
configure:18977: $? = 1
configure: failed program was:
| /* confdefs.h */
| #define PACKAGE_NAME "LibTIFF Software"
| #define PACKAGE_TARNAME "tiff"
| #define PACKAGE_VERSION "4.7.0"
| #define PACKAGE_STRING "LibTIFF Software 4.7.0"
| #define PACKAGE_BUGREPORT "tiff@lists.osgeo.org"
| #define PACKAGE_URL ""
| #define PACKAGE "tiff"
| #define VERSION "4.7.0"
| #define STDC_HEADERS 1
| #define HAVE_SYS_TYPES_H 1
| #define HAVE_SYS_STAT_H 1
| #define HAVE_STDLIB_H 1
| #define HAVE_STRING_H 1
| #define HAVE_MEMORY_H 1
| #define HAVE_STRINGS_H 1
| #define HAVE_INTTYPES_H 1
| #define HAVE_STDINT_H 1
| #define HAVE_UNISTD_H 1
| #define HAVE_DLFCN_H 1
| #define LT_OBJDIR ".libs/"
| #define HAVE_ASSERT_H 1
| #define HAVE_FCNTL_H 1
| #define HAVE_SEARCH_H 1
| #define HAVE_UNISTD_H 1
| #define TIME_WITH_SYS_TIME 1
| #define HAVE_FSEEKO 1
| #define HAVE_DECL_OPTARG 1
| #define SIZEOF_SIZE_T 4
| #define TIFF_SSIZE_T int32_t
| #define HAVE_MMAP 1
| #define HAVE_GETOPT 1
| #define HOST_BIGENDIAN 0
| #define HAVE_IEEEFP 1
| #define _FILE_OFFSET_BITS 64
| #define CCITT_SUPPORT 1
| #define PACKBITS_SUPPORT 1
| #define LZW_SUPPORT 1
| #define THUNDER_SUPPORT 1
| #define NEXT_SUPPORT 1
| #define LOGLUV_SUPPORT 1
| #define MDI_SUPPORT 1
| #define ZIP_SUPPORT 1
| #define PIXARLOG_SUPPORT 1
| /* end confdefs.h.  */
| 
| /* Override any GCC internal prototype to avoid an error.
|    Use char because int might match the return type of a GCC
|    builtin and then its argument prototype would still apply.  */
| #ifdef __cplusplus
| extern "C"
| #endif
| char lerc_decode ();
| int
| main ()
| {
| return lerc_decode ();
|   ;
|   return 0;
| }
configure:18987: result: no
configure:18998: checking for lerc_decode in -l"Lerc"
configure:19023: arm-unknown-linux-gnueabihf-gcc -o conftest -g -O2 -Wall -W  -I/home/dev/Desktop/ClaraColour/python/crosstoolsng/zlib-armhf-install/include -I/home/dev/Desktop/ClaraColour/python/crosstoolsng/zstd-armhf-install/include -L/home/dev/Desktop/ClaraColour/python/crosstoolsng/zlib-armhf-install/lib -L/home/dev/Desktop/ClaraColour/python/crosstoolsng/zstd-armhf-install/lib conftest.c -lLerc  -lz -lm  >&5
/home/dev/x-tools/arm-unknown-linux-gnueabihf/lib/gcc/arm-unknown-linux-gnueabihf/9.5.0/../../../../arm-unknown-linux-gnueabihf/bin/ld: cannot find -lLerc
collect2: error: ld returned 1 exit status
configure:19023: $? = 1
configure: failed program was:
| /* confdefs.h */
| #define PACKAGE_NAME "LibTIFF Software"
| #define PACKAGE_TARNAME "tiff"
| #define PACKAGE_VERSION "4.7.0"
| #define PACKAGE_STRING "LibTIFF Software 4.7.0"
| #define PACKAGE_BUGREPORT "tiff@lists.osgeo.org"
| #define PACKAGE_URL ""
| #define PACKAGE "tiff"
| #define VERSION "4.7.0"
| #define STDC_HEADERS 1
| #define HAVE_SYS_TYPES_H 1
| #define HAVE_SYS_STAT_H 1
| #define HAVE_STDLIB_H 1
| #define HAVE_STRING_H 1
| #define HAVE_MEMORY_H 1
| #define HAVE_STRINGS_H 1
| #define HAVE_INTTYPES_H 1
| #define HAVE_STDINT_H 1
| #define HAVE_UNISTD_H 1
| #define HAVE_DLFCN_H 1
| #define LT_OBJDIR ".libs/"
| #define HAVE_ASSERT_H 1
| #define HAVE_FCNTL_H 1
| #define HAVE_SEARCH_H 1
| #define HAVE_UNISTD_H 1
| #define TIME_WITH_SYS_TIME 1
| #define HAVE_FSEEKO 1
| #define HAVE_DECL_OPTARG 1
| #define SIZEOF_SIZE_T 4
| #define TIFF_SSIZE_T int32_t
| #define HAVE_MMAP 1
| #define HAVE_GETOPT 1
| #define HOST_BIGENDIAN 0
| #define HAVE_IEEEFP 1
| #define _FILE_OFFSET_BITS 64
| #define CCITT_SUPPORT 1
| #define PACKBITS_SUPPORT 1
| #define LZW_SUPPORT 1
| #define THUNDER_SUPPORT 1
| #define NEXT_SUPPORT 1
| #define LOGLUV_SUPPORT 1
| #define MDI_SUPPORT 1
| #define ZIP_SUPPORT 1
| #define PIXARLOG_SUPPORT 1
| /* end confdefs.h.  */
| 
| /* Override any GCC internal prototype to avoid an error.
|    Use char because int might match the return type of a GCC
|    builtin and then its argument prototype would still apply.  */
| #ifdef __cplusplus
| extern "C"
| #endif
| char lerc_decode ();
| int
| main ()
| {
| return lerc_decode ();
|   ;
|   return 0;
| }
configure:19033: result: no
configure:19049: checking Lerc_c_api.h usability
configure:19049: arm-unknown-linux-gnueabihf-gcc -c -g -O2 -Wall -W  -I/home/dev/Desktop/ClaraColour/python/crosstoolsng/zlib-armhf-install/include -I/home/dev/Desktop/ClaraColour/python/crosstoolsng/zstd-armhf-install/include conftest.c >&5
conftest.c:79:10: fatal error: Lerc_c_api.h: No such file or directory
   79 | #include <Lerc_c_api.h>
      |          ^~~~~~~~~~~~~~
compilation terminated.
configure:19049: $? = 1
configure: failed program was:
| /* confdefs.h */
| #define PACKAGE_NAME "LibTIFF Software"
| #define PACKAGE_TARNAME "tiff"
| #define PACKAGE_VERSION "4.7.0"
| #define PACKAGE_STRING "LibTIFF Software 4.7.0"
| #define PACKAGE_BUGREPORT "tiff@lists.osgeo.org"
| #define PACKAGE_URL ""
| #define PACKAGE "tiff"
| #define VERSION "4.7.0"
| #define STDC_HEADERS 1
| #define HAVE_SYS_TYPES_H 1
| #define HAVE_SYS_STAT_H 1
| #define HAVE_STDLIB_H 1
| #define HAVE_STRING_H 1
| #define HAVE_MEMORY_H 1
| #define HAVE_STRINGS_H 1
| #define HAVE_INTTYPES_H 1
| #define HAVE_STDINT_H 1
| #define HAVE_UNISTD_H 1
| #define HAVE_DLFCN_H 1
| #define LT_OBJDIR ".libs/"
| #define HAVE_ASSERT_H 1
| #define HAVE_FCNTL_H 1
| #define HAVE_SEARCH_H 1
| #define HAVE_UNISTD_H 1
| #define TIME_WITH_SYS_TIME 1
| #define HAVE_FSEEKO 1
| #define HAVE_DECL_OPTARG 1
| #define SIZEOF_SIZE_T 4
| #define TIFF_SSIZE_T int32_t
| #define HAVE_MMAP 1
| #define HAVE_GETOPT 1
| #define HOST_BIGENDIAN 0
| #define HAVE_IEEEFP 1
| #define _FILE_OFFSET_BITS 64
| #define CCITT_SUPPORT 1
| #define PACKBITS_SUPPORT 1
| #define LZW_SUPPORT 1
| #define THUNDER_SUPPORT 1
| #define NEXT_SUPPORT 1
| #define LOGLUV_SUPPORT 1
| #define MDI_SUPPORT 1
| #define ZIP_SUPPORT 1
| #define PIXARLOG_SUPPORT 1
| /* end confdefs.h.  */
| #include <stdio.h>
| #ifdef HAVE_SYS_TYPES_H
| # include <sys/types.h>
| #endif
| #ifdef HAVE_SYS_STAT_H
| # include <sys/stat.h>
| #endif
| #ifdef STDC_HEADERS
| # include <stdlib.h>
| # include <stddef.h>
| #else
| # ifdef HAVE_STDLIB_H
| #  include <stdlib.h>
| # endif
| #endif
| #ifdef HAVE_STRING_H
| # if !defined STDC_HEADERS && defined HAVE_MEMORY_H
| #  include <memory.h>
| # endif
| # include <string.h>
| #endif
| #ifdef HAVE_STRINGS_H
| # include <strings.h>
| #endif
| #ifdef HAVE_INTTYPES_H
| # include <inttypes.h>
| #endif
| #ifdef HAVE_STDINT_H
| # include <stdint.h>
| #endif
| #ifdef HAVE_UNISTD_H
| # include <unistd.h>
| #endif
| #include <Lerc_c_api.h>
configure:19049: result: no
configure:19049: checking Lerc_c_api.h presence
configure:19049: arm-unknown-linux-gnueabihf-gcc -E -I/home/dev/Desktop/ClaraColour/python/crosstoolsng/zlib-armhf-install/include -I/home/dev/Desktop/ClaraColour/python/crosstoolsng/zstd-armhf-install/include conftest.c
conftest.c:46:10: fatal error: Lerc_c_api.h: No such file or directory
   46 | #include <Lerc_c_api.h>
      |          ^~~~~~~~~~~~~~
compilation terminated.
configure:19049: $? = 1
configure: failed program was:
| /* confdefs.h */
| #define PACKAGE_NAME "LibTIFF Software"
| #define PACKAGE_TARNAME "tiff"
| #define PACKAGE_VERSION "4.7.0"
| #define PACKAGE_STRING "LibTIFF Software 4.7.0"
| #define PACKAGE_BUGREPORT "tiff@lists.osgeo.org"
| #define PACKAGE_URL ""
| #define PACKAGE "tiff"
| #define VERSION "4.7.0"
| #define STDC_HEADERS 1
| #define HAVE_SYS_TYPES_H 1
| #define HAVE_SYS_STAT_H 1
| #define HAVE_STDLIB_H 1
| #define HAVE_STRING_H 1
| #define HAVE_MEMORY_H 1
| #define HAVE_STRINGS_H 1
| #define HAVE_INTTYPES_H 1
| #define HAVE_STDINT_H 1
| #define HAVE_UNISTD_H 1
| #define HAVE_DLFCN_H 1
| #define LT_OBJDIR ".libs/"
| #define HAVE_ASSERT_H 1
| #define HAVE_FCNTL_H 1
| #define HAVE_SEARCH_H 1
| #define HAVE_UNISTD_H 1
| #define TIME_WITH_SYS_TIME 1
| #define HAVE_FSEEKO 1
| #define HAVE_DECL_OPTARG 1
| #define SIZEOF_SIZE_T 4
| #define TIFF_SSIZE_T int32_t
| #define HAVE_MMAP 1
| #define HAVE_GETOPT 1
| #define HOST_BIGENDIAN 0
| #define HAVE_IEEEFP 1
| #define _FILE_OFFSET_BITS 64
| #define CCITT_SUPPORT 1
| #define PACKBITS_SUPPORT 1
| #define LZW_SUPPORT 1
| #define THUNDER_SUPPORT 1
| #define NEXT_SUPPORT 1
| #define LOGLUV_SUPPORT 1
| #define MDI_SUPPORT 1
| #define ZIP_SUPPORT 1
| #define PIXARLOG_SUPPORT 1
| /* end confdefs.h.  */
| #include <Lerc_c_api.h>
configure:19049: result: no
configure:19049: checking for Lerc_c_api.h
configure:19049: result: no
configure:19117: checking for lzma_code in -llzma
configure:19142: arm-unknown-linux-gnueabihf-gcc -o conftest -g -O2 -Wall -W  -I/home/dev/Desktop/ClaraColour/python/crosstoolsng/zlib-armhf-install/include -I/home/dev/Desktop/ClaraColour/python/crosstoolsng/zstd-armhf-install/include -L/home/dev/Desktop/ClaraColour/python/crosstoolsng/zlib-armhf-install/lib -L/home/dev/Desktop/ClaraColour/python/crosstoolsng/zstd-armhf-install/lib conftest.c -llzma  -lz -lm  >&5
/home/dev/x-tools/arm-unknown-linux-gnueabihf/lib/gcc/arm-unknown-linux-gnueabihf/9.5.0/../../../../arm-unknown-linux-gnueabihf/bin/ld: cannot find -llzma
collect2: error: ld returned 1 exit status
configure:19142: $? = 1
configure: failed program was:
| /* confdefs.h */
| #define PACKAGE_NAME "LibTIFF Software"
| #define PACKAGE_TARNAME "tiff"
| #define PACKAGE_VERSION "4.7.0"
| #define PACKAGE_STRING "LibTIFF Software 4.7.0"
| #define PACKAGE_BUGREPORT "tiff@lists.osgeo.org"
| #define PACKAGE_URL ""
| #define PACKAGE "tiff"
| #define VERSION "4.7.0"
| #define STDC_HEADERS 1
| #define HAVE_SYS_TYPES_H 1
| #define HAVE_SYS_STAT_H 1
| #define HAVE_STDLIB_H 1
| #define HAVE_STRING_H 1
| #define HAVE_MEMORY_H 1
| #define HAVE_STRINGS_H 1
| #define HAVE_INTTYPES_H 1
| #define HAVE_STDINT_H 1
| #define HAVE_UNISTD_H 1
| #define HAVE_DLFCN_H 1
| #define LT_OBJDIR ".libs/"
| #define HAVE_ASSERT_H 1
| #define HAVE_FCNTL_H 1
| #define HAVE_SEARCH_H 1
| #define HAVE_UNISTD_H 1
| #define TIME_WITH_SYS_TIME 1
| #define HAVE_FSEEKO 1
| #define HAVE_DECL_OPTARG 1
| #define SIZEOF_SIZE_T 4
| #define TIFF_SSIZE_T int32_t
| #define HAVE_MMAP 1
| #define HAVE_GETOPT 1
| #define HOST_BIGENDIAN 0
| #define HAVE_IEEEFP 1
| #define _FILE_OFFSET_BITS 64
| #define CCITT_SUPPORT 1
| #define PACKBITS_SUPPORT 1
| #define LZW_SUPPORT 1
| #define THUNDER_SUPPORT 1
| #define NEXT_SUPPORT 1
| #define LOGLUV_SUPPORT 1
| #define MDI_SUPPORT 1
| #define ZIP_SUPPORT 1
| #define PIXARLOG_SUPPORT 1
| /* end confdefs.h.  */
| 
| /* Override any GCC internal prototype to avoid an error.
|    Use char because int might match the return type of a GCC
|    builtin and then its argument prototype would still apply.  */
| #ifdef __cplusplus
| extern "C"
| #endif
| char lzma_code ();
| int
| main ()
| {
| return lzma_code ();
|   ;
|   return 0;
| }
configure:19151: result: no
configure:19166: checking lzma.h usability
configure:19166: arm-unknown-linux-gnueabihf-gcc -c -g -O2 -Wall -W  -I/home/dev/Desktop/ClaraColour/python/crosstoolsng/zlib-armhf-install/include -I/home/dev/Desktop/ClaraColour/python/crosstoolsng/zstd-armhf-install/include conftest.c >&5
conftest.c:79:10: fatal error: lzma.h: No such file or directory
   79 | #include <lzma.h>
      |          ^~~~~~~~
compilation terminated.
configure:19166: $? = 1
configure: failed program was:
| /* confdefs.h */
| #define PACKAGE_NAME "LibTIFF Software"
| #define PACKAGE_TARNAME "tiff"
| #define PACKAGE_VERSION "4.7.0"
| #define PACKAGE_STRING "LibTIFF Software 4.7.0"
| #define PACKAGE_BUGREPORT "tiff@lists.osgeo.org"
| #define PACKAGE_URL ""
| #define PACKAGE "tiff"
| #define VERSION "4.7.0"
| #define STDC_HEADERS 1
| #define HAVE_SYS_TYPES_H 1
| #define HAVE_SYS_STAT_H 1
| #define HAVE_STDLIB_H 1
| #define HAVE_STRING_H 1
| #define HAVE_MEMORY_H 1
| #define HAVE_STRINGS_H 1
| #define HAVE_INTTYPES_H 1
| #define HAVE_STDINT_H 1
| #define HAVE_UNISTD_H 1
| #define HAVE_DLFCN_H 1
| #define LT_OBJDIR ".libs/"
| #define HAVE_ASSERT_H 1
| #define HAVE_FCNTL_H 1
| #define HAVE_SEARCH_H 1
| #define HAVE_UNISTD_H 1
| #define TIME_WITH_SYS_TIME 1
| #define HAVE_FSEEKO 1
| #define HAVE_DECL_OPTARG 1
| #define SIZEOF_SIZE_T 4
| #define TIFF_SSIZE_T int32_t
| #define HAVE_MMAP 1
| #define HAVE_GETOPT 1
| #define HOST_BIGENDIAN 0
| #define HAVE_IEEEFP 1
| #define _FILE_OFFSET_BITS 64
| #define CCITT_SUPPORT 1
| #define PACKBITS_SUPPORT 1
| #define LZW_SUPPORT 1
| #define THUNDER_SUPPORT 1
| #define NEXT_SUPPORT 1
| #define LOGLUV_SUPPORT 1
| #define MDI_SUPPORT 1
| #define ZIP_SUPPORT 1
| #define PIXARLOG_SUPPORT 1
| /* end confdefs.h.  */
| #include <stdio.h>
| #ifdef HAVE_SYS_TYPES_H
| # include <sys/types.h>
| #endif
| #ifdef HAVE_SYS_STAT_H
| # include <sys/stat.h>
| #endif
| #ifdef STDC_HEADERS
| # include <stdlib.h>
| # include <stddef.h>
| #else
| # ifdef HAVE_STDLIB_H
| #  include <stdlib.h>
| # endif
| #endif
| #ifdef HAVE_STRING_H
| # if !defined STDC_HEADERS && defined HAVE_MEMORY_H
| #  include <memory.h>
| # endif
| # include <string.h>
| #endif
| #ifdef HAVE_STRINGS_H
| # include <strings.h>
| #endif
| #ifdef HAVE_INTTYPES_H
| # include <inttypes.h>
| #endif
| #ifdef HAVE_STDINT_H
| # include <stdint.h>
| #endif
| #ifdef HAVE_UNISTD_H
| # include <unistd.h>
| #endif
| #include <lzma.h>
configure:19166: result: no
configure:19166: checking lzma.h presence
configure:19166: arm-unknown-linux-gnueabihf-gcc -E -I/home/dev/Desktop/ClaraColour/python/crosstoolsng/zlib-armhf-install/include -I/home/dev/Desktop/ClaraColour/python/crosstoolsng/zstd-armhf-install/include conftest.c
conftest.c:46:10: fatal error: lzma.h: No such file or directory
   46 | #include <lzma.h>
      |          ^~~~~~~~
compilation terminated.
configure:19166: $? = 1
configure: failed program was:
| /* confdefs.h */
| #define PACKAGE_NAME "LibTIFF Software"
| #define PACKAGE_TARNAME "tiff"
| #define PACKAGE_VERSION "4.7.0"
| #define PACKAGE_STRING "LibTIFF Software 4.7.0"
| #define PACKAGE_BUGREPORT "tiff@lists.osgeo.org"
| #define PACKAGE_URL ""
| #define PACKAGE "tiff"
| #define VERSION "4.7.0"
| #define STDC_HEADERS 1
| #define HAVE_SYS_TYPES_H 1
| #define HAVE_SYS_STAT_H 1
| #define HAVE_STDLIB_H 1
| #define HAVE_STRING_H 1
| #define HAVE_MEMORY_H 1
| #define HAVE_STRINGS_H 1
| #define HAVE_INTTYPES_H 1
| #define HAVE_STDINT_H 1
| #define HAVE_UNISTD_H 1
| #define HAVE_DLFCN_H 1
| #define LT_OBJDIR ".libs/"
| #define HAVE_ASSERT_H 1
| #define HAVE_FCNTL_H 1
| #define HAVE_SEARCH_H 1
| #define HAVE_UNISTD_H 1
| #define TIME_WITH_SYS_TIME 1
| #define HAVE_FSEEKO 1
| #define HAVE_DECL_OPTARG 1
| #define SIZEOF_SIZE_T 4
| #define TIFF_SSIZE_T int32_t
| #define HAVE_MMAP 1
| #define HAVE_GETOPT 1
| #define HOST_BIGENDIAN 0
| #define HAVE_IEEEFP 1
| #define _FILE_OFFSET_BITS 64
| #define CCITT_SUPPORT 1
| #define PACKBITS_SUPPORT 1
| #define LZW_SUPPORT 1
| #define THUNDER_SUPPORT 1
| #define NEXT_SUPPORT 1
| #define LOGLUV_SUPPORT 1
| #define MDI_SUPPORT 1
| #define ZIP_SUPPORT 1
| #define PIXARLOG_SUPPORT 1
| /* end confdefs.h.  */
| #include <lzma.h>
configure:19166: result: no
configure:19166: checking for lzma.h
configure:19166: result: no
configure:19234: checking for ZSTD_decompressStream in -lzstd
configure:19259: arm-unknown-linux-gnueabihf-gcc -o conftest -g -O2 -Wall -W  -I/home/dev/Desktop/ClaraColour/python/crosstoolsng/zlib-armhf-install/include -I/home/dev/Desktop/ClaraColour/python/crosstoolsng/zstd-armhf-install/include -L/home/dev/Desktop/ClaraColour/python/crosstoolsng/zlib-armhf-install/lib -L/home/dev/Desktop/ClaraColour/python/crosstoolsng/zstd-armhf-install/lib conftest.c -lzstd  -lz -lm  >&5
configure:19259: $? = 0
configure:19268: result: yes
configure:19283: checking zstd.h usability
configure:19283: arm-unknown-linux-gnueabihf-gcc -c -g -O2 -Wall -W  -I/home/dev/Desktop/ClaraColour/python/crosstoolsng/zlib-armhf-install/include -I/home/dev/Desktop/ClaraColour/python/crosstoolsng/zstd-armhf-install/include conftest.c >&5
configure:19283: $? = 0
configure:19283: result: yes
configure:19283: checking zstd.h presence
configure:19283: arm-unknown-linux-gnueabihf-gcc -E -I/home/dev/Desktop/ClaraColour/python/crosstoolsng/zlib-armhf-install/include -I/home/dev/Desktop/ClaraColour/python/crosstoolsng/zstd-armhf-install/include conftest.c
configure:19283: $? = 0
configure:19283: result: yes
configure:19283: checking for zstd.h
configure:19283: result: yes
configure:19351: checking for WebPDecode in -lwebp
configure:19376: arm-unknown-linux-gnueabihf-gcc -o conftest -g -O2 -Wall -W  -I/home/dev/Desktop/ClaraColour/python/crosstoolsng/zlib-armhf-install/include -I/home/dev/Desktop/ClaraColour/python/crosstoolsng/zstd-armhf-install/include -L/home/dev/Desktop/ClaraColour/python/crosstoolsng/zlib-armhf-install/lib -L/home/dev/Desktop/ClaraColour/python/crosstoolsng/zstd-armhf-install/lib conftest.c -lwebp  -lzstd -lz -lm  >&5
/home/dev/x-tools/arm-unknown-linux-gnueabihf/lib/gcc/arm-unknown-linux-gnueabihf/9.5.0/../../../../arm-unknown-linux-gnueabihf/bin/ld: cannot find -lwebp
collect2: error: ld returned 1 exit status
configure:19376: $? = 1
configure: failed program was:
| /* confdefs.h */
| #define PACKAGE_NAME "LibTIFF Software"
| #define PACKAGE_TARNAME "tiff"
| #define PACKAGE_VERSION "4.7.0"
| #define PACKAGE_STRING "LibTIFF Software 4.7.0"
| #define PACKAGE_BUGREPORT "tiff@lists.osgeo.org"
| #define PACKAGE_URL ""
| #define PACKAGE "tiff"
| #define VERSION "4.7.0"
| #define STDC_HEADERS 1
| #define HAVE_SYS_TYPES_H 1
| #define HAVE_SYS_STAT_H 1
| #define HAVE_STDLIB_H 1
| #define HAVE_STRING_H 1
| #define HAVE_MEMORY_H 1
| #define HAVE_STRINGS_H 1
| #define HAVE_INTTYPES_H 1
| #define HAVE_STDINT_H 1
| #define HAVE_UNISTD_H 1
| #define HAVE_DLFCN_H 1
| #define LT_OBJDIR ".libs/"
| #define HAVE_ASSERT_H 1
| #define HAVE_FCNTL_H 1
| #define HAVE_SEARCH_H 1
| #define HAVE_UNISTD_H 1
| #define TIME_WITH_SYS_TIME 1
| #define HAVE_FSEEKO 1
| #define HAVE_DECL_OPTARG 1
| #define SIZEOF_SIZE_T 4
| #define TIFF_SSIZE_T int32_t
| #define HAVE_MMAP 1
| #define HAVE_GETOPT 1
| #define HOST_BIGENDIAN 0
| #define HAVE_IEEEFP 1
| #define _FILE_OFFSET_BITS 64
| #define CCITT_SUPPORT 1
| #define PACKBITS_SUPPORT 1
| #define LZW_SUPPORT 1
| #define THUNDER_SUPPORT 1
| #define NEXT_SUPPORT 1
| #define LOGLUV_SUPPORT 1
| #define MDI_SUPPORT 1
| #define ZIP_SUPPORT 1
| #define PIXARLOG_SUPPORT 1
| #define ZSTD_SUPPORT 1
| /* end confdefs.h.  */
| 
| /* Override any GCC internal prototype to avoid an error.
|    Use char because int might match the return type of a GCC
|    builtin and then its argument prototype would still apply.  */
| #ifdef __cplusplus
| extern "C"
| #endif
| char WebPDecode ();
| int
| main ()
| {
| return WebPDecode ();
|   ;
|   return 0;
| }
configure:19385: result: no
configure:19400: checking webp/decode.h usability
configure:19400: arm-unknown-linux-gnueabihf-gcc -c -g -O2 -Wall -W  -I/home/dev/Desktop/ClaraColour/python/crosstoolsng/zlib-armhf-install/include -I/home/dev/Desktop/ClaraColour/python/crosstoolsng/zstd-armhf-install/include conftest.c >&5
conftest.c:80:10: fatal error: webp/decode.h: No such file or directory
   80 | #include <webp/decode.h>
      |          ^~~~~~~~~~~~~~~
compilation terminated.
configure:19400: $? = 1
configure: failed program was:
| /* confdefs.h */
| #define PACKAGE_NAME "LibTIFF Software"
| #define PACKAGE_TARNAME "tiff"
| #define PACKAGE_VERSION "4.7.0"
| #define PACKAGE_STRING "LibTIFF Software 4.7.0"
| #define PACKAGE_BUGREPORT "tiff@lists.osgeo.org"
| #define PACKAGE_URL ""
| #define PACKAGE "tiff"
| #define VERSION "4.7.0"
| #define STDC_HEADERS 1
| #define HAVE_SYS_TYPES_H 1
| #define HAVE_SYS_STAT_H 1
| #define HAVE_STDLIB_H 1
| #define HAVE_STRING_H 1
| #define HAVE_MEMORY_H 1
| #define HAVE_STRINGS_H 1
| #define HAVE_INTTYPES_H 1
| #define HAVE_STDINT_H 1
| #define HAVE_UNISTD_H 1
| #define HAVE_DLFCN_H 1
| #define LT_OBJDIR ".libs/"
| #define HAVE_ASSERT_H 1
| #define HAVE_FCNTL_H 1
| #define HAVE_SEARCH_H 1
| #define HAVE_UNISTD_H 1
| #define TIME_WITH_SYS_TIME 1
| #define HAVE_FSEEKO 1
| #define HAVE_DECL_OPTARG 1
| #define SIZEOF_SIZE_T 4
| #define TIFF_SSIZE_T int32_t
| #define HAVE_MMAP 1
| #define HAVE_GETOPT 1
| #define HOST_BIGENDIAN 0
| #define HAVE_IEEEFP 1
| #define _FILE_OFFSET_BITS 64
| #define CCITT_SUPPORT 1
| #define PACKBITS_SUPPORT 1
| #define LZW_SUPPORT 1
| #define THUNDER_SUPPORT 1
| #define NEXT_SUPPORT 1
| #define LOGLUV_SUPPORT 1
| #define MDI_SUPPORT 1
| #define ZIP_SUPPORT 1
| #define PIXARLOG_SUPPORT 1
| #define ZSTD_SUPPORT 1
| /* end confdefs.h.  */
| #include <stdio.h>
| #ifdef HAVE_SYS_TYPES_H
| # include <sys/types.h>
| #endif
| #ifdef HAVE_SYS_STAT_H
| # include <sys/stat.h>
| #endif
| #ifdef STDC_HEADERS
| # include <stdlib.h>
| # include <stddef.h>
| #else
| # ifdef HAVE_STDLIB_H
| #  include <stdlib.h>
| # endif
| #endif
| #ifdef HAVE_STRING_H
| # if !defined STDC_HEADERS && defined HAVE_MEMORY_H
| #  include <memory.h>
| # endif
| # include <string.h>
| #endif
| #ifdef HAVE_STRINGS_H
| # include <strings.h>
| #endif
| #ifdef HAVE_INTTYPES_H
| # include <inttypes.h>
| #endif
| #ifdef HAVE_STDINT_H
| # include <stdint.h>
| #endif
| #ifdef HAVE_UNISTD_H
| # include <unistd.h>
| #endif
| #include <webp/decode.h>
configure:19400: result: no
configure:19400: checking webp/decode.h presence
configure:19400: arm-unknown-linux-gnueabihf-gcc -E -I/home/dev/Desktop/ClaraColour/python/crosstoolsng/zlib-armhf-install/include -I/home/dev/Desktop/ClaraColour/python/crosstoolsng/zstd-armhf-install/include conftest.c
conftest.c:47:10: fatal error: webp/decode.h: No such file or directory
   47 | #include <webp/decode.h>
      |          ^~~~~~~~~~~~~~~
compilation terminated.
configure:19400: $? = 1
configure: failed program was:
| /* confdefs.h */
| #define PACKAGE_NAME "LibTIFF Software"
| #define PACKAGE_TARNAME "tiff"
| #define PACKAGE_VERSION "4.7.0"
| #define PACKAGE_STRING "LibTIFF Software 4.7.0"
| #define PACKAGE_BUGREPORT "tiff@lists.osgeo.org"
| #define PACKAGE_URL ""
| #define PACKAGE "tiff"
| #define VERSION "4.7.0"
| #define STDC_HEADERS 1
| #define HAVE_SYS_TYPES_H 1
| #define HAVE_SYS_STAT_H 1
| #define HAVE_STDLIB_H 1
| #define HAVE_STRING_H 1
| #define HAVE_MEMORY_H 1
| #define HAVE_STRINGS_H 1
| #define HAVE_INTTYPES_H 1
| #define HAVE_STDINT_H 1
| #define HAVE_UNISTD_H 1
| #define HAVE_DLFCN_H 1
| #define LT_OBJDIR ".libs/"
| #define HAVE_ASSERT_H 1
| #define HAVE_FCNTL_H 1
| #define HAVE_SEARCH_H 1
| #define HAVE_UNISTD_H 1
| #define TIME_WITH_SYS_TIME 1
| #define HAVE_FSEEKO 1
| #define HAVE_DECL_OPTARG 1
| #define SIZEOF_SIZE_T 4
| #define TIFF_SSIZE_T int32_t
| #define HAVE_MMAP 1
| #define HAVE_GETOPT 1
| #define HOST_BIGENDIAN 0
| #define HAVE_IEEEFP 1
| #define _FILE_OFFSET_BITS 64
| #define CCITT_SUPPORT 1
| #define PACKBITS_SUPPORT 1
| #define LZW_SUPPORT 1
| #define THUNDER_SUPPORT 1
| #define NEXT_SUPPORT 1
| #define LOGLUV_SUPPORT 1
| #define MDI_SUPPORT 1
| #define ZIP_SUPPORT 1
| #define PIXARLOG_SUPPORT 1
| #define ZSTD_SUPPORT 1
| /* end confdefs.h.  */
| #include <webp/decode.h>
configure:19400: result: no
configure:19400: checking for webp/decode.h
configure:19400: result: no
configure:19521: checking for X
configure:19629: arm-unknown-linux-gnueabihf-gcc -E -I/home/dev/Desktop/ClaraColour/python/crosstoolsng/zlib-armhf-install/include -I/home/dev/Desktop/ClaraColour/python/crosstoolsng/zstd-armhf-install/include conftest.c
conftest.c:48:10: fatal error: X11/Xlib.h: No such file or directory
   48 | #include <X11/Xlib.h>
      |          ^~~~~~~~~~~~
compilation terminated.
configure:19629: $? = 1
configure: failed program was:
| /* confdefs.h */
| #define PACKAGE_NAME "LibTIFF Software"
| #define PACKAGE_TARNAME "tiff"
| #define PACKAGE_VERSION "4.7.0"
| #define PACKAGE_STRING "LibTIFF Software 4.7.0"
| #define PACKAGE_BUGREPORT "tiff@lists.osgeo.org"
| #define PACKAGE_URL ""
| #define PACKAGE "tiff"
| #define VERSION "4.7.0"
| #define STDC_HEADERS 1
| #define HAVE_SYS_TYPES_H 1
| #define HAVE_SYS_STAT_H 1
| #define HAVE_STDLIB_H 1
| #define HAVE_STRING_H 1
| #define HAVE_MEMORY_H 1
| #define HAVE_STRINGS_H 1
| #define HAVE_INTTYPES_H 1
| #define HAVE_STDINT_H 1
| #define HAVE_UNISTD_H 1
| #define HAVE_DLFCN_H 1
| #define LT_OBJDIR ".libs/"
| #define HAVE_ASSERT_H 1
| #define HAVE_FCNTL_H 1
| #define HAVE_SEARCH_H 1
| #define HAVE_UNISTD_H 1
| #define TIME_WITH_SYS_TIME 1
| #define HAVE_FSEEKO 1
| #define HAVE_DECL_OPTARG 1
| #define SIZEOF_SIZE_T 4
| #define TIFF_SSIZE_T int32_t
| #define HAVE_MMAP 1
| #define HAVE_GETOPT 1
| #define HOST_BIGENDIAN 0
| #define HAVE_IEEEFP 1
| #define _FILE_OFFSET_BITS 64
| #define CCITT_SUPPORT 1
| #define PACKBITS_SUPPORT 1
| #define LZW_SUPPORT 1
| #define THUNDER_SUPPORT 1
| #define NEXT_SUPPORT 1
| #define LOGLUV_SUPPORT 1
| #define MDI_SUPPORT 1
| #define ZIP_SUPPORT 1
| #define PIXARLOG_SUPPORT 1
| #define ZSTD_SUPPORT 1
| #define CXX_SUPPORT 1
| /* end confdefs.h.  */
| #include <X11/Xlib.h>
configure:19660: arm-unknown-linux-gnueabihf-gcc -o conftest -g -O2 -Wall -W  -I/home/dev/Desktop/ClaraColour/python/crosstoolsng/zlib-armhf-install/include -I/home/dev/Desktop/ClaraColour/python/crosstoolsng/zstd-armhf-install/include -L/home/dev/Desktop/ClaraColour/python/crosstoolsng/zlib-armhf-install/lib -L/home/dev/Desktop/ClaraColour/python/crosstoolsng/zstd-armhf-install/lib conftest.c -lX11 -lzstd -lz -lm  >&5
conftest.c:48:10: fatal error: X11/Xlib.h: No such file or directory
   48 | #include <X11/Xlib.h>
      |          ^~~~~~~~~~~~
compilation terminated.
configure:19660: $? = 1
configure: failed program was:
| /* confdefs.h */
| #define PACKAGE_NAME "LibTIFF Software"
| #define PACKAGE_TARNAME "tiff"
| #define PACKAGE_VERSION "4.7.0"
| #define PACKAGE_STRING "LibTIFF Software 4.7.0"
| #define PACKAGE_BUGREPORT "tiff@lists.osgeo.org"
| #define PACKAGE_URL ""
| #define PACKAGE "tiff"
| #define VERSION "4.7.0"
| #define STDC_HEADERS 1
| #define HAVE_SYS_TYPES_H 1
| #define HAVE_SYS_STAT_H 1
| #define HAVE_STDLIB_H 1
| #define HAVE_STRING_H 1
| #define HAVE_MEMORY_H 1
| #define HAVE_STRINGS_H 1
| #define HAVE_INTTYPES_H 1
| #define HAVE_STDINT_H 1
| #define HAVE_UNISTD_H 1
| #define HAVE_DLFCN_H 1
| #define LT_OBJDIR ".libs/"
| #define HAVE_ASSERT_H 1
| #define HAVE_FCNTL_H 1
| #define HAVE_SEARCH_H 1
| #define HAVE_UNISTD_H 1
| #define TIME_WITH_SYS_TIME 1
| #define HAVE_FSEEKO 1
| #define HAVE_DECL_OPTARG 1
| #define SIZEOF_SIZE_T 4
| #define TIFF_SSIZE_T int32_t
| #define HAVE_MMAP 1
| #define HAVE_GETOPT 1
| #define HOST_BIGENDIAN 0
| #define HAVE_IEEEFP 1
| #define _FILE_OFFSET_BITS 64
| #define CCITT_SUPPORT 1
| #define PACKBITS_SUPPORT 1
| #define LZW_SUPPORT 1
| #define THUNDER_SUPPORT 1
| #define NEXT_SUPPORT 1
| #define LOGLUV_SUPPORT 1
| #define MDI_SUPPORT 1
| #define ZIP_SUPPORT 1
| #define PIXARLOG_SUPPORT 1
| #define ZSTD_SUPPORT 1
| #define CXX_SUPPORT 1
| /* end confdefs.h.  */
| #include <X11/Xlib.h>
| int
| main ()
| {
| XrmInitialize ()
|   ;
|   return 0;
| }
configure:19699: result: no
configure:20335: checking for the pthreads library -lpthreads
configure:20364: arm-unknown-linux-gnueabihf-gcc -o conftest -g -O2 -Wall -W   -I/home/dev/Desktop/ClaraColour/python/crosstoolsng/zlib-armhf-install/include -I/home/dev/Desktop/ClaraColour/python/crosstoolsng/zstd-armhf-install/include -L/home/dev/Desktop/ClaraColour/python/crosstoolsng/zlib-armhf-install/lib -L/home/dev/Desktop/ClaraColour/python/crosstoolsng/zstd-armhf-install/lib conftest.c -lpthreads -lzstd -lz -lm  >&5
conftest.c: In function 'routine':
conftest.c:50:41: warning: parameter 'a' set but not used [-Wunused-but-set-parameter]
   50 |               static void routine(void* a) {a=0;}
      |                                   ~~~~~~^
/home/dev/x-tools/arm-unknown-linux-gnueabihf/lib/gcc/arm-unknown-linux-gnueabihf/9.5.0/../../../../arm-unknown-linux-gnueabihf/bin/ld: cannot find -lpthreads
collect2: error: ld returned 1 exit status
configure:20364: $? = 1
configure: failed program was:
| /* confdefs.h */
| #define PACKAGE_NAME "LibTIFF Software"
| #define PACKAGE_TARNAME "tiff"
| #define PACKAGE_VERSION "4.7.0"
| #define PACKAGE_STRING "LibTIFF Software 4.7.0"
| #define PACKAGE_BUGREPORT "tiff@lists.osgeo.org"
| #define PACKAGE_URL ""
| #define PACKAGE "tiff"
| #define VERSION "4.7.0"
| #define STDC_HEADERS 1
| #define HAVE_SYS_TYPES_H 1
| #define HAVE_SYS_STAT_H 1
| #define HAVE_STDLIB_H 1
| #define HAVE_STRING_H 1
| #define HAVE_MEMORY_H 1
| #define HAVE_STRINGS_H 1
| #define HAVE_INTTYPES_H 1
| #define HAVE_STDINT_H 1
| #define HAVE_UNISTD_H 1
| #define HAVE_DLFCN_H 1
| #define LT_OBJDIR ".libs/"
| #define HAVE_ASSERT_H 1
| #define HAVE_FCNTL_H 1
| #define HAVE_SEARCH_H 1
| #define HAVE_UNISTD_H 1
| #define TIME_WITH_SYS_TIME 1
| #define HAVE_FSEEKO 1
| #define HAVE_DECL_OPTARG 1
| #define SIZEOF_SIZE_T 4
| #define TIFF_SSIZE_T int32_t
| #define HAVE_MMAP 1
| #define HAVE_GETOPT 1
| #define HOST_BIGENDIAN 0
| #define HAVE_IEEEFP 1
| #define _FILE_OFFSET_BITS 64
| #define CCITT_SUPPORT 1
| #define PACKBITS_SUPPORT 1
| #define LZW_SUPPORT 1
| #define THUNDER_SUPPORT 1
| #define NEXT_SUPPORT 1
| #define LOGLUV_SUPPORT 1
| #define MDI_SUPPORT 1
| #define ZIP_SUPPORT 1
| #define PIXARLOG_SUPPORT 1
| #define ZSTD_SUPPORT 1
| #define CXX_SUPPORT 1
| #define X_DISPLAY_MISSING 1
| /* end confdefs.h.  */
| #include <pthread.h>
| 	             static void routine(void* a) {a=0;}
| 	             static void* start_routine(void* a) {return a;}
| int
| main ()
| {
| pthread_t th; pthread_attr_t attr;
|                      pthread_create(&th,0,start_routine,0);
|                      pthread_join(th, 0);
|                      pthread_attr_init(&attr);
|                      pthread_cleanup_push(routine, 0);
|                      pthread_cleanup_pop(0);
|   ;
|   return 0;
| }
configure:20373: result: no
configure:20280: checking whether pthreads work without any flags
configure:20364: arm-unknown-linux-gnueabihf-gcc -o conftest -g -O2 -Wall -W   -I/home/dev/Desktop/ClaraColour/python/crosstoolsng/zlib-armhf-install/include -I/home/dev/Desktop/ClaraColour/python/crosstoolsng/zstd-armhf-install/include -L/home/dev/Desktop/ClaraColour/python/crosstoolsng/zlib-armhf-install/lib -L/home/dev/Desktop/ClaraColour/python/crosstoolsng/zstd-armhf-install/lib conftest.c  -lzstd -lz -lm  >&5
conftest.c: In function 'routine':
conftest.c:50:41: warning: parameter 'a' set but not used [-Wunused-but-set-parameter]
   50 |               static void routine(void* a) {a=0;}
      |                                   ~~~~~~^
/home/dev/x-tools/arm-unknown-linux-gnueabihf/lib/gcc/arm-unknown-linux-gnueabihf/9.5.0/../../../../arm-unknown-linux-gnueabihf/bin/ld: /tmp/ccmFBROS.o: undefined reference to symbol 'pthread_join@@GLIBC_2.4'
/home/dev/x-tools/arm-unknown-linux-gnueabihf/lib/gcc/arm-unknown-linux-gnueabihf/9.5.0/../../../../arm-unknown-linux-gnueabihf/bin/ld: /home/dev/x-tools/arm-unknown-linux-gnueabihf/arm-unknown-linux-gnueabihf/sysroot/lib/libpthread.so.0: error adding symbols: DSO missing from command line
collect2: error: ld returned 1 exit status
configure:20364: $? = 1
configure: failed program was:
| /* confdefs.h */
| #define PACKAGE_NAME "LibTIFF Software"
| #define PACKAGE_TARNAME "tiff"
| #define PACKAGE_VERSION "4.7.0"
| #define PACKAGE_STRING "LibTIFF Software 4.7.0"
| #define PACKAGE_BUGREPORT "tiff@lists.osgeo.org"
| #define PACKAGE_URL ""
| #define PACKAGE "tiff"
| #define VERSION "4.7.0"
| #define STDC_HEADERS 1
| #define HAVE_SYS_TYPES_H 1
| #define HAVE_SYS_STAT_H 1
| #define HAVE_STDLIB_H 1
| #define HAVE_STRING_H 1
| #define HAVE_MEMORY_H 1
| #define HAVE_STRINGS_H 1
| #define HAVE_INTTYPES_H 1
| #define HAVE_STDINT_H 1
| #define HAVE_UNISTD_H 1
| #define HAVE_DLFCN_H 1
| #define LT_OBJDIR ".libs/"
| #define HAVE_ASSERT_H 1
| #define HAVE_FCNTL_H 1
| #define HAVE_SEARCH_H 1
| #define HAVE_UNISTD_H 1
| #define TIME_WITH_SYS_TIME 1
| #define HAVE_FSEEKO 1
| #define HAVE_DECL_OPTARG 1
| #define SIZEOF_SIZE_T 4
| #define TIFF_SSIZE_T int32_t
| #define HAVE_MMAP 1
| #define HAVE_GETOPT 1
| #define HOST_BIGENDIAN 0
| #define HAVE_IEEEFP 1
| #define _FILE_OFFSET_BITS 64
| #define CCITT_SUPPORT 1
| #define PACKBITS_SUPPORT 1
| #define LZW_SUPPORT 1
| #define THUNDER_SUPPORT 1
| #define NEXT_SUPPORT 1
| #define LOGLUV_SUPPORT 1
| #define MDI_SUPPORT 1
| #define ZIP_SUPPORT 1
| #define PIXARLOG_SUPPORT 1
| #define ZSTD_SUPPORT 1
| #define CXX_SUPPORT 1
| #define X_DISPLAY_MISSING 1
| /* end confdefs.h.  */
| #include <pthread.h>
| 	             static void routine(void* a) {a=0;}
| 	             static void* start_routine(void* a) {return a;}
| int
| main ()
| {
| pthread_t th; pthread_attr_t attr;
|                      pthread_create(&th,0,start_routine,0);
|                      pthread_join(th, 0);
|                      pthread_attr_init(&attr);
|                      pthread_cleanup_push(routine, 0);
|                      pthread_cleanup_pop(0);
|   ;
|   return 0;
| }
configure:20373: result: no
configure:20285: checking whether pthreads work with -Kthread
configure:20364: arm-unknown-linux-gnueabihf-gcc -o conftest -g -O2 -Wall -W  -Kthread -I/home/dev/Desktop/ClaraColour/python/crosstoolsng/zlib-armhf-install/include -I/home/dev/Desktop/ClaraColour/python/crosstoolsng/zstd-armhf-install/include -L/home/dev/Desktop/ClaraColour/python/crosstoolsng/zlib-armhf-install/lib -L/home/dev/Desktop/ClaraColour/python/crosstoolsng/zstd-armhf-install/lib conftest.c  -lzstd -lz -lm  >&5
arm-unknown-linux-gnueabihf-gcc: error: unrecognized command line option '-Kthread'; did you mean '-pthread'?
configure:20364: $? = 1
configure: failed program was:
| /* confdefs.h */
| #define PACKAGE_NAME "LibTIFF Software"
| #define PACKAGE_TARNAME "tiff"
| #define PACKAGE_VERSION "4.7.0"
| #define PACKAGE_STRING "LibTIFF Software 4.7.0"
| #define PACKAGE_BUGREPORT "tiff@lists.osgeo.org"
| #define PACKAGE_URL ""
| #define PACKAGE "tiff"
| #define VERSION "4.7.0"
| #define STDC_HEADERS 1
| #define HAVE_SYS_TYPES_H 1
| #define HAVE_SYS_STAT_H 1
| #define HAVE_STDLIB_H 1
| #define HAVE_STRING_H 1
| #define HAVE_MEMORY_H 1
| #define HAVE_STRINGS_H 1
| #define HAVE_INTTYPES_H 1
| #define HAVE_STDINT_H 1
| #define HAVE_UNISTD_H 1
| #define HAVE_DLFCN_H 1
| #define LT_OBJDIR ".libs/"
| #define HAVE_ASSERT_H 1
| #define HAVE_FCNTL_H 1
| #define HAVE_SEARCH_H 1
| #define HAVE_UNISTD_H 1
| #define TIME_WITH_SYS_TIME 1
| #define HAVE_FSEEKO 1
| #define HAVE_DECL_OPTARG 1
| #define SIZEOF_SIZE_T 4
| #define TIFF_SSIZE_T int32_t
| #define HAVE_MMAP 1
| #define HAVE_GETOPT 1
| #define HOST_BIGENDIAN 0
| #define HAVE_IEEEFP 1
| #define _FILE_OFFSET_BITS 64
| #define CCITT_SUPPORT 1
| #define PACKBITS_SUPPORT 1
| #define LZW_SUPPORT 1
| #define THUNDER_SUPPORT 1
| #define NEXT_SUPPORT 1
| #define LOGLUV_SUPPORT 1
| #define MDI_SUPPORT 1
| #define ZIP_SUPPORT 1
| #define PIXARLOG_SUPPORT 1
| #define ZSTD_SUPPORT 1
| #define CXX_SUPPORT 1
| #define X_DISPLAY_MISSING 1
| /* end confdefs.h.  */
| #include <pthread.h>
| 	             static void routine(void* a) {a=0;}
| 	             static void* start_routine(void* a) {return a;}
| int
| main ()
| {
| pthread_t th; pthread_attr_t attr;
|                      pthread_create(&th,0,start_routine,0);
|                      pthread_join(th, 0);
|                      pthread_attr_init(&attr);
|                      pthread_cleanup_push(routine, 0);
|                      pthread_cleanup_pop(0);
|   ;
|   return 0;
| }
configure:20373: result: no
configure:20285: checking whether pthreads work with -kthread
configure:20364: arm-unknown-linux-gnueabihf-gcc -o conftest -g -O2 -Wall -W  -kthread -I/home/dev/Desktop/ClaraColour/python/crosstoolsng/zlib-armhf-install/include -I/home/dev/Desktop/ClaraColour/python/crosstoolsng/zstd-armhf-install/include -L/home/dev/Desktop/ClaraColour/python/crosstoolsng/zlib-armhf-install/lib -L/home/dev/Desktop/ClaraColour/python/crosstoolsng/zstd-armhf-install/lib conftest.c  -lzstd -lz -lm  >&5
arm-unknown-linux-gnueabihf-gcc: error: unrecognized command line option '-kthread'; did you mean '-pthread'?
configure:20364: $? = 1
configure: failed program was:
| /* confdefs.h */
| #define PACKAGE_NAME "LibTIFF Software"
| #define PACKAGE_TARNAME "tiff"
| #define PACKAGE_VERSION "4.7.0"
| #define PACKAGE_STRING "LibTIFF Software 4.7.0"
| #define PACKAGE_BUGREPORT "tiff@lists.osgeo.org"
| #define PACKAGE_URL ""
| #define PACKAGE "tiff"
| #define VERSION "4.7.0"
| #define STDC_HEADERS 1
| #define HAVE_SYS_TYPES_H 1
| #define HAVE_SYS_STAT_H 1
| #define HAVE_STDLIB_H 1
| #define HAVE_STRING_H 1
| #define HAVE_MEMORY_H 1
| #define HAVE_STRINGS_H 1
| #define HAVE_INTTYPES_H 1
| #define HAVE_STDINT_H 1
| #define HAVE_UNISTD_H 1
| #define HAVE_DLFCN_H 1
| #define LT_OBJDIR ".libs/"
| #define HAVE_ASSERT_H 1
| #define HAVE_FCNTL_H 1
| #define HAVE_SEARCH_H 1
| #define HAVE_UNISTD_H 1
| #define TIME_WITH_SYS_TIME 1
| #define HAVE_FSEEKO 1
| #define HAVE_DECL_OPTARG 1
| #define SIZEOF_SIZE_T 4
| #define TIFF_SSIZE_T int32_t
| #define HAVE_MMAP 1
| #define HAVE_GETOPT 1
| #define HOST_BIGENDIAN 0
| #define HAVE_IEEEFP 1
| #define _FILE_OFFSET_BITS 64
| #define CCITT_SUPPORT 1
| #define PACKBITS_SUPPORT 1
| #define LZW_SUPPORT 1
| #define THUNDER_SUPPORT 1
| #define NEXT_SUPPORT 1
| #define LOGLUV_SUPPORT 1
| #define MDI_SUPPORT 1
| #define ZIP_SUPPORT 1
| #define PIXARLOG_SUPPORT 1
| #define ZSTD_SUPPORT 1
| #define CXX_SUPPORT 1
| #define X_DISPLAY_MISSING 1
| /* end confdefs.h.  */
| #include <pthread.h>
| 	             static void routine(void* a) {a=0;}
| 	             static void* start_routine(void* a) {return a;}
| int
| main ()
| {
| pthread_t th; pthread_attr_t attr;
|                      pthread_create(&th,0,start_routine,0);
|                      pthread_join(th, 0);
|                      pthread_attr_init(&attr);
|                      pthread_cleanup_push(routine, 0);
|                      pthread_cleanup_pop(0);
|   ;
|   return 0;
| }
configure:20373: result: no
configure:20335: checking for the pthreads library -llthread
configure:20364: arm-unknown-linux-gnueabihf-gcc -o conftest -g -O2 -Wall -W   -I/home/dev/Desktop/ClaraColour/python/crosstoolsng/zlib-armhf-install/include -I/home/dev/Desktop/ClaraColour/python/crosstoolsng/zstd-armhf-install/include -L/home/dev/Desktop/ClaraColour/python/crosstoolsng/zlib-armhf-install/lib -L/home/dev/Desktop/ClaraColour/python/crosstoolsng/zstd-armhf-install/lib conftest.c -llthread -lzstd -lz -lm  >&5
conftest.c: In function 'routine':
conftest.c:50:41: warning: parameter 'a' set but not used [-Wunused-but-set-parameter]
   50 |               static void routine(void* a) {a=0;}
      |                                   ~~~~~~^
/home/dev/x-tools/arm-unknown-linux-gnueabihf/lib/gcc/arm-unknown-linux-gnueabihf/9.5.0/../../../../arm-unknown-linux-gnueabihf/bin/ld: cannot find -llthread
collect2: error: ld returned 1 exit status
configure:20364: $? = 1
configure: failed program was:
| /* confdefs.h */
| #define PACKAGE_NAME "LibTIFF Software"
| #define PACKAGE_TARNAME "tiff"
| #define PACKAGE_VERSION "4.7.0"
| #define PACKAGE_STRING "LibTIFF Software 4.7.0"
| #define PACKAGE_BUGREPORT "tiff@lists.osgeo.org"
| #define PACKAGE_URL ""
| #define PACKAGE "tiff"
| #define VERSION "4.7.0"
| #define STDC_HEADERS 1
| #define HAVE_SYS_TYPES_H 1
| #define HAVE_SYS_STAT_H 1
| #define HAVE_STDLIB_H 1
| #define HAVE_STRING_H 1
| #define HAVE_MEMORY_H 1
| #define HAVE_STRINGS_H 1
| #define HAVE_INTTYPES_H 1
| #define HAVE_STDINT_H 1
| #define HAVE_UNISTD_H 1
| #define HAVE_DLFCN_H 1
| #define LT_OBJDIR ".libs/"
| #define HAVE_ASSERT_H 1
| #define HAVE_FCNTL_H 1
| #define HAVE_SEARCH_H 1
| #define HAVE_UNISTD_H 1
| #define TIME_WITH_SYS_TIME 1
| #define HAVE_FSEEKO 1
| #define HAVE_DECL_OPTARG 1
| #define SIZEOF_SIZE_T 4
| #define TIFF_SSIZE_T int32_t
| #define HAVE_MMAP 1
| #define HAVE_GETOPT 1
| #define HOST_BIGENDIAN 0
| #define HAVE_IEEEFP 1
| #define _FILE_OFFSET_BITS 64
| #define CCITT_SUPPORT 1
| #define PACKBITS_SUPPORT 1
| #define LZW_SUPPORT 1
| #define THUNDER_SUPPORT 1
| #define NEXT_SUPPORT 1
| #define LOGLUV_SUPPORT 1
| #define MDI_SUPPORT 1
| #define ZIP_SUPPORT 1
| #define PIXARLOG_SUPPORT 1
| #define ZSTD_SUPPORT 1
| #define CXX_SUPPORT 1
| #define X_DISPLAY_MISSING 1
| /* end confdefs.h.  */
| #include <pthread.h>
| 	             static void routine(void* a) {a=0;}
| 	             static void* start_routine(void* a) {return a;}
| int
| main ()
| {
| pthread_t th; pthread_attr_t attr;
|                      pthread_create(&th,0,start_routine,0);
|                      pthread_join(th, 0);
|                      pthread_attr_init(&attr);
|                      pthread_cleanup_push(routine, 0);
|                      pthread_cleanup_pop(0);
|   ;
|   return 0;
| }
configure:20373: result: no
configure:20285: checking whether pthreads work with -pthread
configure:20364: arm-unknown-linux-gnueabihf-gcc -o conftest -g -O2 -Wall -W  -pthread -I/home/dev/Desktop/ClaraColour/python/crosstoolsng/zlib-armhf-install/include -I/home/dev/Desktop/ClaraColour/python/crosstoolsng/zstd-armhf-install/include -L/home/dev/Desktop/ClaraColour/python/crosstoolsng/zlib-armhf-install/lib -L/home/dev/Desktop/ClaraColour/python/crosstoolsng/zstd-armhf-install/lib conftest.c  -lzstd -lz -lm  >&5
conftest.c: In function 'routine':
conftest.c:50:41: warning: parameter 'a' set but not used [-Wunused-but-set-parameter]
   50 |               static void routine(void* a) {a=0;}
      |                                   ~~~~~~^
configure:20364: $? = 0
configure:20373: result: yes
configure:20390: checking for joinable pthread attribute
configure:20405: arm-unknown-linux-gnueabihf-gcc -o conftest -g -O2 -Wall -W  -pthread -I/home/dev/Desktop/ClaraColour/python/crosstoolsng/zlib-armhf-install/include -I/home/dev/Desktop/ClaraColour/python/crosstoolsng/zstd-armhf-install/include -L/home/dev/Desktop/ClaraColour/python/crosstoolsng/zlib-armhf-install/lib -L/home/dev/Desktop/ClaraColour/python/crosstoolsng/zstd-armhf-install/lib conftest.c  -lzstd -lz -lm  >&5
configure:20405: $? = 0
configure:20411: result: PTHREAD_CREATE_JOINABLE
configure:20421: checking if more special flags are required for pthreads
configure:20428: result: no
configure:20516: checking whether we are using the Microsoft C compiler
configure:20535: arm-unknown-linux-gnueabihf-gcc -c -g -O2 -Wall -W  -I/home/dev/Desktop/ClaraColour/python/crosstoolsng/zlib-armhf-install/include -I/home/dev/Desktop/ClaraColour/python/crosstoolsng/zstd-armhf-install/include conftest.c >&5
conftest.c: In function 'main':
conftest.c:55:8: error: unknown type name 'choke'
   55 |        choke me
      |        ^~~~~
conftest.c:55:14: warning: unused variable 'me' [-Wunused-variable]
   55 |        choke me
      |              ^~
configure:20535: $? = 1
configure: failed program was:
| /* confdefs.h */
| #define PACKAGE_NAME "LibTIFF Software"
| #define PACKAGE_TARNAME "tiff"
| #define PACKAGE_VERSION "4.7.0"
| #define PACKAGE_STRING "LibTIFF Software 4.7.0"
| #define PACKAGE_BUGREPORT "tiff@lists.osgeo.org"
| #define PACKAGE_URL ""
| #define PACKAGE "tiff"
| #define VERSION "4.7.0"
| #define STDC_HEADERS 1
| #define HAVE_SYS_TYPES_H 1
| #define HAVE_SYS_STAT_H 1
| #define HAVE_STDLIB_H 1
| #define HAVE_STRING_H 1
| #define HAVE_MEMORY_H 1
| #define HAVE_STRINGS_H 1
| #define HAVE_INTTYPES_H 1
| #define HAVE_STDINT_H 1
| #define HAVE_UNISTD_H 1
| #define HAVE_DLFCN_H 1
| #define LT_OBJDIR ".libs/"
| #define HAVE_ASSERT_H 1
| #define HAVE_FCNTL_H 1
| #define HAVE_SEARCH_H 1
| #define HAVE_UNISTD_H 1
| #define TIME_WITH_SYS_TIME 1
| #define HAVE_FSEEKO 1
| #define HAVE_DECL_OPTARG 1
| #define SIZEOF_SIZE_T 4
| #define TIFF_SSIZE_T int32_t
| #define HAVE_MMAP 1
| #define HAVE_GETOPT 1
| #define HOST_BIGENDIAN 0
| #define HAVE_IEEEFP 1
| #define _FILE_OFFSET_BITS 64
| #define CCITT_SUPPORT 1
| #define PACKBITS_SUPPORT 1
| #define LZW_SUPPORT 1
| #define THUNDER_SUPPORT 1
| #define NEXT_SUPPORT 1
| #define LOGLUV_SUPPORT 1
| #define MDI_SUPPORT 1
| #define ZIP_SUPPORT 1
| #define PIXARLOG_SUPPORT 1
| #define ZSTD_SUPPORT 1
| #define CXX_SUPPORT 1
| #define X_DISPLAY_MISSING 1
| #define HAVE_PTHREAD 1
| /* end confdefs.h.  */
| 
| int
| main ()
| {
| #ifndef _MSC_VER
|        choke me
| #endif
| 
|   ;
|   return 0;
| }
configure:20544: result: no
configure:20564: checking GL/gl.h usability
configure:20564: arm-unknown-linux-gnueabihf-gcc -c -g -O2 -Wall -W  -pthread -I/home/dev/Desktop/ClaraColour/python/crosstoolsng/zlib-armhf-install/include -I/home/dev/Desktop/ClaraColour/python/crosstoolsng/zstd-armhf-install/include conftest.c >&5
conftest.c:83:10: fatal error: GL/gl.h: No such file or directory
   83 | #include <GL/gl.h>
      |          ^~~~~~~~~
compilation terminated.
configure:20564: $? = 1
configure: failed program was:
| /* confdefs.h */
| #define PACKAGE_NAME "LibTIFF Software"
| #define PACKAGE_TARNAME "tiff"
| #define PACKAGE_VERSION "4.7.0"
| #define PACKAGE_STRING "LibTIFF Software 4.7.0"
| #define PACKAGE_BUGREPORT "tiff@lists.osgeo.org"
| #define PACKAGE_URL ""
| #define PACKAGE "tiff"
| #define VERSION "4.7.0"
| #define STDC_HEADERS 1
| #define HAVE_SYS_TYPES_H 1
| #define HAVE_SYS_STAT_H 1
| #define HAVE_STDLIB_H 1
| #define HAVE_STRING_H 1
| #define HAVE_MEMORY_H 1
| #define HAVE_STRINGS_H 1
| #define HAVE_INTTYPES_H 1
| #define HAVE_STDINT_H 1
| #define HAVE_UNISTD_H 1
| #define HAVE_DLFCN_H 1
| #define LT_OBJDIR ".libs/"
| #define HAVE_ASSERT_H 1
| #define HAVE_FCNTL_H 1
| #define HAVE_SEARCH_H 1
| #define HAVE_UNISTD_H 1
| #define TIME_WITH_SYS_TIME 1
| #define HAVE_FSEEKO 1
| #define HAVE_DECL_OPTARG 1
| #define SIZEOF_SIZE_T 4
| #define TIFF_SSIZE_T int32_t
| #define HAVE_MMAP 1
| #define HAVE_GETOPT 1
| #define HOST_BIGENDIAN 0
| #define HAVE_IEEEFP 1
| #define _FILE_OFFSET_BITS 64
| #define CCITT_SUPPORT 1
| #define PACKBITS_SUPPORT 1
| #define LZW_SUPPORT 1
| #define THUNDER_SUPPORT 1
| #define NEXT_SUPPORT 1
| #define LOGLUV_SUPPORT 1
| #define MDI_SUPPORT 1
| #define ZIP_SUPPORT 1
| #define PIXARLOG_SUPPORT 1
| #define ZSTD_SUPPORT 1
| #define CXX_SUPPORT 1
| #define X_DISPLAY_MISSING 1
| #define HAVE_PTHREAD 1
| /* end confdefs.h.  */
| #include <stdio.h>
| #ifdef HAVE_SYS_TYPES_H
| # include <sys/types.h>
| #endif
| #ifdef HAVE_SYS_STAT_H
| # include <sys/stat.h>
| #endif
| #ifdef STDC_HEADERS
| # include <stdlib.h>
| # include <stddef.h>
| #else
| # ifdef HAVE_STDLIB_H
| #  include <stdlib.h>
| # endif
| #endif
| #ifdef HAVE_STRING_H
| # if !defined STDC_HEADERS && defined HAVE_MEMORY_H
| #  include <memory.h>
| # endif
| # include <string.h>
| #endif
| #ifdef HAVE_STRINGS_H
| # include <strings.h>
| #endif
| #ifdef HAVE_INTTYPES_H
| # include <inttypes.h>
| #endif
| #ifdef HAVE_STDINT_H
| # include <stdint.h>
| #endif
| #ifdef HAVE_UNISTD_H
| # include <unistd.h>
| #endif
| #include <GL/gl.h>
configure:20564: result: no
configure:20564: checking GL/gl.h presence
configure:20564: arm-unknown-linux-gnueabihf-gcc -E -pthread -I/home/dev/Desktop/ClaraColour/python/crosstoolsng/zlib-armhf-install/include -I/home/dev/Desktop/ClaraColour/python/crosstoolsng/zstd-armhf-install/include conftest.c
conftest.c:50:10: fatal error: GL/gl.h: No such file or directory
   50 | #include <GL/gl.h>
      |          ^~~~~~~~~
compilation terminated.
configure:20564: $? = 1
configure: failed program was:
| /* confdefs.h */
| #define PACKAGE_NAME "LibTIFF Software"
| #define PACKAGE_TARNAME "tiff"
| #define PACKAGE_VERSION "4.7.0"
| #define PACKAGE_STRING "LibTIFF Software 4.7.0"
| #define PACKAGE_BUGREPORT "tiff@lists.osgeo.org"
| #define PACKAGE_URL ""
| #define PACKAGE "tiff"
| #define VERSION "4.7.0"
| #define STDC_HEADERS 1
| #define HAVE_SYS_TYPES_H 1
| #define HAVE_SYS_STAT_H 1
| #define HAVE_STDLIB_H 1
| #define HAVE_STRING_H 1
| #define HAVE_MEMORY_H 1
| #define HAVE_STRINGS_H 1
| #define HAVE_INTTYPES_H 1
| #define HAVE_STDINT_H 1
| #define HAVE_UNISTD_H 1
| #define HAVE_DLFCN_H 1
| #define LT_OBJDIR ".libs/"
| #define HAVE_ASSERT_H 1
| #define HAVE_FCNTL_H 1
| #define HAVE_SEARCH_H 1
| #define HAVE_UNISTD_H 1
| #define TIME_WITH_SYS_TIME 1
| #define HAVE_FSEEKO 1
| #define HAVE_DECL_OPTARG 1
| #define SIZEOF_SIZE_T 4
| #define TIFF_SSIZE_T int32_t
| #define HAVE_MMAP 1
| #define HAVE_GETOPT 1
| #define HOST_BIGENDIAN 0
| #define HAVE_IEEEFP 1
| #define _FILE_OFFSET_BITS 64
| #define CCITT_SUPPORT 1
| #define PACKBITS_SUPPORT 1
| #define LZW_SUPPORT 1
| #define THUNDER_SUPPORT 1
| #define NEXT_SUPPORT 1
| #define LOGLUV_SUPPORT 1
| #define MDI_SUPPORT 1
| #define ZIP_SUPPORT 1
| #define PIXARLOG_SUPPORT 1
| #define ZSTD_SUPPORT 1
| #define CXX_SUPPORT 1
| #define X_DISPLAY_MISSING 1
| #define HAVE_PTHREAD 1
| /* end confdefs.h.  */
| #include <GL/gl.h>
configure:20564: result: no
configure:20564: checking for GL/gl.h
configure:20564: result: no
configure:20564: checking OpenGL/gl.h usability
configure:20564: arm-unknown-linux-gnueabihf-gcc -c -g -O2 -Wall -W  -pthread -I/home/dev/Desktop/ClaraColour/python/crosstoolsng/zlib-armhf-install/include -I/home/dev/Desktop/ClaraColour/python/crosstoolsng/zstd-armhf-install/include conftest.c >&5
conftest.c:83:10: fatal error: OpenGL/gl.h: No such file or directory
   83 | #include <OpenGL/gl.h>
      |          ^~~~~~~~~~~~~
compilation terminated.
configure:20564: $? = 1
configure: failed program was:
| /* confdefs.h */
| #define PACKAGE_NAME "LibTIFF Software"
| #define PACKAGE_TARNAME "tiff"
| #define PACKAGE_VERSION "4.7.0"
| #define PACKAGE_STRING "LibTIFF Software 4.7.0"
| #define PACKAGE_BUGREPORT "tiff@lists.osgeo.org"
| #define PACKAGE_URL ""
| #define PACKAGE "tiff"
| #define VERSION "4.7.0"
| #define STDC_HEADERS 1
| #define HAVE_SYS_TYPES_H 1
| #define HAVE_SYS_STAT_H 1
| #define HAVE_STDLIB_H 1
| #define HAVE_STRING_H 1
| #define HAVE_MEMORY_H 1
| #define HAVE_STRINGS_H 1
| #define HAVE_INTTYPES_H 1
| #define HAVE_STDINT_H 1
| #define HAVE_UNISTD_H 1
| #define HAVE_DLFCN_H 1
| #define LT_OBJDIR ".libs/"
| #define HAVE_ASSERT_H 1
| #define HAVE_FCNTL_H 1
| #define HAVE_SEARCH_H 1
| #define HAVE_UNISTD_H 1
| #define TIME_WITH_SYS_TIME 1
| #define HAVE_FSEEKO 1
| #define HAVE_DECL_OPTARG 1
| #define SIZEOF_SIZE_T 4
| #define TIFF_SSIZE_T int32_t
| #define HAVE_MMAP 1
| #define HAVE_GETOPT 1
| #define HOST_BIGENDIAN 0
| #define HAVE_IEEEFP 1
| #define _FILE_OFFSET_BITS 64
| #define CCITT_SUPPORT 1
| #define PACKBITS_SUPPORT 1
| #define LZW_SUPPORT 1
| #define THUNDER_SUPPORT 1
| #define NEXT_SUPPORT 1
| #define LOGLUV_SUPPORT 1
| #define MDI_SUPPORT 1
| #define ZIP_SUPPORT 1
| #define PIXARLOG_SUPPORT 1
| #define ZSTD_SUPPORT 1
| #define CXX_SUPPORT 1
| #define X_DISPLAY_MISSING 1
| #define HAVE_PTHREAD 1
| /* end confdefs.h.  */
| #include <stdio.h>
| #ifdef HAVE_SYS_TYPES_H
| # include <sys/types.h>
| #endif
| #ifdef HAVE_SYS_STAT_H
| # include <sys/stat.h>
| #endif
| #ifdef STDC_HEADERS
| # include <stdlib.h>
| # include <stddef.h>
| #else
| # ifdef HAVE_STDLIB_H
| #  include <stdlib.h>
| # endif
| #endif
| #ifdef HAVE_STRING_H
| # if !defined STDC_HEADERS && defined HAVE_MEMORY_H
| #  include <memory.h>
| # endif
| # include <string.h>
| #endif
| #ifdef HAVE_STRINGS_H
| # include <strings.h>
| #endif
| #ifdef HAVE_INTTYPES_H
| # include <inttypes.h>
| #endif
| #ifdef HAVE_STDINT_H
| # include <stdint.h>
| #endif
| #ifdef HAVE_UNISTD_H
| # include <unistd.h>
| #endif
| #include <OpenGL/gl.h>
configure:20564: result: no
configure:20564: checking OpenGL/gl.h presence
configure:20564: arm-unknown-linux-gnueabihf-gcc -E -pthread -I/home/dev/Desktop/ClaraColour/python/crosstoolsng/zlib-armhf-install/include -I/home/dev/Desktop/ClaraColour/python/crosstoolsng/zstd-armhf-install/include conftest.c
conftest.c:50:10: fatal error: OpenGL/gl.h: No such file or directory
   50 | #include <OpenGL/gl.h>
      |          ^~~~~~~~~~~~~
compilation terminated.
configure:20564: $? = 1
configure: failed program was:
| /* confdefs.h */
| #define PACKAGE_NAME "LibTIFF Software"
| #define PACKAGE_TARNAME "tiff"
| #define PACKAGE_VERSION "4.7.0"
| #define PACKAGE_STRING "LibTIFF Software 4.7.0"
| #define PACKAGE_BUGREPORT "tiff@lists.osgeo.org"
| #define PACKAGE_URL ""
| #define PACKAGE "tiff"
| #define VERSION "4.7.0"
| #define STDC_HEADERS 1
| #define HAVE_SYS_TYPES_H 1
| #define HAVE_SYS_STAT_H 1
| #define HAVE_STDLIB_H 1
| #define HAVE_STRING_H 1
| #define HAVE_MEMORY_H 1
| #define HAVE_STRINGS_H 1
| #define HAVE_INTTYPES_H 1
| #define HAVE_STDINT_H 1
| #define HAVE_UNISTD_H 1
| #define HAVE_DLFCN_H 1
| #define LT_OBJDIR ".libs/"
| #define HAVE_ASSERT_H 1
| #define HAVE_FCNTL_H 1
| #define HAVE_SEARCH_H 1
| #define HAVE_UNISTD_H 1
| #define TIME_WITH_SYS_TIME 1
| #define HAVE_FSEEKO 1
| #define HAVE_DECL_OPTARG 1
| #define SIZEOF_SIZE_T 4
| #define TIFF_SSIZE_T int32_t
| #define HAVE_MMAP 1
| #define HAVE_GETOPT 1
| #define HOST_BIGENDIAN 0
| #define HAVE_IEEEFP 1
| #define _FILE_OFFSET_BITS 64
| #define CCITT_SUPPORT 1
| #define PACKBITS_SUPPORT 1
| #define LZW_SUPPORT 1
| #define THUNDER_SUPPORT 1
| #define NEXT_SUPPORT 1
| #define LOGLUV_SUPPORT 1
| #define MDI_SUPPORT 1
| #define ZIP_SUPPORT 1
| #define PIXARLOG_SUPPORT 1
| #define ZSTD_SUPPORT 1
| #define CXX_SUPPORT 1
| #define X_DISPLAY_MISSING 1
| #define HAVE_PTHREAD 1
| /* end confdefs.h.  */
| #include <OpenGL/gl.h>
configure:20564: result: no
configure:20564: checking for OpenGL/gl.h
configure:20564: result: no
configure:20578: checking windows.h usability
configure:20578: arm-unknown-linux-gnueabihf-gcc -c -g -O2 -Wall -W  -I/home/dev/Desktop/ClaraColour/python/crosstoolsng/zlib-armhf-install/include -I/home/dev/Desktop/ClaraColour/python/crosstoolsng/zstd-armhf-install/include conftest.c >&5
conftest.c:83:10: fatal error: windows.h: No such file or directory
   83 | #include <windows.h>
      |          ^~~~~~~~~~~
compilation terminated.
configure:20578: $? = 1
configure: failed program was:
| /* confdefs.h */
| #define PACKAGE_NAME "LibTIFF Software"
| #define PACKAGE_TARNAME "tiff"
| #define PACKAGE_VERSION "4.7.0"
| #define PACKAGE_STRING "LibTIFF Software 4.7.0"
| #define PACKAGE_BUGREPORT "tiff@lists.osgeo.org"
| #define PACKAGE_URL ""
| #define PACKAGE "tiff"
| #define VERSION "4.7.0"
| #define STDC_HEADERS 1
| #define HAVE_SYS_TYPES_H 1
| #define HAVE_SYS_STAT_H 1
| #define HAVE_STDLIB_H 1
| #define HAVE_STRING_H 1
| #define HAVE_MEMORY_H 1
| #define HAVE_STRINGS_H 1
| #define HAVE_INTTYPES_H 1
| #define HAVE_STDINT_H 1
| #define HAVE_UNISTD_H 1
| #define HAVE_DLFCN_H 1
| #define LT_OBJDIR ".libs/"
| #define HAVE_ASSERT_H 1
| #define HAVE_FCNTL_H 1
| #define HAVE_SEARCH_H 1
| #define HAVE_UNISTD_H 1
| #define TIME_WITH_SYS_TIME 1
| #define HAVE_FSEEKO 1
| #define HAVE_DECL_OPTARG 1
| #define SIZEOF_SIZE_T 4
| #define TIFF_SSIZE_T int32_t
| #define HAVE_MMAP 1
| #define HAVE_GETOPT 1
| #define HOST_BIGENDIAN 0
| #define HAVE_IEEEFP 1
| #define _FILE_OFFSET_BITS 64
| #define CCITT_SUPPORT 1
| #define PACKBITS_SUPPORT 1
| #define LZW_SUPPORT 1
| #define THUNDER_SUPPORT 1
| #define NEXT_SUPPORT 1
| #define LOGLUV_SUPPORT 1
| #define MDI_SUPPORT 1
| #define ZIP_SUPPORT 1
| #define PIXARLOG_SUPPORT 1
| #define ZSTD_SUPPORT 1
| #define CXX_SUPPORT 1
| #define X_DISPLAY_MISSING 1
| #define HAVE_PTHREAD 1
| /* end confdefs.h.  */
| #include <stdio.h>
| #ifdef HAVE_SYS_TYPES_H
| # include <sys/types.h>
| #endif
| #ifdef HAVE_SYS_STAT_H
| # include <sys/stat.h>
| #endif
| #ifdef STDC_HEADERS
| # include <stdlib.h>
| # include <stddef.h>
| #else
| # ifdef HAVE_STDLIB_H
| #  include <stdlib.h>
| # endif
| #endif
| #ifdef HAVE_STRING_H
| # if !defined STDC_HEADERS && defined HAVE_MEMORY_H
| #  include <memory.h>
| # endif
| # include <string.h>
| #endif
| #ifdef HAVE_STRINGS_H
| # include <strings.h>
| #endif
| #ifdef HAVE_INTTYPES_H
| # include <inttypes.h>
| #endif
| #ifdef HAVE_STDINT_H
| # include <stdint.h>
| #endif
| #ifdef HAVE_UNISTD_H
| # include <unistd.h>
| #endif
| #include <windows.h>
configure:20578: result: no
configure:20578: checking windows.h presence
configure:20578: arm-unknown-linux-gnueabihf-gcc -E -I/home/dev/Desktop/ClaraColour/python/crosstoolsng/zlib-armhf-install/include -I/home/dev/Desktop/ClaraColour/python/crosstoolsng/zstd-armhf-install/include conftest.c
conftest.c:50:10: fatal error: windows.h: No such file or directory
   50 | #include <windows.h>
      |          ^~~~~~~~~~~
compilation terminated.
configure:20578: $? = 1
configure: failed program was:
| /* confdefs.h */
| #define PACKAGE_NAME "LibTIFF Software"
| #define PACKAGE_TARNAME "tiff"
| #define PACKAGE_VERSION "4.7.0"
| #define PACKAGE_STRING "LibTIFF Software 4.7.0"
| #define PACKAGE_BUGREPORT "tiff@lists.osgeo.org"
| #define PACKAGE_URL ""
| #define PACKAGE "tiff"
| #define VERSION "4.7.0"
| #define STDC_HEADERS 1
| #define HAVE_SYS_TYPES_H 1
| #define HAVE_SYS_STAT_H 1
| #define HAVE_STDLIB_H 1
| #define HAVE_STRING_H 1
| #define HAVE_MEMORY_H 1
| #define HAVE_STRINGS_H 1
| #define HAVE_INTTYPES_H 1
| #define HAVE_STDINT_H 1
| #define HAVE_UNISTD_H 1
| #define HAVE_DLFCN_H 1
| #define LT_OBJDIR ".libs/"
| #define HAVE_ASSERT_H 1
| #define HAVE_FCNTL_H 1
| #define HAVE_SEARCH_H 1
| #define HAVE_UNISTD_H 1
| #define TIME_WITH_SYS_TIME 1
| #define HAVE_FSEEKO 1
| #define HAVE_DECL_OPTARG 1
| #define SIZEOF_SIZE_T 4
| #define TIFF_SSIZE_T int32_t
| #define HAVE_MMAP 1
| #define HAVE_GETOPT 1
| #define HOST_BIGENDIAN 0
| #define HAVE_IEEEFP 1
| #define _FILE_OFFSET_BITS 64
| #define CCITT_SUPPORT 1
| #define PACKBITS_SUPPORT 1
| #define LZW_SUPPORT 1
| #define THUNDER_SUPPORT 1
| #define NEXT_SUPPORT 1
| #define LOGLUV_SUPPORT 1
| #define MDI_SUPPORT 1
| #define ZIP_SUPPORT 1
| #define PIXARLOG_SUPPORT 1
| #define ZSTD_SUPPORT 1
| #define CXX_SUPPORT 1
| #define X_DISPLAY_MISSING 1
| #define HAVE_PTHREAD 1
| /* end confdefs.h.  */
| #include <windows.h>
configure:20578: result: no
configure:20578: checking for windows.h
configure:20578: result: no
configure:20591: checking for OpenGL library
configure:20634: arm-unknown-linux-gnueabihf-gcc -o conftest -g -O2 -Wall -W  -pthread -I/home/dev/Desktop/ClaraColour/python/crosstoolsng/zlib-armhf-install/include -I/home/dev/Desktop/ClaraColour/python/crosstoolsng/zstd-armhf-install/include -L/home/dev/Desktop/ClaraColour/python/crosstoolsng/zlib-armhf-install/lib -L/home/dev/Desktop/ClaraColour/python/crosstoolsng/zstd-armhf-install/lib conftest.c -lopengl32  -lm -lzstd -lz -lm  >&5
conftest.c:59:5: error: #error no gl.h
   59 | #   error no gl.h
      |     ^~~~~
conftest.c: In function 'main':
conftest.c:64:1: warning: implicit declaration of function 'glBegin' [-Wimplicit-function-declaration]
   64 | glBegin(0)
      | ^~~~~~~
configure:20634: $? = 1
configure: failed program was:
| /* confdefs.h */
| #define PACKAGE_NAME "LibTIFF Software"
| #define PACKAGE_TARNAME "tiff"
| #define PACKAGE_VERSION "4.7.0"
| #define PACKAGE_STRING "LibTIFF Software 4.7.0"
| #define PACKAGE_BUGREPORT "tiff@lists.osgeo.org"
| #define PACKAGE_URL ""
| #define PACKAGE "tiff"
| #define VERSION "4.7.0"
| #define STDC_HEADERS 1
| #define HAVE_SYS_TYPES_H 1
| #define HAVE_SYS_STAT_H 1
| #define HAVE_STDLIB_H 1
| #define HAVE_STRING_H 1
| #define HAVE_MEMORY_H 1
| #define HAVE_STRINGS_H 1
| #define HAVE_INTTYPES_H 1
| #define HAVE_STDINT_H 1
| #define HAVE_UNISTD_H 1
| #define HAVE_DLFCN_H 1
| #define LT_OBJDIR ".libs/"
| #define HAVE_ASSERT_H 1
| #define HAVE_FCNTL_H 1
| #define HAVE_SEARCH_H 1
| #define HAVE_UNISTD_H 1
| #define TIME_WITH_SYS_TIME 1
| #define HAVE_FSEEKO 1
| #define HAVE_DECL_OPTARG 1
| #define SIZEOF_SIZE_T 4
| #define TIFF_SSIZE_T int32_t
| #define HAVE_MMAP 1
| #define HAVE_GETOPT 1
| #define HOST_BIGENDIAN 0
| #define HAVE_IEEEFP 1
| #define _FILE_OFFSET_BITS 64
| #define CCITT_SUPPORT 1
| #define PACKBITS_SUPPORT 1
| #define LZW_SUPPORT 1
| #define THUNDER_SUPPORT 1
| #define NEXT_SUPPORT 1
| #define LOGLUV_SUPPORT 1
| #define MDI_SUPPORT 1
| #define ZIP_SUPPORT 1
| #define PIXARLOG_SUPPORT 1
| #define ZSTD_SUPPORT 1
| #define CXX_SUPPORT 1
| #define X_DISPLAY_MISSING 1
| #define HAVE_PTHREAD 1
| /* end confdefs.h.  */
| 
| # if defined(HAVE_WINDOWS_H) && defined(_WIN32)
| #   include <windows.h>
| # endif
| # ifdef HAVE_GL_GL_H
| #   include <GL/gl.h>
| # elif defined(HAVE_OPENGL_GL_H)
| #   include <OpenGL/gl.h>
| # else
| #   error no gl.h
| # endif
| int
| main ()
| {
| glBegin(0)
|   ;
|   return 0;
| }
configure:20659: arm-unknown-linux-gnueabihf-gcc -o conftest -g -O2 -Wall -W  -pthread -I/home/dev/Desktop/ClaraColour/python/crosstoolsng/zlib-armhf-install/include -I/home/dev/Desktop/ClaraColour/python/crosstoolsng/zstd-armhf-install/include -L/home/dev/Desktop/ClaraColour/python/crosstoolsng/zlib-armhf-install/lib -L/home/dev/Desktop/ClaraColour/python/crosstoolsng/zstd-armhf-install/lib conftest.c -lopengl32 -L/usr/lib/nvidia  -lm -lzstd -lz -lm  >&5
conftest.c:59:5: error: #error no gl.h
   59 | #   error no gl.h
      |     ^~~~~
conftest.c: In function 'main':
conftest.c:64:1: warning: implicit declaration of function 'glBegin' [-Wimplicit-function-declaration]
   64 | glBegin(0)
      | ^~~~~~~
configure:20659: $? = 1
configure: failed program was:
| /* confdefs.h */
| #define PACKAGE_NAME "LibTIFF Software"
| #define PACKAGE_TARNAME "tiff"
| #define PACKAGE_VERSION "4.7.0"
| #define PACKAGE_STRING "LibTIFF Software 4.7.0"
| #define PACKAGE_BUGREPORT "tiff@lists.osgeo.org"
| #define PACKAGE_URL ""
| #define PACKAGE "tiff"
| #define VERSION "4.7.0"
| #define STDC_HEADERS 1
| #define HAVE_SYS_TYPES_H 1
| #define HAVE_SYS_STAT_H 1
| #define HAVE_STDLIB_H 1
| #define HAVE_STRING_H 1
| #define HAVE_MEMORY_H 1
| #define HAVE_STRINGS_H 1
| #define HAVE_INTTYPES_H 1
| #define HAVE_STDINT_H 1
| #define HAVE_UNISTD_H 1
| #define HAVE_DLFCN_H 1
| #define LT_OBJDIR ".libs/"
| #define HAVE_ASSERT_H 1
| #define HAVE_FCNTL_H 1
| #define HAVE_SEARCH_H 1
| #define HAVE_UNISTD_H 1
| #define TIME_WITH_SYS_TIME 1
| #define HAVE_FSEEKO 1
| #define HAVE_DECL_OPTARG 1
| #define SIZEOF_SIZE_T 4
| #define TIFF_SSIZE_T int32_t
| #define HAVE_MMAP 1
| #define HAVE_GETOPT 1
| #define HOST_BIGENDIAN 0
| #define HAVE_IEEEFP 1
| #define _FILE_OFFSET_BITS 64
| #define CCITT_SUPPORT 1
| #define PACKBITS_SUPPORT 1
| #define LZW_SUPPORT 1
| #define THUNDER_SUPPORT 1
| #define NEXT_SUPPORT 1
| #define LOGLUV_SUPPORT 1
| #define MDI_SUPPORT 1
| #define ZIP_SUPPORT 1
| #define PIXARLOG_SUPPORT 1
| #define ZSTD_SUPPORT 1
| #define CXX_SUPPORT 1
| #define X_DISPLAY_MISSING 1
| #define HAVE_PTHREAD 1
| /* end confdefs.h.  */
| 
| # if defined(HAVE_WINDOWS_H) && defined(_WIN32)
| #   include <windows.h>
| # endif
| # ifdef HAVE_GL_GL_H
| #   include <GL/gl.h>
| # elif defined(HAVE_OPENGL_GL_H)
| #   include <OpenGL/gl.h>
| # else
| #   error no gl.h
| # endif
| int
| main ()
| {
| glBegin(0)
|   ;
|   return 0;
| }
configure:20684: arm-unknown-linux-gnueabihf-gcc -o conftest -g -O2 -Wall -W  -pthread -I/home/dev/Desktop/ClaraColour/python/crosstoolsng/zlib-armhf-install/include -I/home/dev/Desktop/ClaraColour/python/crosstoolsng/zstd-armhf-install/include -L/home/dev/Desktop/ClaraColour/python/crosstoolsng/zlib-armhf-install/lib -L/home/dev/Desktop/ClaraColour/python/crosstoolsng/zstd-armhf-install/lib conftest.c -lopengl32 -dylib_file /System/Library/Frameworks/OpenGL.framework/Versions/A/Libraries/libGL.dylib:/System/Library/Frameworks/OpenGL.framework/Versions/A/Libraries/libGL.dylib  -lm -lzstd -lz -lm  >&5
arm-unknown-linux-gnueabihf-gcc: error: /System/Library/Frameworks/OpenGL.framework/Versions/A/Libraries/libGL.dylib:/System/Library/Frameworks/OpenGL.framework/Versions/A/Libraries/libGL.dylib: No such file or directory
configure:20684: $? = 1
configure: failed program was:
| /* confdefs.h */
| #define PACKAGE_NAME "LibTIFF Software"
| #define PACKAGE_TARNAME "tiff"
| #define PACKAGE_VERSION "4.7.0"
| #define PACKAGE_STRING "LibTIFF Software 4.7.0"
| #define PACKAGE_BUGREPORT "tiff@lists.osgeo.org"
| #define PACKAGE_URL ""
| #define PACKAGE "tiff"
| #define VERSION "4.7.0"
| #define STDC_HEADERS 1
| #define HAVE_SYS_TYPES_H 1
| #define HAVE_SYS_STAT_H 1
| #define HAVE_STDLIB_H 1
| #define HAVE_STRING_H 1
| #define HAVE_MEMORY_H 1
| #define HAVE_STRINGS_H 1
| #define HAVE_INTTYPES_H 1
| #define HAVE_STDINT_H 1
| #define HAVE_UNISTD_H 1
| #define HAVE_DLFCN_H 1
| #define LT_OBJDIR ".libs/"
| #define HAVE_ASSERT_H 1
| #define HAVE_FCNTL_H 1
| #define HAVE_SEARCH_H 1
| #define HAVE_UNISTD_H 1
| #define TIME_WITH_SYS_TIME 1
| #define HAVE_FSEEKO 1
| #define HAVE_DECL_OPTARG 1
| #define SIZEOF_SIZE_T 4
| #define TIFF_SSIZE_T int32_t
| #define HAVE_MMAP 1
| #define HAVE_GETOPT 1
| #define HOST_BIGENDIAN 0
| #define HAVE_IEEEFP 1
| #define _FILE_OFFSET_BITS 64
| #define CCITT_SUPPORT 1
| #define PACKBITS_SUPPORT 1
| #define LZW_SUPPORT 1
| #define THUNDER_SUPPORT 1
| #define NEXT_SUPPORT 1
| #define LOGLUV_SUPPORT 1
| #define MDI_SUPPORT 1
| #define ZIP_SUPPORT 1
| #define PIXARLOG_SUPPORT 1
| #define ZSTD_SUPPORT 1
| #define CXX_SUPPORT 1
| #define X_DISPLAY_MISSING 1
| #define HAVE_PTHREAD 1
| /* end confdefs.h.  */
| 
| # if defined(HAVE_WINDOWS_H) && defined(_WIN32)
| #   include <windows.h>
| # endif
| # ifdef HAVE_GL_GL_H
| #   include <GL/gl.h>
| # elif defined(HAVE_OPENGL_GL_H)
| #   include <OpenGL/gl.h>
| # else
| #   error no gl.h
| # endif
| int
| main ()
| {
| glBegin(0)
|   ;
|   return 0;
| }
configure:20634: arm-unknown-linux-gnueabihf-gcc -o conftest -g -O2 -Wall -W  -pthread -I/home/dev/Desktop/ClaraColour/python/crosstoolsng/zlib-armhf-install/include -I/home/dev/Desktop/ClaraColour/python/crosstoolsng/zstd-armhf-install/include -L/home/dev/Desktop/ClaraColour/python/crosstoolsng/zlib-armhf-install/lib -L/home/dev/Desktop/ClaraColour/python/crosstoolsng/zstd-armhf-install/lib conftest.c -lGL  -lm -lzstd -lz -lm  >&5
conftest.c:59:5: error: #error no gl.h
   59 | #   error no gl.h
      |     ^~~~~
conftest.c: In function 'main':
conftest.c:64:1: warning: implicit declaration of function 'glBegin' [-Wimplicit-function-declaration]
   64 | glBegin(0)
      | ^~~~~~~
configure:20634: $? = 1
configure: failed program was:
| /* confdefs.h */
| #define PACKAGE_NAME "LibTIFF Software"
| #define PACKAGE_TARNAME "tiff"
| #define PACKAGE_VERSION "4.7.0"
| #define PACKAGE_STRING "LibTIFF Software 4.7.0"
| #define PACKAGE_BUGREPORT "tiff@lists.osgeo.org"
| #define PACKAGE_URL ""
| #define PACKAGE "tiff"
| #define VERSION "4.7.0"
| #define STDC_HEADERS 1
| #define HAVE_SYS_TYPES_H 1
| #define HAVE_SYS_STAT_H 1
| #define HAVE_STDLIB_H 1
| #define HAVE_STRING_H 1
| #define HAVE_MEMORY_H 1
| #define HAVE_STRINGS_H 1
| #define HAVE_INTTYPES_H 1
| #define HAVE_STDINT_H 1
| #define HAVE_UNISTD_H 1
| #define HAVE_DLFCN_H 1
| #define LT_OBJDIR ".libs/"
| #define HAVE_ASSERT_H 1
| #define HAVE_FCNTL_H 1
| #define HAVE_SEARCH_H 1
| #define HAVE_UNISTD_H 1
| #define TIME_WITH_SYS_TIME 1
| #define HAVE_FSEEKO 1
| #define HAVE_DECL_OPTARG 1
| #define SIZEOF_SIZE_T 4
| #define TIFF_SSIZE_T int32_t
| #define HAVE_MMAP 1
| #define HAVE_GETOPT 1
| #define HOST_BIGENDIAN 0
| #define HAVE_IEEEFP 1
| #define _FILE_OFFSET_BITS 64
| #define CCITT_SUPPORT 1
| #define PACKBITS_SUPPORT 1
| #define LZW_SUPPORT 1
| #define THUNDER_SUPPORT 1
| #define NEXT_SUPPORT 1
| #define LOGLUV_SUPPORT 1
| #define MDI_SUPPORT 1
| #define ZIP_SUPPORT 1
| #define PIXARLOG_SUPPORT 1
| #define ZSTD_SUPPORT 1
| #define CXX_SUPPORT 1
| #define X_DISPLAY_MISSING 1
| #define HAVE_PTHREAD 1
| /* end confdefs.h.  */
| 
| # if defined(HAVE_WINDOWS_H) && defined(_WIN32)
| #   include <windows.h>
| # endif
| # ifdef HAVE_GL_GL_H
| #   include <GL/gl.h>
| # elif defined(HAVE_OPENGL_GL_H)
| #   include <OpenGL/gl.h>
| # else
| #   error no gl.h
| # endif
| int
| main ()
| {
| glBegin(0)
|   ;
|   return 0;
| }
configure:20659: arm-unknown-linux-gnueabihf-gcc -o conftest -g -O2 -Wall -W  -pthread -I/home/dev/Desktop/ClaraColour/python/crosstoolsng/zlib-armhf-install/include -I/home/dev/Desktop/ClaraColour/python/crosstoolsng/zstd-armhf-install/include -L/home/dev/Desktop/ClaraColour/python/crosstoolsng/zlib-armhf-install/lib -L/home/dev/Desktop/ClaraColour/python/crosstoolsng/zstd-armhf-install/lib conftest.c -lGL -L/usr/lib/nvidia  -lm -lzstd -lz -lm  >&5
conftest.c:59:5: error: #error no gl.h
   59 | #   error no gl.h
      |     ^~~~~
conftest.c: In function 'main':
conftest.c:64:1: warning: implicit declaration of function 'glBegin' [-Wimplicit-function-declaration]
   64 | glBegin(0)
      | ^~~~~~~
configure:20659: $? = 1
configure: failed program was:
| /* confdefs.h */
| #define PACKAGE_NAME "LibTIFF Software"
| #define PACKAGE_TARNAME "tiff"
| #define PACKAGE_VERSION "4.7.0"
| #define PACKAGE_STRING "LibTIFF Software 4.7.0"
| #define PACKAGE_BUGREPORT "tiff@lists.osgeo.org"
| #define PACKAGE_URL ""
| #define PACKAGE "tiff"
| #define VERSION "4.7.0"
| #define STDC_HEADERS 1
| #define HAVE_SYS_TYPES_H 1
| #define HAVE_SYS_STAT_H 1
| #define HAVE_STDLIB_H 1
| #define HAVE_STRING_H 1
| #define HAVE_MEMORY_H 1
| #define HAVE_STRINGS_H 1
| #define HAVE_INTTYPES_H 1
| #define HAVE_STDINT_H 1
| #define HAVE_UNISTD_H 1
| #define HAVE_DLFCN_H 1
| #define LT_OBJDIR ".libs/"
| #define HAVE_ASSERT_H 1
| #define HAVE_FCNTL_H 1
| #define HAVE_SEARCH_H 1
| #define HAVE_UNISTD_H 1
| #define TIME_WITH_SYS_TIME 1
| #define HAVE_FSEEKO 1
| #define HAVE_DECL_OPTARG 1
| #define SIZEOF_SIZE_T 4
| #define TIFF_SSIZE_T int32_t
| #define HAVE_MMAP 1
| #define HAVE_GETOPT 1
| #define HOST_BIGENDIAN 0
| #define HAVE_IEEEFP 1
| #define _FILE_OFFSET_BITS 64
| #define CCITT_SUPPORT 1
| #define PACKBITS_SUPPORT 1
| #define LZW_SUPPORT 1
| #define THUNDER_SUPPORT 1
| #define NEXT_SUPPORT 1
| #define LOGLUV_SUPPORT 1
| #define MDI_SUPPORT 1
| #define ZIP_SUPPORT 1
| #define PIXARLOG_SUPPORT 1
| #define ZSTD_SUPPORT 1
| #define CXX_SUPPORT 1
| #define X_DISPLAY_MISSING 1
| #define HAVE_PTHREAD 1
| /* end confdefs.h.  */
| 
| # if defined(HAVE_WINDOWS_H) && defined(_WIN32)
| #   include <windows.h>
| # endif
| # ifdef HAVE_GL_GL_H
| #   include <GL/gl.h>
| # elif defined(HAVE_OPENGL_GL_H)
| #   include <OpenGL/gl.h>
| # else
| #   error no gl.h
| # endif
| int
| main ()
| {
| glBegin(0)
|   ;
|   return 0;
| }
configure:20684: arm-unknown-linux-gnueabihf-gcc -o conftest -g -O2 -Wall -W  -pthread -I/home/dev/Desktop/ClaraColour/python/crosstoolsng/zlib-armhf-install/include -I/home/dev/Desktop/ClaraColour/python/crosstoolsng/zstd-armhf-install/include -L/home/dev/Desktop/ClaraColour/python/crosstoolsng/zlib-armhf-install/lib -L/home/dev/Desktop/ClaraColour/python/crosstoolsng/zstd-armhf-install/lib conftest.c -lGL -dylib_file /System/Library/Frameworks/OpenGL.framework/Versions/A/Libraries/libGL.dylib:/System/Library/Frameworks/OpenGL.framework/Versions/A/Libraries/libGL.dylib  -lm -lzstd -lz -lm  >&5
arm-unknown-linux-gnueabihf-gcc: error: /System/Library/Frameworks/OpenGL.framework/Versions/A/Libraries/libGL.dylib:/System/Library/Frameworks/OpenGL.framework/Versions/A/Libraries/libGL.dylib: No such file or directory
configure:20684: $? = 1
configure: failed program was:
| /* confdefs.h */
| #define PACKAGE_NAME "LibTIFF Software"
| #define PACKAGE_TARNAME "tiff"
| #define PACKAGE_VERSION "4.7.0"
| #define PACKAGE_STRING "LibTIFF Software 4.7.0"
| #define PACKAGE_BUGREPORT "tiff@lists.osgeo.org"
| #define PACKAGE_URL ""
| #define PACKAGE "tiff"
| #define VERSION "4.7.0"
| #define STDC_HEADERS 1
| #define HAVE_SYS_TYPES_H 1
| #define HAVE_SYS_STAT_H 1
| #define HAVE_STDLIB_H 1
| #define HAVE_STRING_H 1
| #define HAVE_MEMORY_H 1
| #define HAVE_STRINGS_H 1
| #define HAVE_INTTYPES_H 1
| #define HAVE_STDINT_H 1
| #define HAVE_UNISTD_H 1
| #define HAVE_DLFCN_H 1
| #define LT_OBJDIR ".libs/"
| #define HAVE_ASSERT_H 1
| #define HAVE_FCNTL_H 1
| #define HAVE_SEARCH_H 1
| #define HAVE_UNISTD_H 1
| #define TIME_WITH_SYS_TIME 1
| #define HAVE_FSEEKO 1
| #define HAVE_DECL_OPTARG 1
| #define SIZEOF_SIZE_T 4
| #define TIFF_SSIZE_T int32_t
| #define HAVE_MMAP 1
| #define HAVE_GETOPT 1
| #define HOST_BIGENDIAN 0
| #define HAVE_IEEEFP 1
| #define _FILE_OFFSET_BITS 64
| #define CCITT_SUPPORT 1
| #define PACKBITS_SUPPORT 1
| #define LZW_SUPPORT 1
| #define THUNDER_SUPPORT 1
| #define NEXT_SUPPORT 1
| #define LOGLUV_SUPPORT 1
| #define MDI_SUPPORT 1
| #define ZIP_SUPPORT 1
| #define PIXARLOG_SUPPORT 1
| #define ZSTD_SUPPORT 1
| #define CXX_SUPPORT 1
| #define X_DISPLAY_MISSING 1
| #define HAVE_PTHREAD 1
| /* end confdefs.h.  */
| 
| # if defined(HAVE_WINDOWS_H) && defined(_WIN32)
| #   include <windows.h>
| # endif
| # ifdef HAVE_GL_GL_H
| #   include <GL/gl.h>
| # elif defined(HAVE_OPENGL_GL_H)
| #   include <OpenGL/gl.h>
| # else
| #   error no gl.h
| # endif
| int
| main ()
| {
| glBegin(0)
|   ;
|   return 0;
| }
configure:20720: arm-unknown-linux-gnueabihf-gcc -o conftest -g -O2 -Wall -W  -pthread -I/home/dev/Desktop/ClaraColour/python/crosstoolsng/zlib-armhf-install/include -I/home/dev/Desktop/ClaraColour/python/crosstoolsng/zstd-armhf-install/include -L/home/dev/Desktop/ClaraColour/python/crosstoolsng/zlib-armhf-install/lib -L/home/dev/Desktop/ClaraColour/python/crosstoolsng/zstd-armhf-install/lib conftest.c -framework OpenGL >&5
arm-unknown-linux-gnueabihf-gcc: error: OpenGL: No such file or directory
arm-unknown-linux-gnueabihf-gcc: error: unrecognized command line option '-framework'
configure:20720: $? = 1
configure: failed program was:
| /* confdefs.h */
| #define PACKAGE_NAME "LibTIFF Software"
| #define PACKAGE_TARNAME "tiff"
| #define PACKAGE_VERSION "4.7.0"
| #define PACKAGE_STRING "LibTIFF Software 4.7.0"
| #define PACKAGE_BUGREPORT "tiff@lists.osgeo.org"
| #define PACKAGE_URL ""
| #define PACKAGE "tiff"
| #define VERSION "4.7.0"
| #define STDC_HEADERS 1
| #define HAVE_SYS_TYPES_H 1
| #define HAVE_SYS_STAT_H 1
| #define HAVE_STDLIB_H 1
| #define HAVE_STRING_H 1
| #define HAVE_MEMORY_H 1
| #define HAVE_STRINGS_H 1
| #define HAVE_INTTYPES_H 1
| #define HAVE_STDINT_H 1
| #define HAVE_UNISTD_H 1
| #define HAVE_DLFCN_H 1
| #define LT_OBJDIR ".libs/"
| #define HAVE_ASSERT_H 1
| #define HAVE_FCNTL_H 1
| #define HAVE_SEARCH_H 1
| #define HAVE_UNISTD_H 1
| #define TIME_WITH_SYS_TIME 1
| #define HAVE_FSEEKO 1
| #define HAVE_DECL_OPTARG 1
| #define SIZEOF_SIZE_T 4
| #define TIFF_SSIZE_T int32_t
| #define HAVE_MMAP 1
| #define HAVE_GETOPT 1
| #define HOST_BIGENDIAN 0
| #define HAVE_IEEEFP 1
| #define _FILE_OFFSET_BITS 64
| #define CCITT_SUPPORT 1
| #define PACKBITS_SUPPORT 1
| #define LZW_SUPPORT 1
| #define THUNDER_SUPPORT 1
| #define NEXT_SUPPORT 1
| #define LOGLUV_SUPPORT 1
| #define MDI_SUPPORT 1
| #define ZIP_SUPPORT 1
| #define PIXARLOG_SUPPORT 1
| #define ZSTD_SUPPORT 1
| #define CXX_SUPPORT 1
| #define X_DISPLAY_MISSING 1
| #define HAVE_PTHREAD 1
| /* end confdefs.h.  */
| 
| # if defined(HAVE_WINDOWS_H) && defined(_WIN32)
| #   include <windows.h>
| # endif
| # ifdef HAVE_GL_GL_H
| #   include <GL/gl.h>
| # elif defined(HAVE_OPENGL_GL_H)
| #   include <OpenGL/gl.h>
| # else
| #   error no gl.h
| # endif
| int
| main ()
| {
| glBegin(0)
|   ;
|   return 0;
| }
configure:20730: result: no
configure:20756: checking GL/glu.h usability
configure:20756: arm-unknown-linux-gnueabihf-gcc -c -g -O2 -Wall -W   -I/home/dev/Desktop/ClaraColour/python/crosstoolsng/zlib-armhf-install/include -I/home/dev/Desktop/ClaraColour/python/crosstoolsng/zstd-armhf-install/include conftest.c >&5
conftest.c:83:10: fatal error: GL/glu.h: No such file or directory
   83 | #include <GL/glu.h>
      |          ^~~~~~~~~~
compilation terminated.
configure:20756: $? = 1
configure: failed program was:
| /* confdefs.h */
| #define PACKAGE_NAME "LibTIFF Software"
| #define PACKAGE_TARNAME "tiff"
| #define PACKAGE_VERSION "4.7.0"
| #define PACKAGE_STRING "LibTIFF Software 4.7.0"
| #define PACKAGE_BUGREPORT "tiff@lists.osgeo.org"
| #define PACKAGE_URL ""
| #define PACKAGE "tiff"
| #define VERSION "4.7.0"
| #define STDC_HEADERS 1
| #define HAVE_SYS_TYPES_H 1
| #define HAVE_SYS_STAT_H 1
| #define HAVE_STDLIB_H 1
| #define HAVE_STRING_H 1
| #define HAVE_MEMORY_H 1
| #define HAVE_STRINGS_H 1
| #define HAVE_INTTYPES_H 1
| #define HAVE_STDINT_H 1
| #define HAVE_UNISTD_H 1
| #define HAVE_DLFCN_H 1
| #define LT_OBJDIR ".libs/"
| #define HAVE_ASSERT_H 1
| #define HAVE_FCNTL_H 1
| #define HAVE_SEARCH_H 1
| #define HAVE_UNISTD_H 1
| #define TIME_WITH_SYS_TIME 1
| #define HAVE_FSEEKO 1
| #define HAVE_DECL_OPTARG 1
| #define SIZEOF_SIZE_T 4
| #define TIFF_SSIZE_T int32_t
| #define HAVE_MMAP 1
| #define HAVE_GETOPT 1
| #define HOST_BIGENDIAN 0
| #define HAVE_IEEEFP 1
| #define _FILE_OFFSET_BITS 64
| #define CCITT_SUPPORT 1
| #define PACKBITS_SUPPORT 1
| #define LZW_SUPPORT 1
| #define THUNDER_SUPPORT 1
| #define NEXT_SUPPORT 1
| #define LOGLUV_SUPPORT 1
| #define MDI_SUPPORT 1
| #define ZIP_SUPPORT 1
| #define PIXARLOG_SUPPORT 1
| #define ZSTD_SUPPORT 1
| #define CXX_SUPPORT 1
| #define X_DISPLAY_MISSING 1
| #define HAVE_PTHREAD 1
| /* end confdefs.h.  */
| #include <stdio.h>
| #ifdef HAVE_SYS_TYPES_H
| # include <sys/types.h>
| #endif
| #ifdef HAVE_SYS_STAT_H
| # include <sys/stat.h>
| #endif
| #ifdef STDC_HEADERS
| # include <stdlib.h>
| # include <stddef.h>
| #else
| # ifdef HAVE_STDLIB_H
| #  include <stdlib.h>
| # endif
| #endif
| #ifdef HAVE_STRING_H
| # if !defined STDC_HEADERS && defined HAVE_MEMORY_H
| #  include <memory.h>
| # endif
| # include <string.h>
| #endif
| #ifdef HAVE_STRINGS_H
| # include <strings.h>
| #endif
| #ifdef HAVE_INTTYPES_H
| # include <inttypes.h>
| #endif
| #ifdef HAVE_STDINT_H
| # include <stdint.h>
| #endif
| #ifdef HAVE_UNISTD_H
| # include <unistd.h>
| #endif
| #include <GL/glu.h>
configure:20756: result: no
configure:20756: checking GL/glu.h presence
configure:20756: arm-unknown-linux-gnueabihf-gcc -E  -I/home/dev/Desktop/ClaraColour/python/crosstoolsng/zlib-armhf-install/include -I/home/dev/Desktop/ClaraColour/python/crosstoolsng/zstd-armhf-install/include conftest.c
conftest.c:50:10: fatal error: GL/glu.h: No such file or directory
   50 | #include <GL/glu.h>
      |          ^~~~~~~~~~
compilation terminated.
configure:20756: $? = 1
configure: failed program was:
| /* confdefs.h */
| #define PACKAGE_NAME "LibTIFF Software"
| #define PACKAGE_TARNAME "tiff"
| #define PACKAGE_VERSION "4.7.0"
| #define PACKAGE_STRING "LibTIFF Software 4.7.0"
| #define PACKAGE_BUGREPORT "tiff@lists.osgeo.org"
| #define PACKAGE_URL ""
| #define PACKAGE "tiff"
| #define VERSION "4.7.0"
| #define STDC_HEADERS 1
| #define HAVE_SYS_TYPES_H 1
| #define HAVE_SYS_STAT_H 1
| #define HAVE_STDLIB_H 1
| #define HAVE_STRING_H 1
| #define HAVE_MEMORY_H 1
| #define HAVE_STRINGS_H 1
| #define HAVE_INTTYPES_H 1
| #define HAVE_STDINT_H 1
| #define HAVE_UNISTD_H 1
| #define HAVE_DLFCN_H 1
| #define LT_OBJDIR ".libs/"
| #define HAVE_ASSERT_H 1
| #define HAVE_FCNTL_H 1
| #define HAVE_SEARCH_H 1
| #define HAVE_UNISTD_H 1
| #define TIME_WITH_SYS_TIME 1
| #define HAVE_FSEEKO 1
| #define HAVE_DECL_OPTARG 1
| #define SIZEOF_SIZE_T 4
| #define TIFF_SSIZE_T int32_t
| #define HAVE_MMAP 1
| #define HAVE_GETOPT 1
| #define HOST_BIGENDIAN 0
| #define HAVE_IEEEFP 1
| #define _FILE_OFFSET_BITS 64
| #define CCITT_SUPPORT 1
| #define PACKBITS_SUPPORT 1
| #define LZW_SUPPORT 1
| #define THUNDER_SUPPORT 1
| #define NEXT_SUPPORT 1
| #define LOGLUV_SUPPORT 1
| #define MDI_SUPPORT 1
| #define ZIP_SUPPORT 1
| #define PIXARLOG_SUPPORT 1
| #define ZSTD_SUPPORT 1
| #define CXX_SUPPORT 1
| #define X_DISPLAY_MISSING 1
| #define HAVE_PTHREAD 1
| /* end confdefs.h.  */
| #include <GL/glu.h>
configure:20756: result: no
configure:20756: checking for GL/glu.h
configure:20756: result: no
configure:20756: checking OpenGL/glu.h usability
configure:20756: arm-unknown-linux-gnueabihf-gcc -c -g -O2 -Wall -W   -I/home/dev/Desktop/ClaraColour/python/crosstoolsng/zlib-armhf-install/include -I/home/dev/Desktop/ClaraColour/python/crosstoolsng/zstd-armhf-install/include conftest.c >&5
conftest.c:83:10: fatal error: OpenGL/glu.h: No such file or directory
   83 | #include <OpenGL/glu.h>
      |          ^~~~~~~~~~~~~~
compilation terminated.
configure:20756: $? = 1
configure: failed program was:
| /* confdefs.h */
| #define PACKAGE_NAME "LibTIFF Software"
| #define PACKAGE_TARNAME "tiff"
| #define PACKAGE_VERSION "4.7.0"
| #define PACKAGE_STRING "LibTIFF Software 4.7.0"
| #define PACKAGE_BUGREPORT "tiff@lists.osgeo.org"
| #define PACKAGE_URL ""
| #define PACKAGE "tiff"
| #define VERSION "4.7.0"
| #define STDC_HEADERS 1
| #define HAVE_SYS_TYPES_H 1
| #define HAVE_SYS_STAT_H 1
| #define HAVE_STDLIB_H 1
| #define HAVE_STRING_H 1
| #define HAVE_MEMORY_H 1
| #define HAVE_STRINGS_H 1
| #define HAVE_INTTYPES_H 1
| #define HAVE_STDINT_H 1
| #define HAVE_UNISTD_H 1
| #define HAVE_DLFCN_H 1
| #define LT_OBJDIR ".libs/"
| #define HAVE_ASSERT_H 1
| #define HAVE_FCNTL_H 1
| #define HAVE_SEARCH_H 1
| #define HAVE_UNISTD_H 1
| #define TIME_WITH_SYS_TIME 1
| #define HAVE_FSEEKO 1
| #define HAVE_DECL_OPTARG 1
| #define SIZEOF_SIZE_T 4
| #define TIFF_SSIZE_T int32_t
| #define HAVE_MMAP 1
| #define HAVE_GETOPT 1
| #define HOST_BIGENDIAN 0
| #define HAVE_IEEEFP 1
| #define _FILE_OFFSET_BITS 64
| #define CCITT_SUPPORT 1
| #define PACKBITS_SUPPORT 1
| #define LZW_SUPPORT 1
| #define THUNDER_SUPPORT 1
| #define NEXT_SUPPORT 1
| #define LOGLUV_SUPPORT 1
| #define MDI_SUPPORT 1
| #define ZIP_SUPPORT 1
| #define PIXARLOG_SUPPORT 1
| #define ZSTD_SUPPORT 1
| #define CXX_SUPPORT 1
| #define X_DISPLAY_MISSING 1
| #define HAVE_PTHREAD 1
| /* end confdefs.h.  */
| #include <stdio.h>
| #ifdef HAVE_SYS_TYPES_H
| # include <sys/types.h>
| #endif
| #ifdef HAVE_SYS_STAT_H
| # include <sys/stat.h>
| #endif
| #ifdef STDC_HEADERS
| # include <stdlib.h>
| # include <stddef.h>
| #else
| # ifdef HAVE_STDLIB_H
| #  include <stdlib.h>
| # endif
| #endif
| #ifdef HAVE_STRING_H
| # if !defined STDC_HEADERS && defined HAVE_MEMORY_H
| #  include <memory.h>
| # endif
| # include <string.h>
| #endif
| #ifdef HAVE_STRINGS_H
| # include <strings.h>
| #endif
| #ifdef HAVE_INTTYPES_H
| # include <inttypes.h>
| #endif
| #ifdef HAVE_STDINT_H
| # include <stdint.h>
| #endif
| #ifdef HAVE_UNISTD_H
| # include <unistd.h>
| #endif
| #include <OpenGL/glu.h>
configure:20756: result: no
configure:20756: checking OpenGL/glu.h presence
configure:20756: arm-unknown-linux-gnueabihf-gcc -E  -I/home/dev/Desktop/ClaraColour/python/crosstoolsng/zlib-armhf-install/include -I/home/dev/Desktop/ClaraColour/python/crosstoolsng/zstd-armhf-install/include conftest.c
conftest.c:50:10: fatal error: OpenGL/glu.h: No such file or directory
   50 | #include <OpenGL/glu.h>
      |          ^~~~~~~~~~~~~~
compilation terminated.
configure:20756: $? = 1
configure: failed program was:
| /* confdefs.h */
| #define PACKAGE_NAME "LibTIFF Software"
| #define PACKAGE_TARNAME "tiff"
| #define PACKAGE_VERSION "4.7.0"
| #define PACKAGE_STRING "LibTIFF Software 4.7.0"
| #define PACKAGE_BUGREPORT "tiff@lists.osgeo.org"
| #define PACKAGE_URL ""
| #define PACKAGE "tiff"
| #define VERSION "4.7.0"
| #define STDC_HEADERS 1
| #define HAVE_SYS_TYPES_H 1
| #define HAVE_SYS_STAT_H 1
| #define HAVE_STDLIB_H 1
| #define HAVE_STRING_H 1
| #define HAVE_MEMORY_H 1
| #define HAVE_STRINGS_H 1
| #define HAVE_INTTYPES_H 1
| #define HAVE_STDINT_H 1
| #define HAVE_UNISTD_H 1
| #define HAVE_DLFCN_H 1
| #define LT_OBJDIR ".libs/"
| #define HAVE_ASSERT_H 1
| #define HAVE_FCNTL_H 1
| #define HAVE_SEARCH_H 1
| #define HAVE_UNISTD_H 1
| #define TIME_WITH_SYS_TIME 1
| #define HAVE_FSEEKO 1
| #define HAVE_DECL_OPTARG 1
| #define SIZEOF_SIZE_T 4
| #define TIFF_SSIZE_T int32_t
| #define HAVE_MMAP 1
| #define HAVE_GETOPT 1
| #define HOST_BIGENDIAN 0
| #define HAVE_IEEEFP 1
| #define _FILE_OFFSET_BITS 64
| #define CCITT_SUPPORT 1
| #define PACKBITS_SUPPORT 1
| #define LZW_SUPPORT 1
| #define THUNDER_SUPPORT 1
| #define NEXT_SUPPORT 1
| #define LOGLUV_SUPPORT 1
| #define MDI_SUPPORT 1
| #define ZIP_SUPPORT 1
| #define PIXARLOG_SUPPORT 1
| #define ZSTD_SUPPORT 1
| #define CXX_SUPPORT 1
| #define X_DISPLAY_MISSING 1
| #define HAVE_PTHREAD 1
| /* end confdefs.h.  */
| #include <OpenGL/glu.h>
configure:20756: result: no
configure:20756: checking for OpenGL/glu.h
configure:20756: result: no
configure:20770: checking for OpenGL Utility library
configure:20816: arm-unknown-linux-gnueabihf-g++ -o conftest -g -O2  -I/home/dev/Desktop/ClaraColour/python/crosstoolsng/zlib-armhf-install/include -I/home/dev/Desktop/ClaraColour/python/crosstoolsng/zstd-armhf-install/include -L/home/dev/Desktop/ClaraColour/python/crosstoolsng/zlib-armhf-install/lib -L/home/dev/Desktop/ClaraColour/python/crosstoolsng/zstd-armhf-install/lib conftest.cpp  -lzstd -lz -lm  >&5
conftest.cpp:59:5: error: #error no glu.h
   59 | #   error no glu.h
      |     ^~~~~
conftest.cpp: In function 'int main()':
conftest.cpp:64:1: error: 'gluBeginCurve' was not declared in this scope
   64 | gluBeginCurve(0)
      | ^~~~~~~~~~~~~
configure:20816: $? = 1
configure: failed program was:
| /* confdefs.h */
| #define PACKAGE_NAME "LibTIFF Software"
| #define PACKAGE_TARNAME "tiff"
| #define PACKAGE_VERSION "4.7.0"
| #define PACKAGE_STRING "LibTIFF Software 4.7.0"
| #define PACKAGE_BUGREPORT "tiff@lists.osgeo.org"
| #define PACKAGE_URL ""
| #define PACKAGE "tiff"
| #define VERSION "4.7.0"
| #define STDC_HEADERS 1
| #define HAVE_SYS_TYPES_H 1
| #define HAVE_SYS_STAT_H 1
| #define HAVE_STDLIB_H 1
| #define HAVE_STRING_H 1
| #define HAVE_MEMORY_H 1
| #define HAVE_STRINGS_H 1
| #define HAVE_INTTYPES_H 1
| #define HAVE_STDINT_H 1
| #define HAVE_UNISTD_H 1
| #define HAVE_DLFCN_H 1
| #define LT_OBJDIR ".libs/"
| #define HAVE_ASSERT_H 1
| #define HAVE_FCNTL_H 1
| #define HAVE_SEARCH_H 1
| #define HAVE_UNISTD_H 1
| #define TIME_WITH_SYS_TIME 1
| #define HAVE_FSEEKO 1
| #define HAVE_DECL_OPTARG 1
| #define SIZEOF_SIZE_T 4
| #define TIFF_SSIZE_T int32_t
| #define HAVE_MMAP 1
| #define HAVE_GETOPT 1
| #define HOST_BIGENDIAN 0
| #define HAVE_IEEEFP 1
| #define _FILE_OFFSET_BITS 64
| #define CCITT_SUPPORT 1
| #define PACKBITS_SUPPORT 1
| #define LZW_SUPPORT 1
| #define THUNDER_SUPPORT 1
| #define NEXT_SUPPORT 1
| #define LOGLUV_SUPPORT 1
| #define MDI_SUPPORT 1
| #define ZIP_SUPPORT 1
| #define PIXARLOG_SUPPORT 1
| #define ZSTD_SUPPORT 1
| #define CXX_SUPPORT 1
| #define X_DISPLAY_MISSING 1
| #define HAVE_PTHREAD 1
| /* end confdefs.h.  */
| 
| # if defined(HAVE_WINDOWS_H) && defined(_WIN32)
| #   include <windows.h>
| # endif
| # ifdef HAVE_GL_GLU_H
| #   include <GL/glu.h>
| # elif defined(HAVE_OPENGL_GLU_H)
| #   include <OpenGL/glu.h>
| # else
| #   error no glu.h
| # endif
| int
| main ()
| {
| gluBeginCurve(0)
|   ;
|   return 0;
| }
configure:20849: arm-unknown-linux-gnueabihf-g++ -o conftest -g -O2  -I/home/dev/Desktop/ClaraColour/python/crosstoolsng/zlib-armhf-install/include -I/home/dev/Desktop/ClaraColour/python/crosstoolsng/zstd-armhf-install/include -L/home/dev/Desktop/ClaraColour/python/crosstoolsng/zlib-armhf-install/lib -L/home/dev/Desktop/ClaraColour/python/crosstoolsng/zstd-armhf-install/lib conftest.cpp -lglu32  -lzstd -lz -lm  >&5
conftest.cpp:59:5: error: #error no glu.h
   59 | #   error no glu.h
      |     ^~~~~
conftest.cpp: In function 'int main()':
conftest.cpp:64:1: error: 'gluBeginCurve' was not declared in this scope
   64 | gluBeginCurve(0)
      | ^~~~~~~~~~~~~
configure:20849: $? = 1
configure: failed program was:
| /* confdefs.h */
| #define PACKAGE_NAME "LibTIFF Software"
| #define PACKAGE_TARNAME "tiff"
| #define PACKAGE_VERSION "4.7.0"
| #define PACKAGE_STRING "LibTIFF Software 4.7.0"
| #define PACKAGE_BUGREPORT "tiff@lists.osgeo.org"
| #define PACKAGE_URL ""
| #define PACKAGE "tiff"
| #define VERSION "4.7.0"
| #define STDC_HEADERS 1
| #define HAVE_SYS_TYPES_H 1
| #define HAVE_SYS_STAT_H 1
| #define HAVE_STDLIB_H 1
| #define HAVE_STRING_H 1
| #define HAVE_MEMORY_H 1
| #define HAVE_STRINGS_H 1
| #define HAVE_INTTYPES_H 1
| #define HAVE_STDINT_H 1
| #define HAVE_UNISTD_H 1
| #define HAVE_DLFCN_H 1
| #define LT_OBJDIR ".libs/"
| #define HAVE_ASSERT_H 1
| #define HAVE_FCNTL_H 1
| #define HAVE_SEARCH_H 1
| #define HAVE_UNISTD_H 1
| #define TIME_WITH_SYS_TIME 1
| #define HAVE_FSEEKO 1
| #define HAVE_DECL_OPTARG 1
| #define SIZEOF_SIZE_T 4
| #define TIFF_SSIZE_T int32_t
| #define HAVE_MMAP 1
| #define HAVE_GETOPT 1
| #define HOST_BIGENDIAN 0
| #define HAVE_IEEEFP 1
| #define _FILE_OFFSET_BITS 64
| #define CCITT_SUPPORT 1
| #define PACKBITS_SUPPORT 1
| #define LZW_SUPPORT 1
| #define THUNDER_SUPPORT 1
| #define NEXT_SUPPORT 1
| #define LOGLUV_SUPPORT 1
| #define MDI_SUPPORT 1
| #define ZIP_SUPPORT 1
| #define PIXARLOG_SUPPORT 1
| #define ZSTD_SUPPORT 1
| #define CXX_SUPPORT 1
| #define X_DISPLAY_MISSING 1
| #define HAVE_PTHREAD 1
| /* end confdefs.h.  */
| 
| # if defined(HAVE_WINDOWS_H) && defined(_WIN32)
| #   include <windows.h>
| # endif
| # ifdef HAVE_GL_GLU_H
| #   include <GL/glu.h>
| # elif defined(HAVE_OPENGL_GLU_H)
| #   include <OpenGL/glu.h>
| # else
| #   error no glu.h
| # endif
| int
| main ()
| {
| gluBeginCurve(0)
|   ;
|   return 0;
| }
configure:20849: arm-unknown-linux-gnueabihf-g++ -o conftest -g -O2  -I/home/dev/Desktop/ClaraColour/python/crosstoolsng/zlib-armhf-install/include -I/home/dev/Desktop/ClaraColour/python/crosstoolsng/zstd-armhf-install/include -L/home/dev/Desktop/ClaraColour/python/crosstoolsng/zlib-armhf-install/lib -L/home/dev/Desktop/ClaraColour/python/crosstoolsng/zstd-armhf-install/lib conftest.cpp -lGLU  -lzstd -lz -lm  >&5
conftest.cpp:59:5: error: #error no glu.h
   59 | #   error no glu.h
      |     ^~~~~
conftest.cpp: In function 'int main()':
conftest.cpp:64:1: error: 'gluBeginCurve' was not declared in this scope
   64 | gluBeginCurve(0)
      | ^~~~~~~~~~~~~
configure:20849: $? = 1
configure: failed program was:
| /* confdefs.h */
| #define PACKAGE_NAME "LibTIFF Software"
| #define PACKAGE_TARNAME "tiff"
| #define PACKAGE_VERSION "4.7.0"
| #define PACKAGE_STRING "LibTIFF Software 4.7.0"
| #define PACKAGE_BUGREPORT "tiff@lists.osgeo.org"
| #define PACKAGE_URL ""
| #define PACKAGE "tiff"
| #define VERSION "4.7.0"
| #define STDC_HEADERS 1
| #define HAVE_SYS_TYPES_H 1
| #define HAVE_SYS_STAT_H 1
| #define HAVE_STDLIB_H 1
| #define HAVE_STRING_H 1
| #define HAVE_MEMORY_H 1
| #define HAVE_STRINGS_H 1
| #define HAVE_INTTYPES_H 1
| #define HAVE_STDINT_H 1
| #define HAVE_UNISTD_H 1
| #define HAVE_DLFCN_H 1
| #define LT_OBJDIR ".libs/"
| #define HAVE_ASSERT_H 1
| #define HAVE_FCNTL_H 1
| #define HAVE_SEARCH_H 1
| #define HAVE_UNISTD_H 1
| #define TIME_WITH_SYS_TIME 1
| #define HAVE_FSEEKO 1
| #define HAVE_DECL_OPTARG 1
| #define SIZEOF_SIZE_T 4
| #define TIFF_SSIZE_T int32_t
| #define HAVE_MMAP 1
| #define HAVE_GETOPT 1
| #define HOST_BIGENDIAN 0
| #define HAVE_IEEEFP 1
| #define _FILE_OFFSET_BITS 64
| #define CCITT_SUPPORT 1
| #define PACKBITS_SUPPORT 1
| #define LZW_SUPPORT 1
| #define THUNDER_SUPPORT 1
| #define NEXT_SUPPORT 1
| #define LOGLUV_SUPPORT 1
| #define MDI_SUPPORT 1
| #define ZIP_SUPPORT 1
| #define PIXARLOG_SUPPORT 1
| #define ZSTD_SUPPORT 1
| #define CXX_SUPPORT 1
| #define X_DISPLAY_MISSING 1
| #define HAVE_PTHREAD 1
| /* end confdefs.h.  */
| 
| # if defined(HAVE_WINDOWS_H) && defined(_WIN32)
| #   include <windows.h>
| # endif
| # ifdef HAVE_GL_GLU_H
| #   include <GL/glu.h>
| # elif defined(HAVE_OPENGL_GLU_H)
| #   include <OpenGL/glu.h>
| # else
| #   error no glu.h
| # endif
| int
| main ()
| {
| gluBeginCurve(0)
|   ;
|   return 0;
| }
configure:20877: result: no
configure:20938: checking GL/glut.h usability
configure:20938: arm-unknown-linux-gnueabihf-gcc -c -g -O2 -Wall -W   -I/home/dev/Desktop/ClaraColour/python/crosstoolsng/zlib-armhf-install/include -I/home/dev/Desktop/ClaraColour/python/crosstoolsng/zstd-armhf-install/include conftest.c >&5
conftest.c:83:10: fatal error: GL/glut.h: No such file or directory
   83 | #include <GL/glut.h>
      |          ^~~~~~~~~~~
compilation terminated.
configure:20938: $? = 1
configure: failed program was:
| /* confdefs.h */
| #define PACKAGE_NAME "LibTIFF Software"
| #define PACKAGE_TARNAME "tiff"
| #define PACKAGE_VERSION "4.7.0"
| #define PACKAGE_STRING "LibTIFF Software 4.7.0"
| #define PACKAGE_BUGREPORT "tiff@lists.osgeo.org"
| #define PACKAGE_URL ""
| #define PACKAGE "tiff"
| #define VERSION "4.7.0"
| #define STDC_HEADERS 1
| #define HAVE_SYS_TYPES_H 1
| #define HAVE_SYS_STAT_H 1
| #define HAVE_STDLIB_H 1
| #define HAVE_STRING_H 1
| #define HAVE_MEMORY_H 1
| #define HAVE_STRINGS_H 1
| #define HAVE_INTTYPES_H 1
| #define HAVE_STDINT_H 1
| #define HAVE_UNISTD_H 1
| #define HAVE_DLFCN_H 1
| #define LT_OBJDIR ".libs/"
| #define HAVE_ASSERT_H 1
| #define HAVE_FCNTL_H 1
| #define HAVE_SEARCH_H 1
| #define HAVE_UNISTD_H 1
| #define TIME_WITH_SYS_TIME 1
| #define HAVE_FSEEKO 1
| #define HAVE_DECL_OPTARG 1
| #define SIZEOF_SIZE_T 4
| #define TIFF_SSIZE_T int32_t
| #define HAVE_MMAP 1
| #define HAVE_GETOPT 1
| #define HOST_BIGENDIAN 0
| #define HAVE_IEEEFP 1
| #define _FILE_OFFSET_BITS 64
| #define CCITT_SUPPORT 1
| #define PACKBITS_SUPPORT 1
| #define LZW_SUPPORT 1
| #define THUNDER_SUPPORT 1
| #define NEXT_SUPPORT 1
| #define LOGLUV_SUPPORT 1
| #define MDI_SUPPORT 1
| #define ZIP_SUPPORT 1
| #define PIXARLOG_SUPPORT 1
| #define ZSTD_SUPPORT 1
| #define CXX_SUPPORT 1
| #define X_DISPLAY_MISSING 1
| #define HAVE_PTHREAD 1
| /* end confdefs.h.  */
| #include <stdio.h>
| #ifdef HAVE_SYS_TYPES_H
| # include <sys/types.h>
| #endif
| #ifdef HAVE_SYS_STAT_H
| # include <sys/stat.h>
| #endif
| #ifdef STDC_HEADERS
| # include <stdlib.h>
| # include <stddef.h>
| #else
| # ifdef HAVE_STDLIB_H
| #  include <stdlib.h>
| # endif
| #endif
| #ifdef HAVE_STRING_H
| # if !defined STDC_HEADERS && defined HAVE_MEMORY_H
| #  include <memory.h>
| # endif
| # include <string.h>
| #endif
| #ifdef HAVE_STRINGS_H
| # include <strings.h>
| #endif
| #ifdef HAVE_INTTYPES_H
| # include <inttypes.h>
| #endif
| #ifdef HAVE_STDINT_H
| # include <stdint.h>
| #endif
| #ifdef HAVE_UNISTD_H
| # include <unistd.h>
| #endif
| #include <GL/glut.h>
configure:20938: result: no
configure:20938: checking GL/glut.h presence
configure:20938: arm-unknown-linux-gnueabihf-gcc -E  -I/home/dev/Desktop/ClaraColour/python/crosstoolsng/zlib-armhf-install/include -I/home/dev/Desktop/ClaraColour/python/crosstoolsng/zstd-armhf-install/include conftest.c
conftest.c:50:10: fatal error: GL/glut.h: No such file or directory
   50 | #include <GL/glut.h>
      |          ^~~~~~~~~~~
compilation terminated.
configure:20938: $? = 1
configure: failed program was:
| /* confdefs.h */
| #define PACKAGE_NAME "LibTIFF Software"
| #define PACKAGE_TARNAME "tiff"
| #define PACKAGE_VERSION "4.7.0"
| #define PACKAGE_STRING "LibTIFF Software 4.7.0"
| #define PACKAGE_BUGREPORT "tiff@lists.osgeo.org"
| #define PACKAGE_URL ""
| #define PACKAGE "tiff"
| #define VERSION "4.7.0"
| #define STDC_HEADERS 1
| #define HAVE_SYS_TYPES_H 1
| #define HAVE_SYS_STAT_H 1
| #define HAVE_STDLIB_H 1
| #define HAVE_STRING_H 1
| #define HAVE_MEMORY_H 1
| #define HAVE_STRINGS_H 1
| #define HAVE_INTTYPES_H 1
| #define HAVE_STDINT_H 1
| #define HAVE_UNISTD_H 1
| #define HAVE_DLFCN_H 1
| #define LT_OBJDIR ".libs/"
| #define HAVE_ASSERT_H 1
| #define HAVE_FCNTL_H 1
| #define HAVE_SEARCH_H 1
| #define HAVE_UNISTD_H 1
| #define TIME_WITH_SYS_TIME 1
| #define HAVE_FSEEKO 1
| #define HAVE_DECL_OPTARG 1
| #define SIZEOF_SIZE_T 4
| #define TIFF_SSIZE_T int32_t
| #define HAVE_MMAP 1
| #define HAVE_GETOPT 1
| #define HOST_BIGENDIAN 0
| #define HAVE_IEEEFP 1
| #define _FILE_OFFSET_BITS 64
| #define CCITT_SUPPORT 1
| #define PACKBITS_SUPPORT 1
| #define LZW_SUPPORT 1
| #define THUNDER_SUPPORT 1
| #define NEXT_SUPPORT 1
| #define LOGLUV_SUPPORT 1
| #define MDI_SUPPORT 1
| #define ZIP_SUPPORT 1
| #define PIXARLOG_SUPPORT 1
| #define ZSTD_SUPPORT 1
| #define CXX_SUPPORT 1
| #define X_DISPLAY_MISSING 1
| #define HAVE_PTHREAD 1
| /* end confdefs.h.  */
| #include <GL/glut.h>
configure:20938: result: no
configure:20938: checking for GL/glut.h
configure:20938: result: no
configure:20938: checking GLUT/glut.h usability
configure:20938: arm-unknown-linux-gnueabihf-gcc -c -g -O2 -Wall -W   -I/home/dev/Desktop/ClaraColour/python/crosstoolsng/zlib-armhf-install/include -I/home/dev/Desktop/ClaraColour/python/crosstoolsng/zstd-armhf-install/include conftest.c >&5
conftest.c:83:10: fatal error: GLUT/glut.h: No such file or directory
   83 | #include <GLUT/glut.h>
      |          ^~~~~~~~~~~~~
compilation terminated.
configure:20938: $? = 1
configure: failed program was:
| /* confdefs.h */
| #define PACKAGE_NAME "LibTIFF Software"
| #define PACKAGE_TARNAME "tiff"
| #define PACKAGE_VERSION "4.7.0"
| #define PACKAGE_STRING "LibTIFF Software 4.7.0"
| #define PACKAGE_BUGREPORT "tiff@lists.osgeo.org"
| #define PACKAGE_URL ""
| #define PACKAGE "tiff"
| #define VERSION "4.7.0"
| #define STDC_HEADERS 1
| #define HAVE_SYS_TYPES_H 1
| #define HAVE_SYS_STAT_H 1
| #define HAVE_STDLIB_H 1
| #define HAVE_STRING_H 1
| #define HAVE_MEMORY_H 1
| #define HAVE_STRINGS_H 1
| #define HAVE_INTTYPES_H 1
| #define HAVE_STDINT_H 1
| #define HAVE_UNISTD_H 1
| #define HAVE_DLFCN_H 1
| #define LT_OBJDIR ".libs/"
| #define HAVE_ASSERT_H 1
| #define HAVE_FCNTL_H 1
| #define HAVE_SEARCH_H 1
| #define HAVE_UNISTD_H 1
| #define TIME_WITH_SYS_TIME 1
| #define HAVE_FSEEKO 1
| #define HAVE_DECL_OPTARG 1
| #define SIZEOF_SIZE_T 4
| #define TIFF_SSIZE_T int32_t
| #define HAVE_MMAP 1
| #define HAVE_GETOPT 1
| #define HOST_BIGENDIAN 0
| #define HAVE_IEEEFP 1
| #define _FILE_OFFSET_BITS 64
| #define CCITT_SUPPORT 1
| #define PACKBITS_SUPPORT 1
| #define LZW_SUPPORT 1
| #define THUNDER_SUPPORT 1
| #define NEXT_SUPPORT 1
| #define LOGLUV_SUPPORT 1
| #define MDI_SUPPORT 1
| #define ZIP_SUPPORT 1
| #define PIXARLOG_SUPPORT 1
| #define ZSTD_SUPPORT 1
| #define CXX_SUPPORT 1
| #define X_DISPLAY_MISSING 1
| #define HAVE_PTHREAD 1
| /* end confdefs.h.  */
| #include <stdio.h>
| #ifdef HAVE_SYS_TYPES_H
| # include <sys/types.h>
| #endif
| #ifdef HAVE_SYS_STAT_H
| # include <sys/stat.h>
| #endif
| #ifdef STDC_HEADERS
| # include <stdlib.h>
| # include <stddef.h>
| #else
| # ifdef HAVE_STDLIB_H
| #  include <stdlib.h>
| # endif
| #endif
| #ifdef HAVE_STRING_H
| # if !defined STDC_HEADERS && defined HAVE_MEMORY_H
| #  include <memory.h>
| # endif
| # include <string.h>
| #endif
| #ifdef HAVE_STRINGS_H
| # include <strings.h>
| #endif
| #ifdef HAVE_INTTYPES_H
| # include <inttypes.h>
| #endif
| #ifdef HAVE_STDINT_H
| # include <stdint.h>
| #endif
| #ifdef HAVE_UNISTD_H
| # include <unistd.h>
| #endif
| #include <GLUT/glut.h>
configure:20938: result: no
configure:20938: checking GLUT/glut.h presence
configure:20938: arm-unknown-linux-gnueabihf-gcc -E  -I/home/dev/Desktop/ClaraColour/python/crosstoolsng/zlib-armhf-install/include -I/home/dev/Desktop/ClaraColour/python/crosstoolsng/zstd-armhf-install/include conftest.c
conftest.c:50:10: fatal error: GLUT/glut.h: No such file or directory
   50 | #include <GLUT/glut.h>
      |          ^~~~~~~~~~~~~
compilation terminated.
configure:20938: $? = 1
configure: failed program was:
| /* confdefs.h */
| #define PACKAGE_NAME "LibTIFF Software"
| #define PACKAGE_TARNAME "tiff"
| #define PACKAGE_VERSION "4.7.0"
| #define PACKAGE_STRING "LibTIFF Software 4.7.0"
| #define PACKAGE_BUGREPORT "tiff@lists.osgeo.org"
| #define PACKAGE_URL ""
| #define PACKAGE "tiff"
| #define VERSION "4.7.0"
| #define STDC_HEADERS 1
| #define HAVE_SYS_TYPES_H 1
| #define HAVE_SYS_STAT_H 1
| #define HAVE_STDLIB_H 1
| #define HAVE_STRING_H 1
| #define HAVE_MEMORY_H 1
| #define HAVE_STRINGS_H 1
| #define HAVE_INTTYPES_H 1
| #define HAVE_STDINT_H 1
| #define HAVE_UNISTD_H 1
| #define HAVE_DLFCN_H 1
| #define LT_OBJDIR ".libs/"
| #define HAVE_ASSERT_H 1
| #define HAVE_FCNTL_H 1
| #define HAVE_SEARCH_H 1
| #define HAVE_UNISTD_H 1
| #define TIME_WITH_SYS_TIME 1
| #define HAVE_FSEEKO 1
| #define HAVE_DECL_OPTARG 1
| #define SIZEOF_SIZE_T 4
| #define TIFF_SSIZE_T int32_t
| #define HAVE_MMAP 1
| #define HAVE_GETOPT 1
| #define HOST_BIGENDIAN 0
| #define HAVE_IEEEFP 1
| #define _FILE_OFFSET_BITS 64
| #define CCITT_SUPPORT 1
| #define PACKBITS_SUPPORT 1
| #define LZW_SUPPORT 1
| #define THUNDER_SUPPORT 1
| #define NEXT_SUPPORT 1
| #define LOGLUV_SUPPORT 1
| #define MDI_SUPPORT 1
| #define ZIP_SUPPORT 1
| #define PIXARLOG_SUPPORT 1
| #define ZSTD_SUPPORT 1
| #define CXX_SUPPORT 1
| #define X_DISPLAY_MISSING 1
| #define HAVE_PTHREAD 1
| /* end confdefs.h.  */
| #include <GLUT/glut.h>
configure:20938: result: no
configure:20938: checking for GLUT/glut.h
configure:20938: result: no
configure:20959: checking for GLUT library
configure:21004: arm-unknown-linux-gnueabihf-gcc -o conftest -g -O2 -Wall -W   -I/home/dev/Desktop/ClaraColour/python/crosstoolsng/zlib-armhf-install/include -I/home/dev/Desktop/ClaraColour/python/crosstoolsng/zstd-armhf-install/include -L/home/dev/Desktop/ClaraColour/python/crosstoolsng/zlib-armhf-install/lib -L/home/dev/Desktop/ClaraColour/python/crosstoolsng/zstd-armhf-install/lib conftest.c -lglut32  -lzstd -lz -lm  >&5
conftest.c:59:5: error: #error no glut.h
   59 | #   error no glut.h
      |     ^~~~~
conftest.c: In function 'main':
conftest.c:64:1: warning: implicit declaration of function 'glutMainLoop' [-Wimplicit-function-declaration]
   64 | glutMainLoop()
      | ^~~~~~~~~~~~
configure:21004: $? = 1
configure: failed program was:
| /* confdefs.h */
| #define PACKAGE_NAME "LibTIFF Software"
| #define PACKAGE_TARNAME "tiff"
| #define PACKAGE_VERSION "4.7.0"
| #define PACKAGE_STRING "LibTIFF Software 4.7.0"
| #define PACKAGE_BUGREPORT "tiff@lists.osgeo.org"
| #define PACKAGE_URL ""
| #define PACKAGE "tiff"
| #define VERSION "4.7.0"
| #define STDC_HEADERS 1
| #define HAVE_SYS_TYPES_H 1
| #define HAVE_SYS_STAT_H 1
| #define HAVE_STDLIB_H 1
| #define HAVE_STRING_H 1
| #define HAVE_MEMORY_H 1
| #define HAVE_STRINGS_H 1
| #define HAVE_INTTYPES_H 1
| #define HAVE_STDINT_H 1
| #define HAVE_UNISTD_H 1
| #define HAVE_DLFCN_H 1
| #define LT_OBJDIR ".libs/"
| #define HAVE_ASSERT_H 1
| #define HAVE_FCNTL_H 1
| #define HAVE_SEARCH_H 1
| #define HAVE_UNISTD_H 1
| #define TIME_WITH_SYS_TIME 1
| #define HAVE_FSEEKO 1
| #define HAVE_DECL_OPTARG 1
| #define SIZEOF_SIZE_T 4
| #define TIFF_SSIZE_T int32_t
| #define HAVE_MMAP 1
| #define HAVE_GETOPT 1
| #define HOST_BIGENDIAN 0
| #define HAVE_IEEEFP 1
| #define _FILE_OFFSET_BITS 64
| #define CCITT_SUPPORT 1
| #define PACKBITS_SUPPORT 1
| #define LZW_SUPPORT 1
| #define THUNDER_SUPPORT 1
| #define NEXT_SUPPORT 1
| #define LOGLUV_SUPPORT 1
| #define MDI_SUPPORT 1
| #define ZIP_SUPPORT 1
| #define PIXARLOG_SUPPORT 1
| #define ZSTD_SUPPORT 1
| #define CXX_SUPPORT 1
| #define X_DISPLAY_MISSING 1
| #define HAVE_PTHREAD 1
| /* end confdefs.h.  */
| 
| # if HAVE_WINDOWS_H && defined(_WIN32)
| #   include <windows.h>
| # endif
| # ifdef HAVE_GL_GLUT_H
| #   include <GL/glut.h>
| # elif defined(HAVE_GLUT_GLUT_H)
| #   include <GLUT/glut.h>
| # else
| #   error no glut.h
| # endif
| int
| main ()
| {
| glutMainLoop()
|   ;
|   return 0;
| }
configure:21004: arm-unknown-linux-gnueabihf-gcc -o conftest -g -O2 -Wall -W   -I/home/dev/Desktop/ClaraColour/python/crosstoolsng/zlib-armhf-install/include -I/home/dev/Desktop/ClaraColour/python/crosstoolsng/zstd-armhf-install/include -L/home/dev/Desktop/ClaraColour/python/crosstoolsng/zlib-armhf-install/lib -L/home/dev/Desktop/ClaraColour/python/crosstoolsng/zstd-armhf-install/lib conftest.c -lglut  -lzstd -lz -lm  >&5
conftest.c:59:5: error: #error no glut.h
   59 | #   error no glut.h
      |     ^~~~~
conftest.c: In function 'main':
conftest.c:64:1: warning: implicit declaration of function 'glutMainLoop' [-Wimplicit-function-declaration]
   64 | glutMainLoop()
      | ^~~~~~~~~~~~
configure:21004: $? = 1
configure: failed program was:
| /* confdefs.h */
| #define PACKAGE_NAME "LibTIFF Software"
| #define PACKAGE_TARNAME "tiff"
| #define PACKAGE_VERSION "4.7.0"
| #define PACKAGE_STRING "LibTIFF Software 4.7.0"
| #define PACKAGE_BUGREPORT "tiff@lists.osgeo.org"
| #define PACKAGE_URL ""
| #define PACKAGE "tiff"
| #define VERSION "4.7.0"
| #define STDC_HEADERS 1
| #define HAVE_SYS_TYPES_H 1
| #define HAVE_SYS_STAT_H 1
| #define HAVE_STDLIB_H 1
| #define HAVE_STRING_H 1
| #define HAVE_MEMORY_H 1
| #define HAVE_STRINGS_H 1
| #define HAVE_INTTYPES_H 1
| #define HAVE_STDINT_H 1
| #define HAVE_UNISTD_H 1
| #define HAVE_DLFCN_H 1
| #define LT_OBJDIR ".libs/"
| #define HAVE_ASSERT_H 1
| #define HAVE_FCNTL_H 1
| #define HAVE_SEARCH_H 1
| #define HAVE_UNISTD_H 1
| #define TIME_WITH_SYS_TIME 1
| #define HAVE_FSEEKO 1
| #define HAVE_DECL_OPTARG 1
| #define SIZEOF_SIZE_T 4
| #define TIFF_SSIZE_T int32_t
| #define HAVE_MMAP 1
| #define HAVE_GETOPT 1
| #define HOST_BIGENDIAN 0
| #define HAVE_IEEEFP 1
| #define _FILE_OFFSET_BITS 64
| #define CCITT_SUPPORT 1
| #define PACKBITS_SUPPORT 1
| #define LZW_SUPPORT 1
| #define THUNDER_SUPPORT 1
| #define NEXT_SUPPORT 1
| #define LOGLUV_SUPPORT 1
| #define MDI_SUPPORT 1
| #define ZIP_SUPPORT 1
| #define PIXARLOG_SUPPORT 1
| #define ZSTD_SUPPORT 1
| #define CXX_SUPPORT 1
| #define X_DISPLAY_MISSING 1
| #define HAVE_PTHREAD 1
| /* end confdefs.h.  */
| 
| # if HAVE_WINDOWS_H && defined(_WIN32)
| #   include <windows.h>
| # endif
| # ifdef HAVE_GL_GLUT_H
| #   include <GL/glut.h>
| # elif defined(HAVE_GLUT_GLUT_H)
| #   include <GLUT/glut.h>
| # else
| #   error no glut.h
| # endif
| int
| main ()
| {
| glutMainLoop()
|   ;
|   return 0;
| }
configure:21034: arm-unknown-linux-gnueabihf-gcc -o conftest -g -O2 -Wall -W   -I/home/dev/Desktop/ClaraColour/python/crosstoolsng/zlib-armhf-install/include -I/home/dev/Desktop/ClaraColour/python/crosstoolsng/zstd-armhf-install/include -L/home/dev/Desktop/ClaraColour/python/crosstoolsng/zlib-armhf-install/lib -L/home/dev/Desktop/ClaraColour/python/crosstoolsng/zstd-armhf-install/lib conftest.c -framework GLUT >&5
arm-unknown-linux-gnueabihf-gcc: error: GLUT: No such file or directory
arm-unknown-linux-gnueabihf-gcc: error: unrecognized command line option '-framework'
configure:21034: $? = 1
configure: failed program was:
| /* confdefs.h */
| #define PACKAGE_NAME "LibTIFF Software"
| #define PACKAGE_TARNAME "tiff"
| #define PACKAGE_VERSION "4.7.0"
| #define PACKAGE_STRING "LibTIFF Software 4.7.0"
| #define PACKAGE_BUGREPORT "tiff@lists.osgeo.org"
| #define PACKAGE_URL ""
| #define PACKAGE "tiff"
| #define VERSION "4.7.0"
| #define STDC_HEADERS 1
| #define HAVE_SYS_TYPES_H 1
| #define HAVE_SYS_STAT_H 1
| #define HAVE_STDLIB_H 1
| #define HAVE_STRING_H 1
| #define HAVE_MEMORY_H 1
| #define HAVE_STRINGS_H 1
| #define HAVE_INTTYPES_H 1
| #define HAVE_STDINT_H 1
| #define HAVE_UNISTD_H 1
| #define HAVE_DLFCN_H 1
| #define LT_OBJDIR ".libs/"
| #define HAVE_ASSERT_H 1
| #define HAVE_FCNTL_H 1
| #define HAVE_SEARCH_H 1
| #define HAVE_UNISTD_H 1
| #define TIME_WITH_SYS_TIME 1
| #define HAVE_FSEEKO 1
| #define HAVE_DECL_OPTARG 1
| #define SIZEOF_SIZE_T 4
| #define TIFF_SSIZE_T int32_t
| #define HAVE_MMAP 1
| #define HAVE_GETOPT 1
| #define HOST_BIGENDIAN 0
| #define HAVE_IEEEFP 1
| #define _FILE_OFFSET_BITS 64
| #define CCITT_SUPPORT 1
| #define PACKBITS_SUPPORT 1
| #define LZW_SUPPORT 1
| #define THUNDER_SUPPORT 1
| #define NEXT_SUPPORT 1
| #define LOGLUV_SUPPORT 1
| #define MDI_SUPPORT 1
| #define ZIP_SUPPORT 1
| #define PIXARLOG_SUPPORT 1
| #define ZSTD_SUPPORT 1
| #define CXX_SUPPORT 1
| #define X_DISPLAY_MISSING 1
| #define HAVE_PTHREAD 1
| /* end confdefs.h.  */
| 
| # if HAVE_WINDOWS_H && defined(_WIN32)
| #   include <windows.h>
| # endif
| # ifdef HAVE_GL_GLUT_H
| #   include <GL/glut.h>
| # elif defined(HAVE_GLUT_GLUT_H)
| #   include <GLUT/glut.h>
| # else
| #   error no glut.h
| # endif
| int
| main ()
| {
| glutMainLoop()
|   ;
|   return 0;
| }
configure:21050: result: no
configure:21085: checking for windows.h
configure:21085: result: no
configure:21250: checking for python3.16
configure:21280: result: no
configure:21250: checking for python3.15
configure:21280: result: no
configure:21250: checking for python3.14
configure:21280: result: no
configure:21250: checking for python3.13
configure:21266: found /usr/bin/python3.13
configure:21277: result: python3.13
configure:21305: checking for sphinx-build
configure:21323: found /usr/bin/sphinx-build
configure:21336: result: /usr/bin/sphinx-build
configure:21355: checking generated manual pages
configure:21364: result: done
configure:21369: checking prebuilt manual pages
configure:21375: result: done
configure:21490: checking that generated files are newer than configure
configure:21496: result: done
configure:21604: creating ./config.status

## ---------------------- ##
## Running config.status. ##
## ---------------------- ##

This file was extended by LibTIFF Software config.status 4.7.0, which was
generated by GNU Autoconf 2.69.  Invocation command line was

  CONFIG_FILES    = 
  CONFIG_HEADERS  = 
  CONFIG_LINKS    = 
  CONFIG_COMMANDS = 
  $ ./config.status 

on host

config.status:1384: creating Makefile
config.status:1384: creating build/Makefile
config.status:1384: creating contrib/Makefile
config.status:1384: creating contrib/addtiffo/Makefile
config.status:1384: creating contrib/dbs/Makefile
config.status:1384: creating contrib/dbs/xtiff/Makefile
config.status:1384: creating contrib/iptcutil/Makefile
config.status:1384: creating contrib/mfs/Makefile
config.status:1384: creating contrib/pds/Makefile
config.status:1384: creating contrib/ras/Makefile
config.status:1384: creating contrib/stream/Makefile
config.status:1384: creating contrib/tags/Makefile
config.status:1384: creating contrib/win_dib/Makefile
config.status:1384: creating doc/Makefile
config.status:1384: creating libtiff-4.pc
config.status:1384: creating libtiff/Makefile
config.status:1384: creating libtiff/tiffvers.h
config.status:1384: creating port/Makefile
config.status:1384: creating test/Makefile
config.status:1384: creating tools/Makefile
config.status:1384: creating config/config.h
config.status:1384: creating libtiff/tif_config.h
config.status:1384: creating libtiff/tiffconf.h
config.status:1384: creating port/libport_config.h
config.status:1613: executing depfiles commands
config.status:1690: cd contrib/addtiffo       && sed -e '/# am--include-marker/d' Makefile         | make -f - am--depfiles
config.status:1695: $? = 0
config.status:1690: cd contrib/dbs       && sed -e '/# am--include-marker/d' Makefile         | make -f - am--depfiles
config.status:1695: $? = 0
config.status:1690: cd contrib/iptcutil       && sed -e '/# am--include-marker/d' Makefile         | make -f - am--depfiles
config.status:1695: $? = 0
config.status:1690: cd libtiff       && sed -e '/# am--include-marker/d' Makefile         | make -f - am--depfiles
config.status:1695: $? = 0
config.status:1690: cd port       && sed -e '/# am--include-marker/d' Makefile         | make -f - am--depfiles
config.status:1695: $? = 0
config.status:1690: cd test       && sed -e '/# am--include-marker/d' Makefile         | make -f - am--depfiles
config.status:1695: $? = 0
config.status:1690: cd tools       && sed -e '/# am--include-marker/d' Makefile         | make -f - am--depfiles
config.status:1695: $? = 0
config.status:1613: executing libtool commands

## ---------------- ##
## Cache variables. ##
## ---------------- ##

ac_cv_build=x86_64-pc-linux-gnu
ac_cv_c_bigendian=no
ac_cv_c_compiler_gnu=yes
ac_cv_c_const=yes
ac_cv_cxx_compiler_gnu=yes
ac_cv_env_CCC_set=
ac_cv_env_CCC_value=
ac_cv_env_CC_set=set
ac_cv_env_CC_value=arm-unknown-linux-gnueabihf-gcc
ac_cv_env_CFLAGS_set=
ac_cv_env_CFLAGS_value=
ac_cv_env_CPPFLAGS_set=set
ac_cv_env_CPPFLAGS_value='-I/home/dev/Desktop/ClaraColour/python/crosstoolsng/zlib-armhf-install/include -I/home/dev/Desktop/ClaraColour/python/crosstoolsng/zstd-armhf-install/include'
ac_cv_env_CPP_set=
ac_cv_env_CPP_value=
ac_cv_env_CXXCPP_set=
ac_cv_env_CXXCPP_value=
ac_cv_env_CXXFLAGS_set=
ac_cv_env_CXXFLAGS_value=
ac_cv_env_CXX_set=set
ac_cv_env_CXX_value=arm-unknown-linux-gnueabihf-g++
ac_cv_env_LDFLAGS_set=set
ac_cv_env_LDFLAGS_value='-L/home/dev/Desktop/ClaraColour/python/crosstoolsng/zlib-armhf-install/lib -L/home/dev/Desktop/ClaraColour/python/crosstoolsng/zstd-armhf-install/lib'
ac_cv_env_LIBS_set=
ac_cv_env_LIBS_value=
ac_cv_env_LT_SYS_LIBRARY_PATH_set=
ac_cv_env_LT_SYS_LIBRARY_PATH_value=
ac_cv_env_XMKMF_set=
ac_cv_env_XMKMF_value=
ac_cv_env_build_alias_set=
ac_cv_env_build_alias_value=
ac_cv_env_host_alias_set=set
ac_cv_env_host_alias_value=arm-unknown-linux-gnueabihf
ac_cv_env_target_alias_set=
ac_cv_env_target_alias_value=
ac_cv_func_getopt=yes
ac_cv_func_mmap=yes
ac_cv_func_setmode=no
ac_cv_have_decl_optarg=yes
ac_cv_have_x=have_x=no
ac_cv_header_GLUT_glut_h=no
ac_cv_header_GL_gl_h=no
ac_cv_header_GL_glu_h=no
ac_cv_header_GL_glut_h=no
ac_cv_header_Lerc_c_api_h=no
ac_cv_header_OpenGL_gl_h=no
ac_cv_header_OpenGL_glu_h=no
ac_cv_header_assert_h=yes
ac_cv_header_dlfcn_h=yes
ac_cv_header_fcntl_h=yes
ac_cv_header_inttypes_h=yes
ac_cv_header_io_h=no
ac_cv_header_jbig_h=no
ac_cv_header_jpeglib_h=no
ac_cv_header_libdeflate_h=no
ac_cv_header_lzma_h=no
ac_cv_header_memory_h=yes
ac_cv_header_search_h=yes
ac_cv_header_stdc=yes
ac_cv_header_stdint_h=yes
ac_cv_header_stdlib_h=yes
ac_cv_header_string_h=yes
ac_cv_header_strings_h=yes
ac_cv_header_sys_stat_h=yes
ac_cv_header_sys_types_h=yes
ac_cv_header_time=yes
ac_cv_header_unistd_h=yes
ac_cv_header_webp_decode_h=no
ac_cv_header_windows_h=no
ac_cv_header_zlib_h=yes
ac_cv_header_zstd_h=yes
ac_cv_host=arm-unknown-linux-gnueabihf
ac_cv_lib_LercLib___lerc_decode=no
ac_cv_lib_Lerc___lerc_decode=no
ac_cv_lib_deflate_libdeflate_zlib_decompress=no
ac_cv_lib_jbig_jbg_dec_init=no
ac_cv_lib_jpeg_jpeg_read_scanlines=no
ac_cv_lib_lzma_lzma_code=no
ac_cv_lib_m_sin=yes
ac_cv_lib_webp_WebPDecode=no
ac_cv_lib_z_inflateEnd=yes
ac_cv_lib_zstd_ZSTD_decompressStream=yes
ac_cv_objext=o
ac_cv_path_CMAKE=/usr/bin/cmake
ac_cv_path_EGREP='/usr/bin/grep -E'
ac_cv_path_FGREP='/usr/bin/grep -F'
ac_cv_path_GREP=/usr/bin/grep
ac_cv_path_SED=/usr/bin/sed
ac_cv_path_SPHINX_BUILD=/usr/bin/sphinx-build
ac_cv_path_install='/usr/bin/install -c'
ac_cv_path_lt_DD=/usr/bin/dd
ac_cv_path_mkdir=/usr/bin/mkdir
ac_cv_prog_AR=arm-unknown-linux-gnueabihf-ar
ac_cv_prog_AWK=gawk
ac_cv_prog_CC=arm-unknown-linux-gnueabihf-gcc
ac_cv_prog_CPP='arm-unknown-linux-gnueabihf-gcc -E'
ac_cv_prog_CXXCPP='arm-unknown-linux-gnueabihf-g++ -E'
ac_cv_prog_OBJDUMP=arm-unknown-linux-gnueabihf-objdump
ac_cv_prog_PYTHON_BIN=python3.13
ac_cv_prog_RANLIB=arm-unknown-linux-gnueabihf-ranlib
ac_cv_prog_STRIP=arm-unknown-linux-gnueabihf-strip
ac_cv_prog_ac_ct_MANIFEST_TOOL=mt
ac_cv_prog_cc_c89=
ac_cv_prog_cc_c99=
ac_cv_prog_cc_g=yes
ac_cv_prog_cxx_g=yes
ac_cv_prog_make_make_set=yes
ac_cv_sizeof_size_t=4
ac_cv_struct_tm=time.h
ac_cv_sys_file_offset_bits=64
ac_cv_sys_largefile_CC=no
ac_cv_sys_largefile_source=no
ac_cv_type_off_t=yes
ac_cv_type_size_t=yes
am_cv_CC_dependencies_compiler_type=gcc3
am_cv_CXX_dependencies_compiler_type=gcc3
am_cv_make_support_nested_variables=yes
am_cv_prog_cc_c_o=yes
am_cv_prog_tar_ustar=gnutar
ax_cv_c_compiler_ms=no
ax_cv_check_gl_libgl=no
ax_cv_check_glu_libglu=no
ax_cv_check_glut_libglut=no
lt_cv_ar_at_file=@
lt_cv_archive_cmds_need_lc=no
lt_cv_deplibs_check_method=pass_all
lt_cv_file_magic_cmd='$MAGIC_CMD'
lt_cv_file_magic_test_file=
lt_cv_ld_reload_flag=-r
lt_cv_nm_interface='BSD nm'
lt_cv_objdir=.libs
lt_cv_path_LD=/home/dev/x-tools/arm-unknown-linux-gnueabihf/arm-unknown-linux-gnueabihf/bin/ld
lt_cv_path_LDCXX=/home/dev/x-tools/arm-unknown-linux-gnueabihf/arm-unknown-linux-gnueabihf/bin/ld
lt_cv_path_NM='/home/dev/x-tools/arm-unknown-linux-gnueabihf/bin/arm-unknown-linux-gnueabihf-nm -B'
lt_cv_path_mainfest_tool=no
lt_cv_prog_compiler_c_o=yes
lt_cv_prog_compiler_c_o_CXX=yes
lt_cv_prog_compiler_pic='-fPIC -DPIC'
lt_cv_prog_compiler_pic_CXX='-fPIC -DPIC'
lt_cv_prog_compiler_pic_works=yes
lt_cv_prog_compiler_pic_works_CXX=yes
lt_cv_prog_compiler_rtti_exceptions=no
lt_cv_prog_compiler_static_works=yes
lt_cv_prog_compiler_static_works_CXX=yes
lt_cv_prog_gnu_ld=yes
lt_cv_prog_gnu_ldcxx=yes
lt_cv_sharedlib_from_linklib_cmd='printf %s\n'
lt_cv_shlibpath_overrides_runpath=no
lt_cv_sys_global_symbol_pipe='sed -n -e '\''s/^.*[	 ]\([ABCDGIRSTW][ABCDGIRSTW]*\)[	 ][	 ]*\([_A-Za-z][_A-Za-z0-9]*\)$/\1 \2 \2/p'\'' | sed '\''/ __gnu_lto/d'\'''
lt_cv_sys_global_symbol_to_c_name_address='sed -n -e '\''s/^: \(.*\) .*$/  {"\1", (void *) 0},/p'\'' -e '\''s/^[ABCDGIRSTW][ABCDGIRSTW]* .* \(.*\)$/  {"\1", (void *) \&\1},/p'\'''
lt_cv_sys_global_symbol_to_c_name_address_lib_prefix='sed -n -e '\''s/^: \(.*\) .*$/  {"\1", (void *) 0},/p'\'' -e '\''s/^[ABCDGIRSTW][ABCDGIRSTW]* .* \(lib.*\)$/  {"\1", (void *) \&\1},/p'\'' -e '\''s/^[ABCDGIRSTW][ABCDGIRSTW]* .* \(.*\)$/  {"lib\1", (void *) \&\1},/p'\'''
lt_cv_sys_global_symbol_to_cdecl='sed -n -e '\''s/^T .* \(.*\)$/extern int \1();/p'\'' -e '\''s/^[ABCDGIRSTW][ABCDGIRSTW]* .* \(.*\)$/extern char \1;/p'\'''
lt_cv_sys_global_symbol_to_import=
lt_cv_sys_max_cmd_len=1572864
lt_cv_to_host_file_cmd=func_convert_file_noop
lt_cv_to_tool_file_cmd=func_convert_file_noop
lt_cv_truncate_bin='/usr/bin/dd bs=4096 count=1'
vl_cv_prog_cc_warnings='-Wall -W'

## ----------------- ##
## Output variables. ##
## ----------------- ##

ACLOCAL='${SHELL} /home/dev/Desktop/ClaraColour/python/crosstoolsng/tiff-4.7.0/config/missing aclocal-1.16'
AMDEPBACKSLASH='\'
AMDEP_FALSE='#'
AMDEP_TRUE=''
AMTAR='$${TAR-tar}'
AM_BACKSLASH='\'
AM_DEFAULT_V='$(AM_DEFAULT_VERBOSITY)'
AM_DEFAULT_VERBOSITY='1'
AM_V='$(V)'
AR='arm-unknown-linux-gnueabihf-ar'
AS='as'
AUTOCONF='${SHELL} /home/dev/Desktop/ClaraColour/python/crosstoolsng/tiff-4.7.0/config/missing autoconf'
AUTOHEADER='${SHELL} /home/dev/Desktop/ClaraColour/python/crosstoolsng/tiff-4.7.0/config/missing autoheader'
AUTOMAKE='${SHELL} /home/dev/Desktop/ClaraColour/python/crosstoolsng/tiff-4.7.0/config/missing automake-1.16'
AWK='gawk'
BUILD_STATIC_FALSE=''
BUILD_STATIC_TRUE='#'
CC='arm-unknown-linux-gnueabihf-gcc'
CCDEPMODE='depmode=gcc3'
CFLAGS='-g -O2 -Wall -W'
CMAKE='/usr/bin/cmake'
CPP='arm-unknown-linux-gnueabihf-gcc -E'
CPPFLAGS='-I/home/dev/Desktop/ClaraColour/python/crosstoolsng/zlib-armhf-install/include -I/home/dev/Desktop/ClaraColour/python/crosstoolsng/zstd-armhf-install/include'
CXX='arm-unknown-linux-gnueabihf-g++'
CXXCPP='arm-unknown-linux-gnueabihf-g++ -E'
CXXDEPMODE='depmode=gcc3'
CXXFLAGS='-g -O2'
CYGPATH_W='echo'
DEFS='-DHAVE_CONFIG_H'
DEPDIR='.deps'
DLLTOOL='false'
DSYMUTIL=''
DUMPBIN=''
ECHO_C=''
ECHO_N='-n'
ECHO_T=''
EGREP='/usr/bin/grep -E'
EXEEXT=''
FGREP='/usr/bin/grep -F'
GLUT_CFLAGS=''
GLUT_LIBS=''
GLU_CFLAGS=''
GLU_LIBS=''
GL_CFLAGS=''
GL_LIBS=''
GREP='/usr/bin/grep'
HAVE_CXX_FALSE='#'
HAVE_CXX_TRUE=''
HAVE_JBIG_FALSE=''
HAVE_JBIG_TRUE='#'
HAVE_JPEGTURBO_DUAL_MODE_8_12_FALSE=''
HAVE_JPEGTURBO_DUAL_MODE_8_12_TRUE='#'
HAVE_JPEG_FALSE=''
HAVE_JPEG_TRUE='#'
HAVE_LD_VERSION_SCRIPT_FALSE='#'
HAVE_LD_VERSION_SCRIPT_TRUE=''
HAVE_LERC_FALSE=''
HAVE_LERC_TRUE='#'
HAVE_LZMA_FALSE=''
HAVE_LZMA_TRUE='#'
HAVE_OPENGL_FALSE=''
HAVE_OPENGL_TRUE='#'
HAVE_RPATH_FALSE=''
HAVE_RPATH_TRUE='#'
HAVE_WEBP_FALSE=''
HAVE_WEBP_TRUE='#'
HAVE_ZSTD_FALSE='#'
HAVE_ZSTD_TRUE=''
INSTALL_DATA='${INSTALL} -m 644'
INSTALL_PROGRAM='${INSTALL}'
INSTALL_SCRIPT='${INSTALL}'
INSTALL_STRIP_PROGRAM='$(install_sh) -c -s'
LD='/home/dev/x-tools/arm-unknown-linux-gnueabihf/arm-unknown-linux-gnueabihf/bin/ld'
LDFLAGS='-L/home/dev/Desktop/ClaraColour/python/crosstoolsng/zlib-armhf-install/lib -L/home/dev/Desktop/ClaraColour/python/crosstoolsng/zstd-armhf-install/lib'
LIBDIR=''
LIBOBJS=''
LIBS='-lzstd -lz -lm '
LIBTIFF_ALPHA_VERSION=''
LIBTIFF_DOCDIR='${prefix}/share/doc/tiff-4.7.0'
LIBTIFF_MAJOR_VERSION='4'
LIBTIFF_MICRO_VERSION='0'
LIBTIFF_MINOR_VERSION='7'
LIBTIFF_RELEASE_DATE='20240911'
LIBTIFF_VERSION='4.7.0'
LIBTIFF_VERSION_INFO='7:0:1'
LIBTOOL='$(SHELL) $(top_builddir)/libtool'
LIPO=''
LN_S='ln -s'
LTLIBOBJS=''
LT_SYS_LIBRARY_PATH=''
MAINT='#'
MAINTAINER_MODE_FALSE=''
MAINTAINER_MODE_TRUE='#'
MAKEINFO='${SHELL} /home/dev/Desktop/ClaraColour/python/crosstoolsng/tiff-4.7.0/config/missing makeinfo'
MANIFEST_TOOL=':'
MKDIR_P='/usr/bin/mkdir -p'
NM='/home/dev/x-tools/arm-unknown-linux-gnueabihf/bin/arm-unknown-linux-gnueabihf-nm -B'
NMEDIT=''
OBJDUMP='arm-unknown-linux-gnueabihf-objdump'
OBJEXT='o'
OTOOL64=''
OTOOL=''
PACKAGE='tiff'
PACKAGE_BUGREPORT='tiff@lists.osgeo.org'
PACKAGE_NAME='LibTIFF Software'
PACKAGE_STRING='LibTIFF Software 4.7.0'
PACKAGE_TARNAME='tiff'
PACKAGE_URL=''
PACKAGE_VERSION='4.7.0'
PATH_SEPARATOR=':'
PTHREAD_CC='arm-unknown-linux-gnueabihf-gcc'
PTHREAD_CFLAGS='-pthread'
PTHREAD_LIBS=''
PYTHON_BIN='python3.13'
RANLIB='arm-unknown-linux-gnueabihf-ranlib'
SED='/usr/bin/sed'
SET_MAKE=''
SHELL='/bin/bash'
SPHINX_BUILD='/usr/bin/sphinx-build'
SPHINX_FALSE='#'
SPHINX_TRUE=''
STATIC_LERC_FALSE=''
STATIC_LERC_TRUE='#'
STRIP='arm-unknown-linux-gnueabihf-strip'
TIFF_CONTRIB_FALSE='#'
TIFF_CONTRIB_TRUE=''
TIFF_DOCS_FALSE='#'
TIFF_DOCS_TRUE=''
TIFF_MAN1_GEN='man/fax2ps.1 man/fax2tiff.1 man/pal2rgb.1 man/ppm2tiff.1 man/raw2tiff.1 man/rgb2ycbcr.1 man/thumbnail.1 man/tiff2bw.1 man/tiff2pdf.1 man/tiff2ps.1 man/tiff2rgba.1 man/tiffcmp.1 man/tiffcp.1 man/tiffcrop.1 man/tiffdither.1 man/tiffdump.1 man/tiffgt.1 man/tiffinfo.1 man/tiffmedian.1 man/tiffset.1 man/tiffsplit.1'
TIFF_MAN1_PREBUILT='man-prebuilt/fax2ps.1 man-prebuilt/fax2tiff.1 man-prebuilt/pal2rgb.1 man-prebuilt/ppm2tiff.1 man-prebuilt/raw2tiff.1 man-prebuilt/rgb2ycbcr.1 man-prebuilt/thumbnail.1 man-prebuilt/tiff2bw.1 man-prebuilt/tiff2pdf.1 man-prebuilt/tiff2ps.1 man-prebuilt/tiff2rgba.1 man-prebuilt/tiffcmp.1 man-prebuilt/tiffcp.1 man-prebuilt/tiffcrop.1 man-prebuilt/tiffdither.1 man-prebuilt/tiffdump.1 man-prebuilt/tiffgt.1 man-prebuilt/tiffinfo.1 man-prebuilt/tiffmedian.1 man-prebuilt/tiffset.1 man-prebuilt/tiffsplit.1'
TIFF_MAN3_GEN='man/libtiff.3tiff man/_TIFFauxiliary.3tiff man/_TIFFRewriteField.3tiff man/TIFFAccessTagMethods.3tiff man/TIFFbuffer.3tiff man/TIFFClientInfo.3tiff man/TIFFClose.3tiff man/TIFFcodec.3tiff man/TIFFcolor.3tiff man/TIFFCreateDirectory.3tiff man/TIFFCustomDirectory.3tiff man/TIFFCustomTagList.3tiff man/TIFFDataWidth.3tiff man/TIFFDeferStrileArrayWriting.3tiff man/TIFFError.3tiff man/TIFFFieldDataType.3tiff man/TIFFFieldName.3tiff man/TIFFFieldPassCount.3tiff man/TIFFFieldQuery.3tiff man/TIFFFieldReadCount.3tiff man/TIFFFieldTag.3tiff man/TIFFFieldWriteCount.3tiff man/TIFFFlush.3tiff man/TIFFGetField.3tiff man/TIFFmemory.3tiff man/TIFFMergeFieldInfo.3tiff man/TIFFOpen.3tiff man/TIFFPrintDirectory.3tiff man/TIFFProcFunctions.3tiff man/TIFFquery.3tiff man/TIFFReadDirectory.3tiff man/TIFFReadEncodedStrip.3tiff man/TIFFReadEncodedTile.3tiff man/TIFFReadFromUserBuffer.3tiff man/TIFFReadRawStrip.3tiff man/TIFFReadRawTile.3tiff man/TIFFReadRGBAImage.3tiff man/TIFFReadRGBAStrip.3tiff man/TIFFReadRGBATile.3tiff man/TIFFReadScanline.3tiff man/TIFFReadTile.3tiff man/TIFFRGBAImage.3tiff man/TIFFSetDirectory.3tiff man/TIFFSetField.3tiff man/TIFFSetTagExtender.3tiff man/TIFFsize.3tiff man/TIFFStrileQuery.3tiff man/TIFFstrip.3tiff man/TIFFswab.3tiff man/TIFFtile.3tiff man/TIFFWarning.3tiff man/TIFFWriteDirectory.3tiff man/TIFFWriteEncodedStrip.3tiff man/TIFFWriteEncodedTile.3tiff man/TIFFWriteRawStrip.3tiff man/TIFFWriteRawTile.3tiff man/TIFFWriteScanline.3tiff man/TIFFWriteTile.3tiff'
TIFF_MAN3_PREBUILT='man-prebuilt/TIFFAccessTagMethods.3tiff man-prebuilt/TIFFClientInfo.3tiff man-prebuilt/TIFFClose.3tiff man-prebuilt/TIFFCreateDirectory.3tiff man-prebuilt/TIFFCustomDirectory.3tiff man-prebuilt/TIFFCustomTagList.3tiff man-prebuilt/TIFFDataWidth.3tiff man-prebuilt/TIFFDeferStrileArrayWriting.3tiff man-prebuilt/TIFFError.3tiff man-prebuilt/TIFFFieldDataType.3tiff man-prebuilt/TIFFFieldName.3tiff man-prebuilt/TIFFFieldPassCount.3tiff man-prebuilt/TIFFFieldQuery.3tiff man-prebuilt/TIFFFieldReadCount.3tiff man-prebuilt/TIFFFieldTag.3tiff man-prebuilt/TIFFFieldWriteCount.3tiff man-prebuilt/TIFFFlush.3tiff man-prebuilt/TIFFGetField.3tiff man-prebuilt/TIFFMergeFieldInfo.3tiff man-prebuilt/TIFFOpen.3tiff man-prebuilt/TIFFPrintDirectory.3tiff man-prebuilt/TIFFProcFunctions.3tiff man-prebuilt/TIFFRGBAImage.3tiff man-prebuilt/TIFFReadDirectory.3tiff man-prebuilt/TIFFReadEncodedStrip.3tiff man-prebuilt/TIFFReadEncodedTile.3tiff man-prebuilt/TIFFReadFromUserBuffer.3tiff man-prebuilt/TIFFReadRGBAImage.3tiff man-prebuilt/TIFFReadRGBAStrip.3tiff man-prebuilt/TIFFReadRGBATile.3tiff man-prebuilt/TIFFReadRawStrip.3tiff man-prebuilt/TIFFReadRawTile.3tiff man-prebuilt/TIFFReadScanline.3tiff man-prebuilt/TIFFReadTile.3tiff man-prebuilt/TIFFSetDirectory.3tiff man-prebuilt/TIFFSetField.3tiff man-prebuilt/TIFFSetTagExtender.3tiff man-prebuilt/TIFFStrileQuery.3tiff man-prebuilt/TIFFWarning.3tiff man-prebuilt/TIFFWriteDirectory.3tiff man-prebuilt/TIFFWriteEncodedStrip.3tiff man-prebuilt/TIFFWriteEncodedTile.3tiff man-prebuilt/TIFFWriteRawStrip.3tiff man-prebuilt/TIFFWriteRawTile.3tiff man-prebuilt/TIFFWriteScanline.3tiff man-prebuilt/TIFFWriteTile.3tiff man-prebuilt/TIFFbuffer.3tiff man-prebuilt/TIFFcodec.3tiff man-prebuilt/TIFFcolor.3tiff man-prebuilt/TIFFmemory.3tiff man-prebuilt/TIFFquery.3tiff man-prebuilt/TIFFsize.3tiff man-prebuilt/TIFFstrip.3tiff man-prebuilt/TIFFswab.3tiff man-prebuilt/TIFFtile.3tiff man-prebuilt/_TIFFRewriteField.3tiff man-prebuilt/_TIFFauxiliary.3tiff man-prebuilt/libtiff.3tiff'
TIFF_MAN_RULES='man/libtiff.3tiff: all-local
TIFF_TESTS_FALSE='#'
TIFF_TESTS_TRUE=''
TIFF_TOOLS_FALSE='#'
TIFF_TOOLS_TRUE=''
VERSION='4.7.0'
WIN32_IO_FALSE=''
WIN32_IO_TRUE='#'
XMKMF=''
X_CFLAGS=''
X_EXTRA_LIBS=''
X_LIBS=''
X_PRE_LIBS=''
ac_ct_AR=''
ac_ct_CC=''
ac_ct_CXX=''
ac_ct_DUMPBIN=''
am__EXEEXT_FALSE=''
am__EXEEXT_TRUE='#'
am__fastdepCC_FALSE='#'
am__fastdepCC_TRUE=''
am__fastdepCXX_FALSE='#'
am__fastdepCXX_TRUE=''
am__include='include'
am__isrc=''
am__leading_dot='.'
am__nodep='_no'
am__quote=''
am__tar='tar --format=ustar -chf - "$$tardir"'
am__untar='tar -xf -'
ax_pthread_config=''
bindir='${exec_prefix}/bin'
build='x86_64-pc-linux-gnu'
build_alias=''
build_cpu='x86_64'
build_os='linux-gnu'
build_vendor='pc'
datadir='${datarootdir}'
datarootdir='${prefix}/share'
docdir='${datarootdir}/doc/${PACKAGE_TARNAME}'
dvidir='${docdir}'
exec_prefix='${prefix}'
host='arm-unknown-linux-gnueabihf'
host_alias='arm-unknown-linux-gnueabihf'
host_cpu='arm'
host_os='linux-gnueabihf'
host_vendor='unknown'
htmldir='${docdir}'
includedir='${prefix}/include'
infodir='${datarootdir}/info'
install_sh='${SHELL} /home/dev/Desktop/ClaraColour/python/crosstoolsng/tiff-4.7.0/config/install-sh'
libdir='${exec_prefix}/lib'
libexecdir='${exec_prefix}/libexec'
localedir='${datarootdir}/locale'
localstatedir='${prefix}/var'
man/TIFFAccessTagMethods.3tiff: all-local
man/TIFFClientInfo.3tiff: all-local
man/TIFFClose.3tiff: all-local
man/TIFFCreateDirectory.3tiff: all-local
man/TIFFCustomDirectory.3tiff: all-local
man/TIFFCustomTagList.3tiff: all-local
man/TIFFDataWidth.3tiff: all-local
man/TIFFDeferStrileArrayWriting.3tiff: all-local
man/TIFFError.3tiff: all-local
man/TIFFFieldDataType.3tiff: all-local
man/TIFFFieldName.3tiff: all-local
man/TIFFFieldPassCount.3tiff: all-local
man/TIFFFieldQuery.3tiff: all-local
man/TIFFFieldReadCount.3tiff: all-local
man/TIFFFieldTag.3tiff: all-local
man/TIFFFieldWriteCount.3tiff: all-local
man/TIFFFlush.3tiff: all-local
man/TIFFGetField.3tiff: all-local
man/TIFFMergeFieldInfo.3tiff: all-local
man/TIFFOpen.3tiff: all-local
man/TIFFPrintDirectory.3tiff: all-local
man/TIFFProcFunctions.3tiff: all-local
man/TIFFRGBAImage.3tiff: all-local
man/TIFFReadDirectory.3tiff: all-local
man/TIFFReadEncodedStrip.3tiff: all-local
man/TIFFReadEncodedTile.3tiff: all-local
man/TIFFReadFromUserBuffer.3tiff: all-local
man/TIFFReadRGBAImage.3tiff: all-local
man/TIFFReadRGBAStrip.3tiff: all-local
man/TIFFReadRGBATile.3tiff: all-local
man/TIFFReadRawStrip.3tiff: all-local
man/TIFFReadRawTile.3tiff: all-local
man/TIFFReadScanline.3tiff: all-local
man/TIFFReadTile.3tiff: all-local
man/TIFFSetDirectory.3tiff: all-local
man/TIFFSetField.3tiff: all-local
man/TIFFSetTagExtender.3tiff: all-local
man/TIFFStrileQuery.3tiff: all-local
man/TIFFWarning.3tiff: all-local
man/TIFFWriteDirectory.3tiff: all-local
man/TIFFWriteEncodedStrip.3tiff: all-local
man/TIFFWriteEncodedTile.3tiff: all-local
man/TIFFWriteRawStrip.3tiff: all-local
man/TIFFWriteRawTile.3tiff: all-local
man/TIFFWriteScanline.3tiff: all-local
man/TIFFWriteTile.3tiff: all-local'
man/TIFFbuffer.3tiff: all-local
man/TIFFcodec.3tiff: all-local
man/TIFFcolor.3tiff: all-local
man/TIFFmemory.3tiff: all-local
man/TIFFquery.3tiff: all-local
man/TIFFsize.3tiff: all-local
man/TIFFstrip.3tiff: all-local
man/TIFFswab.3tiff: all-local
man/TIFFtile.3tiff: all-local
man/_TIFFRewriteField.3tiff: all-local
man/_TIFFauxiliary.3tiff: all-local
man/fax2ps.1: all-local
man/fax2tiff.1: all-local
man/pal2rgb.1: all-local
man/ppm2tiff.1: all-local
man/raw2tiff.1: all-local
man/rgb2ycbcr.1: all-local
man/thumbnail.1: all-local
man/tiff2bw.1: all-local
man/tiff2pdf.1: all-local
man/tiff2ps.1: all-local
man/tiff2rgba.1: all-local
man/tiffcmp.1: all-local
man/tiffcp.1: all-local
man/tiffcrop.1: all-local
man/tiffdither.1: all-local
man/tiffdump.1: all-local
man/tiffgt.1: all-local
man/tiffinfo.1: all-local
man/tiffmedian.1: all-local
man/tiffset.1: all-local
man/tiffsplit.1: all-local
mandir='${datarootdir}/man'
mkdir_p='$(MKDIR_P)'
oldincludedir='/usr/include'
pdfdir='${docdir}'
prefix='/home/dev/Desktop/ClaraColour/python/crosstoolsng/tiff-install'
program_transform_name='s,x,x,'
psdir='${docdir}'
runstatedir='${localstatedir}/run'
sbindir='${exec_prefix}/sbin'
sharedstatedir='${prefix}/com'
sysconfdir='${prefix}/etc'
target_alias=''
tiff_libs_private='-lzstd -lz -lm '
tiff_requires_private='libzstd zlib '

## ----------- ##
## confdefs.h. ##
## ----------- ##

/* confdefs.h */
#define PACKAGE_NAME "LibTIFF Software"
#define PACKAGE_TARNAME "tiff"
#define PACKAGE_VERSION "4.7.0"
#define PACKAGE_STRING "LibTIFF Software 4.7.0"
#define PACKAGE_BUGREPORT "tiff@lists.osgeo.org"
#define PACKAGE_URL ""
#define PACKAGE "tiff"
#define VERSION "4.7.0"
#define STDC_HEADERS 1
#define HAVE_SYS_TYPES_H 1
#define HAVE_SYS_STAT_H 1
#define HAVE_STDLIB_H 1
#define HAVE_STRING_H 1
#define HAVE_MEMORY_H 1
#define HAVE_STRINGS_H 1
#define HAVE_INTTYPES_H 1
#define HAVE_STDINT_H 1
#define HAVE_UNISTD_H 1
#define HAVE_DLFCN_H 1
#define LT_OBJDIR ".libs/"
#define HAVE_ASSERT_H 1
#define HAVE_FCNTL_H 1
#define HAVE_SEARCH_H 1
#define HAVE_UNISTD_H 1
#define TIME_WITH_SYS_TIME 1
#define HAVE_FSEEKO 1
#define HAVE_DECL_OPTARG 1
#define SIZEOF_SIZE_T 4
#define TIFF_SSIZE_T int32_t
#define HAVE_MMAP 1
#define HAVE_GETOPT 1
#define HOST_BIGENDIAN 0
#define HAVE_IEEEFP 1
#define _FILE_OFFSET_BITS 64
#define CCITT_SUPPORT 1
#define PACKBITS_SUPPORT 1
#define LZW_SUPPORT 1
#define THUNDER_SUPPORT 1
#define NEXT_SUPPORT 1
#define LOGLUV_SUPPORT 1
#define MDI_SUPPORT 1
#define ZIP_SUPPORT 1
#define PIXARLOG_SUPPORT 1
#define ZSTD_SUPPORT 1
#define CXX_SUPPORT 1
#define X_DISPLAY_MISSING 1
#define HAVE_PTHREAD 1
#define STRIPCHOP_DEFAULT TIFF_STRIPCHOP
#define STRIP_SIZE_DEFAULT 8192
#define TIFF_MAX_DIR_COUNT 1048576
#define SUBIFD_SUPPORT 1
#define DEFAULT_EXTRASAMPLE_AS_ALPHA 1
#define CHECK_JPEG_YCBCR_SUBSAMPLING 1

configure: exit 0
