This file contains any messages produced by compilers while
running configure, to aid debugging if configure makes a mistake.

It was created by configure, which was
generated by GNU Autoconf 2.69.  Invocation command line was

  $ /home/dev/Desktop/ClaraColour/python/crosstoolsng/binutils-2.42/libiberty/configure --srcdir=.././libiberty --cache-file=./config.cache --with-gnu-as --with-gnu-ld --prefix=/home/dev/x-tools/arm-unknown-linux-gnueabihf --enable-static --disable-shared --disable-multilib --program-transform-name=s,y,y, --disable-option-checking --build=x86_64-pc-linux-gnu --host=arm-unknown-linux-gnueabihf --target=arm-unknown-linux-gnueabihf

## --------- ##
## Platform. ##
## --------- ##

hostname = host
uname -m = x86_64
uname -r = 6.12.105+deb13-amd64
uname -s = Linux
uname -v = #1 SMP PREEMPT_DYNAMIC Debian 6.12.105-1 (2026-08-24)

/usr/bin/uname -p = unknown
/bin/uname -X     = unknown

/bin/arch              = x86_64
/usr/bin/arch -k       = unknown
/usr/convex/getsysinfo = unknown
/usr/bin/hostinfo      = unknown
/bin/machine           = unknown
/usr/bin/oslevel       = unknown
/bin/universe          = unknown

PATH: /home/dev/x-tools/arm-unknown-linux-gnueabihf/bin
PATH: /home/dev/x-tools/arm-unknown-linux-gnueabihf/bin
PATH: /usr/local/bin
PATH: /usr/bin
PATH: /bin
PATH: /usr/local/games
PATH: /usr/games
PATH: /snap/bin
PATH: /home/dev/go/bin


## ----------- ##
## Core tests. ##
## ----------- ##

configure:2392: creating cache ./config.cache
configure:2553: checking whether to enable maintainer-specific portions of Makefiles
configure:2563: result: no
configure:2583: checking for makeinfo
configure:2610: result: makeinfo --split-size=5000000
configure:2650: checking for perl
configure:2666: found /usr/bin/perl
configure:2677: result: perl
configure:2696: checking build system type
configure:2710: result: x86_64-pc-linux-gnu
configure:2730: checking host system type
configure:2743: result: arm-unknown-linux-gnueabihf
configure:2768: checking for arm-unknown-linux-gnueabihf-ar
configure:2795: result: arm-unknown-linux-gnueabihf-ar 
configure:2860: checking for arm-unknown-linux-gnueabihf-ranlib
configure:2887: result: arm-unknown-linux-gnueabihf-ranlib 
configure:2950: checking for -plugin option
configure:2968: checking for arm-unknown-linux-gnueabihf-ar
configure:2995: result: arm-unknown-linux-gnueabihf-ar 
configure:3063: WARNING: Failed: arm-unknown-linux-gnueabihf-ar  --plugin /home/dev/x-tools/arm-unknown-linux-gnueabihf/libexec/gcc/arm-unknown-linux-gnueabihf/9.5.0/liblto_plugin.so rc
configure:3073: result: no
configure:3110: checking whether to install libiberty headers and static library
configure:3133: result: no
configure:3135: target_header_dir = 
configure:3147: checking for arm-unknown-linux-gnueabihf-gcc
configure:3174: result: arm-unknown-linux-gnueabihf-gcc
configure:3443: checking for C compiler version
configure:3452: arm-unknown-linux-gnueabihf-gcc --version >&5
arm-unknown-linux-gnueabihf-gcc (crosstool-NG 1.29.0.3_2e5d0b8) 9.5.0
Copyright (C) 2019 Free Software Foundation, Inc.
This is free software; see the source for copying conditions.  There is NO
warranty; not even for MERCHANTABILITY or FITNESS FOR A PARTICULAR PURPOSE.

configure:3463: $? = 0
configure:3452: arm-unknown-linux-gnueabihf-gcc -v >&5
Using built-in specs.
COLLECT_GCC=arm-unknown-linux-gnueabihf-gcc
COLLECT_LTO_WRAPPER=/home/dev/x-tools/arm-unknown-linux-gnueabihf/libexec/gcc/arm-unknown-linux-gnueabihf/9.5.0/lto-wrapper
Target: arm-unknown-linux-gnueabihf
Configured with: /home/dev/Desktop/ClaraColour/python/crosstoolsng/crosstool-ng/.build/arm-unknown-linux-gnueabihf/src/gcc/configure --build=x86_64-build_pc-linux-gnu --host=x86_64-build_pc-linux-gnu --target=arm-unknown-linux-gnueabihf --prefix=/home/dev/x-tools/arm-unknown-linux-gnueabihf --exec_prefix=/home/dev/x-tools/arm-unknown-linux-gnueabihf --with-sysroot=/home/dev/x-tools/arm-unknown-linux-gnueabihf/arm-unknown-linux-gnueabihf/sysroot --enable-languages=c,c++ --with-arch=armv7-a --with-tune=cortex-a53 --with-fpu=neon-vfpv4 --with-float=hard --with-pkgversion='crosstool-NG 1.29.0.3_2e5d0b8' --enable-__cxa_atexit --disable-tm-clone-registry --disable-libmudflap --disable-libgomp --disable-libssp --disable-libquadmath --disable-libquadmath-support --disable-libsanitizer --disable-libmpx --with-gmp=/home/dev/Desktop/ClaraColour/python/crosstoolsng/crosstool-ng/.build/arm-unknown-linux-gnueabihf/buildtools --with-mpfr=/home/dev/Desktop/ClaraColour/python/crosstoolsng/crosstool-ng/.build/arm-unknown-linux-gnueabihf/buildtools --with-mpc=/home/dev/Desktop/ClaraColour/python/crosstoolsng/crosstool-ng/.build/arm-unknown-linux-gnueabihf/buildtools --with-isl=/home/dev/Desktop/ClaraColour/python/crosstoolsng/crosstool-ng/.build/arm-unknown-linux-gnueabihf/buildtools --enable-lto --without-zstd --enable-threads=posix --enable-target-optspace --disable-plugin --disable-nls --disable-multilib --with-local-prefix=/home/dev/x-tools/arm-unknown-linux-gnueabihf/arm-unknown-linux-gnueabihf/sysroot --enable-long-long
Thread model: posix
gcc version 9.5.0 (crosstool-NG 1.29.0.3_2e5d0b8) 
configure:3463: $? = 0
configure:3452: arm-unknown-linux-gnueabihf-gcc -V >&5
arm-unknown-linux-gnueabihf-gcc: error: unrecognized command line option '-V'
arm-unknown-linux-gnueabihf-gcc: fatal error: no input files
compilation terminated.
configure:3463: $? = 1
configure:3452: arm-unknown-linux-gnueabihf-gcc -qversion >&5
arm-unknown-linux-gnueabihf-gcc: error: unrecognized command line option '-qversion'; did you mean '--version'?
arm-unknown-linux-gnueabihf-gcc: fatal error: no input files
compilation terminated.
configure:3463: $? = 1
configure:3479: arm-unknown-linux-gnueabihf-gcc -o conftest -g -O2        conftest.c  >&5
configure:3482: $? = 0
configure:3511: checking whether the C compiler works
configure:3533: arm-unknown-linux-gnueabihf-gcc -g -O2        conftest.c  >&5
configure:3537: $? = 0
configure:3585: result: yes
configure:3588: checking for C compiler default output file name
configure:3590: result: a.out
configure:3596: checking for suffix of executables
configure:3603: arm-unknown-linux-gnueabihf-gcc -o conftest -g -O2        conftest.c  >&5
configure:3607: $? = 0
configure:3629: result: 
configure:3651: checking whether we are cross compiling
configure:3689: result: yes
configure:3695: checking for suffix of object files
configure:3717: arm-unknown-linux-gnueabihf-gcc -c -g -O2      conftest.c >&5
configure:3721: $? = 0
configure:3742: result: o
configure:3746: checking whether we are using the GNU C compiler
configure:3765: arm-unknown-linux-gnueabihf-gcc -c -g -O2      conftest.c >&5
configure:3765: $? = 0
configure:3774: result: yes
configure:3783: checking whether arm-unknown-linux-gnueabihf-gcc accepts -g
configure:3803: arm-unknown-linux-gnueabihf-gcc -c -g  conftest.c >&5
configure:3803: $? = 0
configure:3844: result: yes
configure:3861: checking for arm-unknown-linux-gnueabihf-gcc option to accept ISO C89
configure:3924: arm-unknown-linux-gnueabihf-gcc  -c -g -O2      conftest.c >&5
configure:3924: $? = 0
configure:3937: result: none needed
configure:3963: checking how to run the C preprocessor
configure:3994: arm-unknown-linux-gnueabihf-gcc -E  conftest.c
configure:3994: $? = 0
configure:4008: arm-unknown-linux-gnueabihf-gcc -E  conftest.c
conftest.c:9:10: fatal error: ac_nonexistent.h: No such file or directory
    9 | #include <ac_nonexistent.h>
      |          ^~~~~~~~~~~~~~~~~~
compilation terminated.
configure:4008: $? = 1
configure: failed program was:
| /* confdefs.h */
| #define PACKAGE_NAME ""
| #define PACKAGE_TARNAME ""
| #define PACKAGE_VERSION ""
| #define PACKAGE_STRING ""
| #define PACKAGE_BUGREPORT ""
| #define PACKAGE_URL ""
| /* end confdefs.h.  */
| #include <ac_nonexistent.h>
configure:4033: result: arm-unknown-linux-gnueabihf-gcc -E
configure:4053: arm-unknown-linux-gnueabihf-gcc -E  conftest.c
configure:4053: $? = 0
configure:4067: arm-unknown-linux-gnueabihf-gcc -E  conftest.c
conftest.c:9:10: fatal error: ac_nonexistent.h: No such file or directory
    9 | #include <ac_nonexistent.h>
      |          ^~~~~~~~~~~~~~~~~~
compilation terminated.
configure:4067: $? = 1
configure: failed program was:
| /* confdefs.h */
| #define PACKAGE_NAME ""
| #define PACKAGE_TARNAME ""
| #define PACKAGE_VERSION ""
| #define PACKAGE_STRING ""
| #define PACKAGE_BUGREPORT ""
| #define PACKAGE_URL ""
| /* end confdefs.h.  */
| #include <ac_nonexistent.h>
configure:4096: checking for grep that handles long lines and -e
configure:4154: result: /usr/bin/grep
configure:4159: checking for egrep
configure:4221: result: /usr/bin/grep -E
configure:4226: checking for ANSI C header files
configure:4246: arm-unknown-linux-gnueabihf-gcc -c -g -O2      conftest.c >&5
configure:4246: $? = 0
configure:4330: result: yes
configure:4343: checking for sys/types.h
configure:4343: arm-unknown-linux-gnueabihf-gcc -c -g -O2      conftest.c >&5
configure:4343: $? = 0
configure:4343: result: yes
configure:4343: checking for sys/stat.h
configure:4343: arm-unknown-linux-gnueabihf-gcc -c -g -O2      conftest.c >&5
configure:4343: $? = 0
configure:4343: result: yes
configure:4343: checking for stdlib.h
configure:4343: arm-unknown-linux-gnueabihf-gcc -c -g -O2      conftest.c >&5
configure:4343: $? = 0
configure:4343: result: yes
configure:4343: checking for string.h
configure:4343: arm-unknown-linux-gnueabihf-gcc -c -g -O2      conftest.c >&5
configure:4343: $? = 0
configure:4343: result: yes
configure:4343: checking for memory.h
configure:4343: arm-unknown-linux-gnueabihf-gcc -c -g -O2      conftest.c >&5
configure:4343: $? = 0
configure:4343: result: yes
configure:4343: checking for strings.h
configure:4343: arm-unknown-linux-gnueabihf-gcc -c -g -O2      conftest.c >&5
configure:4343: $? = 0
configure:4343: result: yes
configure:4343: checking for inttypes.h
configure:4343: arm-unknown-linux-gnueabihf-gcc -c -g -O2      conftest.c >&5
configure:4343: $? = 0
configure:4343: result: yes
configure:4343: checking for stdint.h
configure:4343: arm-unknown-linux-gnueabihf-gcc -c -g -O2      conftest.c >&5
configure:4343: $? = 0
configure:4343: result: yes
configure:4343: checking for unistd.h
configure:4343: arm-unknown-linux-gnueabihf-gcc -c -g -O2      conftest.c >&5
configure:4343: $? = 0
configure:4343: result: yes
configure:4356: checking minix/config.h usability
configure:4356: arm-unknown-linux-gnueabihf-gcc -c -g -O2      conftest.c >&5
conftest.c:52:10: fatal error: minix/config.h: No such file or directory
   52 | #include <minix/config.h>
      |          ^~~~~~~~~~~~~~~~
compilation terminated.
configure:4356: $? = 1
configure: failed program was:
| /* confdefs.h */
| #define PACKAGE_NAME ""
| #define PACKAGE_TARNAME ""
| #define PACKAGE_VERSION ""
| #define PACKAGE_STRING ""
| #define PACKAGE_BUGREPORT ""
| #define PACKAGE_URL ""
| #define STDC_HEADERS 1
| #define HAVE_SYS_TYPES_H 1
| #define HAVE_SYS_STAT_H 1
| #define HAVE_STDLIB_H 1
| #define HAVE_STRING_H 1
| #define HAVE_MEMORY_H 1
| #define HAVE_STRINGS_H 1
| #define HAVE_INTTYPES_H 1
| #define HAVE_STDINT_H 1
| #define HAVE_UNISTD_H 1
| /* end confdefs.h.  */
| #include <stdio.h>
| #ifdef HAVE_SYS_TYPES_H
| # include <sys/types.h>
| #endif
| #ifdef HAVE_SYS_STAT_H
| # include <sys/stat.h>
| #endif
| #ifdef STDC_HEADERS
| # include <stdlib.h>
| # include <stddef.h>
| #else
| # ifdef HAVE_STDLIB_H
| #  include <stdlib.h>
| # endif
| #endif
| #ifdef HAVE_STRING_H
| # if !defined STDC_HEADERS && defined HAVE_MEMORY_H
| #  include <memory.h>
| # endif
| # include <string.h>
| #endif
| #ifdef HAVE_STRINGS_H
| # include <strings.h>
| #endif
| #ifdef HAVE_INTTYPES_H
| # include <inttypes.h>
| #endif
| #ifdef HAVE_STDINT_H
| # include <stdint.h>
| #endif
| #ifdef HAVE_UNISTD_H
| # include <unistd.h>
| #endif
| #include <minix/config.h>
configure:4356: result: no
configure:4356: checking minix/config.h presence
configure:4356: arm-unknown-linux-gnueabihf-gcc -E  conftest.c
conftest.c:19:10: fatal error: minix/config.h: No such file or directory
   19 | #include <minix/config.h>
      |          ^~~~~~~~~~~~~~~~
compilation terminated.
configure:4356: $? = 1
configure: failed program was:
| /* confdefs.h */
| #define PACKAGE_NAME ""
| #define PACKAGE_TARNAME ""
| #define PACKAGE_VERSION ""
| #define PACKAGE_STRING ""
| #define PACKAGE_BUGREPORT ""
| #define PACKAGE_URL ""
| #define STDC_HEADERS 1
| #define HAVE_SYS_TYPES_H 1
| #define HAVE_SYS_STAT_H 1
| #define HAVE_STDLIB_H 1
| #define HAVE_STRING_H 1
| #define HAVE_MEMORY_H 1
| #define HAVE_STRINGS_H 1
| #define HAVE_INTTYPES_H 1
| #define HAVE_STDINT_H 1
| #define HAVE_UNISTD_H 1
| /* end confdefs.h.  */
| #include <minix/config.h>
configure:4356: result: no
configure:4356: checking for minix/config.h
configure:4356: result: no
configure:4377: checking whether it is safe to define __EXTENSIONS__
configure:4395: arm-unknown-linux-gnueabihf-gcc -c -g -O2      conftest.c >&5
configure:4395: $? = 0
configure:4402: result: yes
configure:4424: checking for special C compiler options needed for large files
configure:4469: result: no
configure:4475: checking for _FILE_OFFSET_BITS value needed for large files
configure:4500: arm-unknown-linux-gnueabihf-gcc -c -g -O2      conftest.c >&5
conftest.c:29:33: warning: left shift count >= width of type [-Wshift-count-overflow]
   29 | #define LARGE_OFF_T (((off_t) 1 << 62) - 1 + ((off_t) 1 << 62))
      |                                 ^~
conftest.c:30:23: note: in expansion of macro 'LARGE_OFF_T'
   30 |   int off_t_is_large[(LARGE_OFF_T % 2147483629 == 721
      |                       ^~~~~~~~~~~
conftest.c:29:57: warning: left shift count >= width of type [-Wshift-count-overflow]
   29 | #define LARGE_OFF_T (((off_t) 1 << 62) - 1 + ((off_t) 1 << 62))
      |                                                         ^~
conftest.c:30:23: note: in expansion of macro 'LARGE_OFF_T'
   30 |   int off_t_is_large[(LARGE_OFF_T % 2147483629 == 721
      |                       ^~~~~~~~~~~
conftest.c:29:33: warning: left shift count >= width of type [-Wshift-count-overflow]
   29 | #define LARGE_OFF_T (((off_t) 1 << 62) - 1 + ((off_t) 1 << 62))
      |                                 ^~
conftest.c:31:13: note: in expansion of macro 'LARGE_OFF_T'
   31 |          && LARGE_OFF_T % 2147483647 == 1)
      |             ^~~~~~~~~~~
conftest.c:29:57: warning: left shift count >= width of type [-Wshift-count-overflow]
   29 | #define LARGE_OFF_T (((off_t) 1 << 62) - 1 + ((off_t) 1 << 62))
      |                                                         ^~
conftest.c:31:13: note: in expansion of macro 'LARGE_OFF_T'
   31 |          && LARGE_OFF_T % 2147483647 == 1)
      |             ^~~~~~~~~~~
conftest.c:30:7: error: variably modified 'off_t_is_large' at file scope
   30 |   int off_t_is_large[(LARGE_OFF_T % 2147483629 == 721
      |       ^~~~~~~~~~~~~~
configure:4500: $? = 1
configure: failed program was:
| /* confdefs.h */
| #define PACKAGE_NAME ""
| #define PACKAGE_TARNAME ""
| #define PACKAGE_VERSION ""
| #define PACKAGE_STRING ""
| #define PACKAGE_BUGREPORT ""
| #define PACKAGE_URL ""
| #define STDC_HEADERS 1
| #define HAVE_SYS_TYPES_H 1
| #define HAVE_SYS_STAT_H 1
| #define HAVE_STDLIB_H 1
| #define HAVE_STRING_H 1
| #define HAVE_MEMORY_H 1
| #define HAVE_STRINGS_H 1
| #define HAVE_INTTYPES_H 1
| #define HAVE_STDINT_H 1
| #define HAVE_UNISTD_H 1
| #define __EXTENSIONS__ 1
| #define _ALL_SOURCE 1
| #define _GNU_SOURCE 1
| #define _POSIX_PTHREAD_SEMANTICS 1
| #define _TANDEM_SOURCE 1
| /* end confdefs.h.  */
| #include <sys/types.h>
|  /* Check that off_t can represent 2**63 - 1 correctly.
|     We can't simply define LARGE_OFF_T to be 9223372036854775807,
|     since some C++ compilers masquerading as C compilers
|     incorrectly reject 9223372036854775807.  */
| #define LARGE_OFF_T (((off_t) 1 << 62) - 1 + ((off_t) 1 << 62))
|   int off_t_is_large[(LARGE_OFF_T % 2147483629 == 721
| 		       && LARGE_OFF_T % 2147483647 == 1)
| 		      ? 1 : -1];
| int
| main ()
| {
| 
|   ;
|   return 0;
| }
configure:4524: arm-unknown-linux-gnueabihf-gcc -c -g -O2      conftest.c >&5
configure:4524: $? = 0
configure:4532: result: 64
configure:4639: checking whether arm-unknown-linux-gnueabihf-gcc supports -W
configure:4656: arm-unknown-linux-gnueabihf-gcc -c -W  conftest.c >&5
configure:4656: $? = 0
configure:4665: result: yes
configure:4639: checking whether arm-unknown-linux-gnueabihf-gcc supports -Wall
configure:4656: arm-unknown-linux-gnueabihf-gcc -c -Wall  conftest.c >&5
configure:4656: $? = 0
configure:4665: result: yes
configure:4639: checking whether arm-unknown-linux-gnueabihf-gcc supports -Wwrite-strings
configure:4656: arm-unknown-linux-gnueabihf-gcc -c -Wwrite-strings  conftest.c >&5
configure:4656: $? = 0
configure:4665: result: yes
configure:4639: checking whether arm-unknown-linux-gnueabihf-gcc supports -Wc++-compat
configure:4656: arm-unknown-linux-gnueabihf-gcc -c -Wc++-compat  conftest.c >&5
configure:4656: $? = 0
configure:4665: result: yes
configure:4639: checking whether arm-unknown-linux-gnueabihf-gcc supports -Wstrict-prototypes
configure:4656: arm-unknown-linux-gnueabihf-gcc -c -Wstrict-prototypes  conftest.c >&5
conftest.c:27:1: warning: function declaration isn't a prototype [-Wstrict-prototypes]
   27 | main ()
      | ^~~~
configure:4656: $? = 0
configure:4665: result: yes
configure:4639: checking whether arm-unknown-linux-gnueabihf-gcc supports -Wshadow=local
configure:4656: arm-unknown-linux-gnueabihf-gcc -c -Wshadow=local  conftest.c >&5
configure:4656: $? = 0
configure:4665: result: yes
configure:4688: checking whether arm-unknown-linux-gnueabihf-gcc supports -pedantic 
configure:4706: arm-unknown-linux-gnueabihf-gcc -c -pedantic   conftest.c >&5
configure:4706: $? = 0
configure:4714: result: yes
configure:4730: checking whether arm-unknown-linux-gnueabihf-gcc and cc understand -c and -o together
configure:4761: arm-unknown-linux-gnueabihf-gcc -c conftest.c -o conftest2.o >&5
configure:4765: $? = 0
configure:4771: arm-unknown-linux-gnueabihf-gcc -c conftest.c -o conftest2.o >&5
configure:4775: $? = 0
configure:4786: cc -c conftest.c >&5
configure:4790: $? = 0
configure:4798: cc -c conftest.c -o conftest2.o >&5
configure:4802: $? = 0
configure:4808: cc -c conftest.c -o conftest2.o >&5
configure:4812: $? = 0
configure:4830: result: yes
configure:4849: checking for an ANSI C-conforming const
configure:4915: arm-unknown-linux-gnueabihf-gcc -c -g -O2      conftest.c >&5
configure:4915: $? = 0
configure:4922: result: yes
configure:4930: checking for inline
configure:4946: arm-unknown-linux-gnueabihf-gcc -c -g -O2      conftest.c >&5
configure:4946: $? = 0
configure:4954: result: inline
configure:4972: checking whether byte ordering is bigendian
configure:4987: arm-unknown-linux-gnueabihf-gcc -c -g -O2      conftest.c >&5
conftest.c:26:9: error: unknown type name 'not'
   26 |         not a universal capable compiler
      |         ^~~
conftest.c:26:15: error: expected '=', ',', ';', 'asm' or '__attribute__' before 'universal'
   26 |         not a universal capable compiler
      |               ^~~~~~~~~
conftest.c:26:15: error: unknown type name 'universal'
configure:4987: $? = 1
configure: failed program was:
| /* confdefs.h */
| #define PACKAGE_NAME ""
| #define PACKAGE_TARNAME ""
| #define PACKAGE_VERSION ""
| #define PACKAGE_STRING ""
| #define PACKAGE_BUGREPORT ""
| #define PACKAGE_URL ""
| #define STDC_HEADERS 1
| #define HAVE_SYS_TYPES_H 1
| #define HAVE_SYS_STAT_H 1
| #define HAVE_STDLIB_H 1
| #define HAVE_STRING_H 1
| #define HAVE_MEMORY_H 1
| #define HAVE_STRINGS_H 1
| #define HAVE_INTTYPES_H 1
| #define HAVE_STDINT_H 1
| #define HAVE_UNISTD_H 1
| #define __EXTENSIONS__ 1
| #define _ALL_SOURCE 1
| #define _GNU_SOURCE 1
| #define _POSIX_PTHREAD_SEMANTICS 1
| #define _TANDEM_SOURCE 1
| #define _FILE_OFFSET_BITS 64
| /* end confdefs.h.  */
| #ifndef __APPLE_CC__
| 	       not a universal capable compiler
| 	     #endif
| 	     typedef int dummy;
| 
configure:5032: arm-unknown-linux-gnueabihf-gcc -c -g -O2      conftest.c >&5
configure:5032: $? = 0
configure:5050: arm-unknown-linux-gnueabihf-gcc -c -g -O2      conftest.c >&5
conftest.c: In function 'main':
conftest.c:32:4: error: unknown type name 'not'; did you mean 'ino_t'?
   32 |    not big endian
      |    ^~~
      |    ino_t
conftest.c:32:12: error: expected '=', ',', ';', 'asm' or '__attribute__' before 'endian'
   32 |    not big endian
      |            ^~~~~~
configure:5050: $? = 1
configure: failed program was:
| /* confdefs.h */
| #define PACKAGE_NAME ""
| #define PACKAGE_TARNAME ""
| #define PACKAGE_VERSION ""
| #define PACKAGE_STRING ""
| #define PACKAGE_BUGREPORT ""
| #define PACKAGE_URL ""
| #define STDC_HEADERS 1
| #define HAVE_SYS_TYPES_H 1
| #define HAVE_SYS_STAT_H 1
| #define HAVE_STDLIB_H 1
| #define HAVE_STRING_H 1
| #define HAVE_MEMORY_H 1
| #define HAVE_STRINGS_H 1
| #define HAVE_INTTYPES_H 1
| #define HAVE_STDINT_H 1
| #define HAVE_UNISTD_H 1
| #define __EXTENSIONS__ 1
| #define _ALL_SOURCE 1
| #define _GNU_SOURCE 1
| #define _POSIX_PTHREAD_SEMANTICS 1
| #define _TANDEM_SOURCE 1
| #define _FILE_OFFSET_BITS 64
| /* end confdefs.h.  */
| #include <sys/types.h>
| 		#include <sys/param.h>
| 
| int
| main ()
| {
| #if BYTE_ORDER != BIG_ENDIAN
| 		 not big endian
| 		#endif
| 
|   ;
|   return 0;
| }
configure:5178: result: no
configure:5217: checking for a BSD-compatible install
configure:5285: result: /usr/bin/install -c
configure:5438: checking for CET support
configure:5635: result: no
configure:5643: checking target system type
configure:5656: result: arm-unknown-linux-gnueabihf
configure:5752: checking for sys/file.h
configure:5752: arm-unknown-linux-gnueabihf-gcc -E  conftest.c
configure:5752: $? = 0
configure:5752: result: yes
configure:5752: checking for sys/param.h
configure:5752: arm-unknown-linux-gnueabihf-gcc -E  conftest.c
configure:5752: $? = 0
configure:5752: result: yes
configure:5752: checking for limits.h
configure:5752: arm-unknown-linux-gnueabihf-gcc -E  conftest.c
configure:5752: $? = 0
configure:5752: result: yes
configure:5752: checking for stdlib.h
configure:5752: result: yes
configure:5752: checking for malloc.h
configure:5752: arm-unknown-linux-gnueabihf-gcc -E  conftest.c
configure:5752: $? = 0
configure:5752: result: yes
configure:5752: checking for string.h
configure:5752: result: yes
configure:5752: checking for unistd.h
configure:5752: result: yes
configure:5752: checking for strings.h
configure:5752: result: yes
configure:5752: checking for sys/time.h
configure:5752: arm-unknown-linux-gnueabihf-gcc -E  conftest.c
configure:5752: $? = 0
configure:5752: result: yes
configure:5752: checking for time.h
configure:5752: arm-unknown-linux-gnueabihf-gcc -E  conftest.c
configure:5752: $? = 0
configure:5752: result: yes
configure:5752: checking for sys/resource.h
configure:5752: arm-unknown-linux-gnueabihf-gcc -E  conftest.c
configure:5752: $? = 0
configure:5752: result: yes
configure:5752: checking for sys/stat.h
configure:5752: result: yes
configure:5752: checking for sys/mman.h
configure:5752: arm-unknown-linux-gnueabihf-gcc -E  conftest.c
configure:5752: $? = 0
configure:5752: result: yes
configure:5752: checking for fcntl.h
configure:5752: arm-unknown-linux-gnueabihf-gcc -E  conftest.c
configure:5752: $? = 0
configure:5752: result: yes
configure:5752: checking for alloca.h
configure:5752: arm-unknown-linux-gnueabihf-gcc -E  conftest.c
configure:5752: $? = 0
configure:5752: result: yes
configure:5752: checking for sys/pstat.h
configure:5752: arm-unknown-linux-gnueabihf-gcc -E  conftest.c
conftest.c:40:10: fatal error: sys/pstat.h: No such file or directory
   40 | #include <sys/pstat.h>
      |          ^~~~~~~~~~~~~
compilation terminated.
configure:5752: $? = 1
configure: failed program was:
| /* confdefs.h */
| #define PACKAGE_NAME ""
| #define PACKAGE_TARNAME ""
| #define PACKAGE_VERSION ""
| #define PACKAGE_STRING ""
| #define PACKAGE_BUGREPORT ""
| #define PACKAGE_URL ""
| #define STDC_HEADERS 1
| #define HAVE_SYS_TYPES_H 1
| #define HAVE_SYS_STAT_H 1
| #define HAVE_STDLIB_H 1
| #define HAVE_STRING_H 1
| #define HAVE_MEMORY_H 1
| #define HAVE_STRINGS_H 1
| #define HAVE_INTTYPES_H 1
| #define HAVE_STDINT_H 1
| #define HAVE_UNISTD_H 1
| #define __EXTENSIONS__ 1
| #define _ALL_SOURCE 1
| #define _GNU_SOURCE 1
| #define _POSIX_PTHREAD_SEMANTICS 1
| #define _TANDEM_SOURCE 1
| #define _FILE_OFFSET_BITS 64
| #define HAVE_SYS_FILE_H 1
| #define HAVE_SYS_PARAM_H 1
| #define HAVE_LIMITS_H 1
| #define HAVE_STDLIB_H 1
| #define HAVE_MALLOC_H 1
| #define HAVE_STRING_H 1
| #define HAVE_UNISTD_H 1
| #define HAVE_STRINGS_H 1
| #define HAVE_SYS_TIME_H 1
| #define HAVE_TIME_H 1
| #define HAVE_SYS_RESOURCE_H 1
| #define HAVE_SYS_STAT_H 1
| #define HAVE_SYS_MMAN_H 1
| #define HAVE_FCNTL_H 1
| #define HAVE_ALLOCA_H 1
| /* end confdefs.h.  */
| #include <sys/pstat.h>
configure:5752: result: no
configure:5752: checking for sys/sysmp.h
configure:5752: arm-unknown-linux-gnueabihf-gcc -E  conftest.c
conftest.c:40:10: fatal error: sys/sysmp.h: No such file or directory
   40 | #include <sys/sysmp.h>
      |          ^~~~~~~~~~~~~
compilation terminated.
configure:5752: $? = 1
configure: failed program was:
| /* confdefs.h */
| #define PACKAGE_NAME ""
| #define PACKAGE_TARNAME ""
| #define PACKAGE_VERSION ""
| #define PACKAGE_STRING ""
| #define PACKAGE_BUGREPORT ""
| #define PACKAGE_URL ""
| #define STDC_HEADERS 1
| #define HAVE_SYS_TYPES_H 1
| #define HAVE_SYS_STAT_H 1
| #define HAVE_STDLIB_H 1
| #define HAVE_STRING_H 1
| #define HAVE_MEMORY_H 1
| #define HAVE_STRINGS_H 1
| #define HAVE_INTTYPES_H 1
| #define HAVE_STDINT_H 1
| #define HAVE_UNISTD_H 1
| #define __EXTENSIONS__ 1
| #define _ALL_SOURCE 1
| #define _GNU_SOURCE 1
| #define _POSIX_PTHREAD_SEMANTICS 1
| #define _TANDEM_SOURCE 1
| #define _FILE_OFFSET_BITS 64
| #define HAVE_SYS_FILE_H 1
| #define HAVE_SYS_PARAM_H 1
| #define HAVE_LIMITS_H 1
| #define HAVE_STDLIB_H 1
| #define HAVE_MALLOC_H 1
| #define HAVE_STRING_H 1
| #define HAVE_UNISTD_H 1
| #define HAVE_STRINGS_H 1
| #define HAVE_SYS_TIME_H 1
| #define HAVE_TIME_H 1
| #define HAVE_SYS_RESOURCE_H 1
| #define HAVE_SYS_STAT_H 1
| #define HAVE_SYS_MMAN_H 1
| #define HAVE_FCNTL_H 1
| #define HAVE_ALLOCA_H 1
| /* end confdefs.h.  */
| #include <sys/sysmp.h>
configure:5752: result: no
configure:5752: checking for sys/sysinfo.h
configure:5752: arm-unknown-linux-gnueabihf-gcc -E  conftest.c
configure:5752: $? = 0
configure:5752: result: yes
configure:5752: checking for machine/hal_sysinfo.h
configure:5752: arm-unknown-linux-gnueabihf-gcc -E  conftest.c
conftest.c:41:10: fatal error: machine/hal_sysinfo.h: No such file or directory
   41 | #include <machine/hal_sysinfo.h>
      |          ^~~~~~~~~~~~~~~~~~~~~~~
compilation terminated.
configure:5752: $? = 1
configure: failed program was:
| /* confdefs.h */
| #define PACKAGE_NAME ""
| #define PACKAGE_TARNAME ""
| #define PACKAGE_VERSION ""
| #define PACKAGE_STRING ""
| #define PACKAGE_BUGREPORT ""
| #define PACKAGE_URL ""
| #define STDC_HEADERS 1
| #define HAVE_SYS_TYPES_H 1
| #define HAVE_SYS_STAT_H 1
| #define HAVE_STDLIB_H 1
| #define HAVE_STRING_H 1
| #define HAVE_MEMORY_H 1
| #define HAVE_STRINGS_H 1
| #define HAVE_INTTYPES_H 1
| #define HAVE_STDINT_H 1
| #define HAVE_UNISTD_H 1
| #define __EXTENSIONS__ 1
| #define _ALL_SOURCE 1
| #define _GNU_SOURCE 1
| #define _POSIX_PTHREAD_SEMANTICS 1
| #define _TANDEM_SOURCE 1
| #define _FILE_OFFSET_BITS 64
| #define HAVE_SYS_FILE_H 1
| #define HAVE_SYS_PARAM_H 1
| #define HAVE_LIMITS_H 1
| #define HAVE_STDLIB_H 1
| #define HAVE_MALLOC_H 1
| #define HAVE_STRING_H 1
| #define HAVE_UNISTD_H 1
| #define HAVE_STRINGS_H 1
| #define HAVE_SYS_TIME_H 1
| #define HAVE_TIME_H 1
| #define HAVE_SYS_RESOURCE_H 1
| #define HAVE_SYS_STAT_H 1
| #define HAVE_SYS_MMAN_H 1
| #define HAVE_FCNTL_H 1
| #define HAVE_ALLOCA_H 1
| #define HAVE_SYS_SYSINFO_H 1
| /* end confdefs.h.  */
| #include <machine/hal_sysinfo.h>
configure:5752: result: no
configure:5752: checking for sys/table.h
configure:5752: arm-unknown-linux-gnueabihf-gcc -E  conftest.c
conftest.c:41:10: fatal error: sys/table.h: No such file or directory
   41 | #include <sys/table.h>
      |          ^~~~~~~~~~~~~
compilation terminated.
configure:5752: $? = 1
configure: failed program was:
| /* confdefs.h */
| #define PACKAGE_NAME ""
| #define PACKAGE_TARNAME ""
| #define PACKAGE_VERSION ""
| #define PACKAGE_STRING ""
| #define PACKAGE_BUGREPORT ""
| #define PACKAGE_URL ""
| #define STDC_HEADERS 1
| #define HAVE_SYS_TYPES_H 1
| #define HAVE_SYS_STAT_H 1
| #define HAVE_STDLIB_H 1
| #define HAVE_STRING_H 1
| #define HAVE_MEMORY_H 1
| #define HAVE_STRINGS_H 1
| #define HAVE_INTTYPES_H 1
| #define HAVE_STDINT_H 1
| #define HAVE_UNISTD_H 1
| #define __EXTENSIONS__ 1
| #define _ALL_SOURCE 1
| #define _GNU_SOURCE 1
| #define _POSIX_PTHREAD_SEMANTICS 1
| #define _TANDEM_SOURCE 1
| #define _FILE_OFFSET_BITS 64
| #define HAVE_SYS_FILE_H 1
| #define HAVE_SYS_PARAM_H 1
| #define HAVE_LIMITS_H 1
| #define HAVE_STDLIB_H 1
| #define HAVE_MALLOC_H 1
| #define HAVE_STRING_H 1
| #define HAVE_UNISTD_H 1
| #define HAVE_STRINGS_H 1
| #define HAVE_SYS_TIME_H 1
| #define HAVE_TIME_H 1
| #define HAVE_SYS_RESOURCE_H 1
| #define HAVE_SYS_STAT_H 1
| #define HAVE_SYS_MMAN_H 1
| #define HAVE_FCNTL_H 1
| #define HAVE_ALLOCA_H 1
| #define HAVE_SYS_SYSINFO_H 1
| /* end confdefs.h.  */
| #include <sys/table.h>
configure:5752: result: no
configure:5752: checking for sys/sysctl.h
configure:5752: arm-unknown-linux-gnueabihf-gcc -E  conftest.c
configure:5752: $? = 0
configure:5752: result: yes
configure:5752: checking for sys/systemcfg.h
configure:5752: arm-unknown-linux-gnueabihf-gcc -E  conftest.c
conftest.c:42:10: fatal error: sys/systemcfg.h: No such file or directory
   42 | #include <sys/systemcfg.h>
      |          ^~~~~~~~~~~~~~~~~
compilation terminated.
configure:5752: $? = 1
configure: failed program was:
| /* confdefs.h */
| #define PACKAGE_NAME ""
| #define PACKAGE_TARNAME ""
| #define PACKAGE_VERSION ""
| #define PACKAGE_STRING ""
| #define PACKAGE_BUGREPORT ""
| #define PACKAGE_URL ""
| #define STDC_HEADERS 1
| #define HAVE_SYS_TYPES_H 1
| #define HAVE_SYS_STAT_H 1
| #define HAVE_STDLIB_H 1
| #define HAVE_STRING_H 1
| #define HAVE_MEMORY_H 1
| #define HAVE_STRINGS_H 1
| #define HAVE_INTTYPES_H 1
| #define HAVE_STDINT_H 1
| #define HAVE_UNISTD_H 1
| #define __EXTENSIONS__ 1
| #define _ALL_SOURCE 1
| #define _GNU_SOURCE 1
| #define _POSIX_PTHREAD_SEMANTICS 1
| #define _TANDEM_SOURCE 1
| #define _FILE_OFFSET_BITS 64
| #define HAVE_SYS_FILE_H 1
| #define HAVE_SYS_PARAM_H 1
| #define HAVE_LIMITS_H 1
| #define HAVE_STDLIB_H 1
| #define HAVE_MALLOC_H 1
| #define HAVE_STRING_H 1
| #define HAVE_UNISTD_H 1
| #define HAVE_STRINGS_H 1
| #define HAVE_SYS_TIME_H 1
| #define HAVE_TIME_H 1
| #define HAVE_SYS_RESOURCE_H 1
| #define HAVE_SYS_STAT_H 1
| #define HAVE_SYS_MMAN_H 1
| #define HAVE_FCNTL_H 1
| #define HAVE_ALLOCA_H 1
| #define HAVE_SYS_SYSINFO_H 1
| #define HAVE_SYS_SYSCTL_H 1
| /* end confdefs.h.  */
| #include <sys/systemcfg.h>
configure:5752: result: no
configure:5752: checking for stdint.h
configure:5752: result: yes
configure:5752: checking for stdio_ext.h
configure:5752: arm-unknown-linux-gnueabihf-gcc -E  conftest.c
configure:5752: $? = 0
configure:5752: result: yes
configure:5752: checking for process.h
configure:5752: arm-unknown-linux-gnueabihf-gcc -E  conftest.c
conftest.c:44:10: fatal error: process.h: No such file or directory
   44 | #include <process.h>
      |          ^~~~~~~~~~~
compilation terminated.
configure:5752: $? = 1
configure: failed program was:
| /* confdefs.h */
| #define PACKAGE_NAME ""
| #define PACKAGE_TARNAME ""
| #define PACKAGE_VERSION ""
| #define PACKAGE_STRING ""
| #define PACKAGE_BUGREPORT ""
| #define PACKAGE_URL ""
| #define STDC_HEADERS 1
| #define HAVE_SYS_TYPES_H 1
| #define HAVE_SYS_STAT_H 1
| #define HAVE_STDLIB_H 1
| #define HAVE_STRING_H 1
| #define HAVE_MEMORY_H 1
| #define HAVE_STRINGS_H 1
| #define HAVE_INTTYPES_H 1
| #define HAVE_STDINT_H 1
| #define HAVE_UNISTD_H 1
| #define __EXTENSIONS__ 1
| #define _ALL_SOURCE 1
| #define _GNU_SOURCE 1
| #define _POSIX_PTHREAD_SEMANTICS 1
| #define _TANDEM_SOURCE 1
| #define _FILE_OFFSET_BITS 64
| #define HAVE_SYS_FILE_H 1
| #define HAVE_SYS_PARAM_H 1
| #define HAVE_LIMITS_H 1
| #define HAVE_STDLIB_H 1
| #define HAVE_MALLOC_H 1
| #define HAVE_STRING_H 1
| #define HAVE_UNISTD_H 1
| #define HAVE_STRINGS_H 1
| #define HAVE_SYS_TIME_H 1
| #define HAVE_TIME_H 1
| #define HAVE_SYS_RESOURCE_H 1
| #define HAVE_SYS_STAT_H 1
| #define HAVE_SYS_MMAN_H 1
| #define HAVE_FCNTL_H 1
| #define HAVE_ALLOCA_H 1
| #define HAVE_SYS_SYSINFO_H 1
| #define HAVE_SYS_SYSCTL_H 1
| #define HAVE_STDINT_H 1
| #define HAVE_STDIO_EXT_H 1
| /* end confdefs.h.  */
| #include <process.h>
configure:5752: result: no
configure:5752: checking for sys/prctl.h
configure:5752: arm-unknown-linux-gnueabihf-gcc -E  conftest.c
configure:5752: $? = 0
configure:5752: result: yes
configure:5752: checking for spawn.h
configure:5752: arm-unknown-linux-gnueabihf-gcc -E  conftest.c
configure:5752: $? = 0
configure:5752: result: yes
configure:5761: checking for sys/wait.h that is POSIX.1 compatible
configure:5787: arm-unknown-linux-gnueabihf-gcc -c -g -O2      conftest.c >&5
configure:5787: $? = 0
configure:5794: result: yes
configure:5802: checking whether time.h and sys/time.h may both be included
configure:5822: arm-unknown-linux-gnueabihf-gcc -c -g -O2      conftest.c >&5
configure:5822: $? = 0
configure:5829: result: yes
configure:5838: checking whether errno must be declared
configure:5854: arm-unknown-linux-gnueabihf-gcc -c -g -O2      conftest.c >&5
configure:5854: $? = 0
configure:5861: result: no
configure:5875: checking size of int
configure:5880: arm-unknown-linux-gnueabihf-gcc -c -g -O2      conftest.c >&5
configure:5880: $? = 0
configure:5880: arm-unknown-linux-gnueabihf-gcc -c -g -O2      conftest.c >&5
conftest.c: In function 'main':
conftest.c:84:12: error: size of array 'test_array' is negative
   84 | static int test_array [1 - 2 * !(((long int) (sizeof (int))) <= 0)];
      |            ^~~~~~~~~~
configure:5880: $? = 1
configure: failed program was:
| /* confdefs.h */
| #define PACKAGE_NAME ""
| #define PACKAGE_TARNAME ""
| #define PACKAGE_VERSION ""
| #define PACKAGE_STRING ""
| #define PACKAGE_BUGREPORT ""
| #define PACKAGE_URL ""
| #define STDC_HEADERS 1
| #define HAVE_SYS_TYPES_H 1
| #define HAVE_SYS_STAT_H 1
| #define HAVE_STDLIB_H 1
| #define HAVE_STRING_H 1
| #define HAVE_MEMORY_H 1
| #define HAVE_STRINGS_H 1
| #define HAVE_INTTYPES_H 1
| #define HAVE_STDINT_H 1
| #define HAVE_UNISTD_H 1
| #define __EXTENSIONS__ 1
| #define _ALL_SOURCE 1
| #define _GNU_SOURCE 1
| #define _POSIX_PTHREAD_SEMANTICS 1
| #define _TANDEM_SOURCE 1
| #define _FILE_OFFSET_BITS 64
| #define HAVE_SYS_FILE_H 1
| #define HAVE_SYS_PARAM_H 1
| #define HAVE_LIMITS_H 1
| #define HAVE_STDLIB_H 1
| #define HAVE_MALLOC_H 1
| #define HAVE_STRING_H 1
| #define HAVE_UNISTD_H 1
| #define HAVE_STRINGS_H 1
| #define HAVE_SYS_TIME_H 1
| #define HAVE_TIME_H 1
| #define HAVE_SYS_RESOURCE_H 1
| #define HAVE_SYS_STAT_H 1
| #define HAVE_SYS_MMAN_H 1
| #define HAVE_FCNTL_H 1
| #define HAVE_ALLOCA_H 1
| #define HAVE_SYS_SYSINFO_H 1
| #define HAVE_SYS_SYSCTL_H 1
| #define HAVE_STDINT_H 1
| #define HAVE_STDIO_EXT_H 1
| #define HAVE_SYS_PRCTL_H 1
| #define HAVE_SPAWN_H 1
| #define HAVE_SYS_WAIT_H 1
| #define TIME_WITH_SYS_TIME 1
| /* end confdefs.h.  */
| #include <stdio.h>
| #ifdef HAVE_SYS_TYPES_H
| # include <sys/types.h>
| #endif
| #ifdef HAVE_SYS_STAT_H
| # include <sys/stat.h>
| #endif
| #ifdef STDC_HEADERS
| # include <stdlib.h>
| # include <stddef.h>
| #else
| # ifdef HAVE_STDLIB_H
| #  include <stdlib.h>
| # endif
| #endif
| #ifdef HAVE_STRING_H
| # if !defined STDC_HEADERS && defined HAVE_MEMORY_H
| #  include <memory.h>
| # endif
| # include <string.h>
| #endif
| #ifdef HAVE_STRINGS_H
| # include <strings.h>
| #endif
| #ifdef HAVE_INTTYPES_H
| # include <inttypes.h>
| #endif
| #ifdef HAVE_STDINT_H
| # include <stdint.h>
| #endif
| #ifdef HAVE_UNISTD_H
| # include <unistd.h>
| #endif
| int
| main ()
| {
| static int test_array [1 - 2 * !(((long int) (sizeof (int))) <= 0)];
| test_array [0] = 0;
| return test_array [0];
| 
|   ;
|   return 0;
| }
configure:5880: arm-unknown-linux-gnueabihf-gcc -c -g -O2      conftest.c >&5
conftest.c: In function 'main':
conftest.c:84:12: error: size of array 'test_array' is negative
   84 | static int test_array [1 - 2 * !(((long int) (sizeof (int))) <= 1)];
      |            ^~~~~~~~~~
configure:5880: $? = 1
configure: failed program was:
| /* confdefs.h */
| #define PACKAGE_NAME ""
| #define PACKAGE_TARNAME ""
| #define PACKAGE_VERSION ""
| #define PACKAGE_STRING ""
| #define PACKAGE_BUGREPORT ""
| #define PACKAGE_URL ""
| #define STDC_HEADERS 1
| #define HAVE_SYS_TYPES_H 1
| #define HAVE_SYS_STAT_H 1
| #define HAVE_STDLIB_H 1
| #define HAVE_STRING_H 1
| #define HAVE_MEMORY_H 1
| #define HAVE_STRINGS_H 1
| #define HAVE_INTTYPES_H 1
| #define HAVE_STDINT_H 1
| #define HAVE_UNISTD_H 1
| #define __EXTENSIONS__ 1
| #define _ALL_SOURCE 1
| #define _GNU_SOURCE 1
| #define _POSIX_PTHREAD_SEMANTICS 1
| #define _TANDEM_SOURCE 1
| #define _FILE_OFFSET_BITS 64
| #define HAVE_SYS_FILE_H 1
| #define HAVE_SYS_PARAM_H 1
| #define HAVE_LIMITS_H 1
| #define HAVE_STDLIB_H 1
| #define HAVE_MALLOC_H 1
| #define HAVE_STRING_H 1
| #define HAVE_UNISTD_H 1
| #define HAVE_STRINGS_H 1
| #define HAVE_SYS_TIME_H 1
| #define HAVE_TIME_H 1
| #define HAVE_SYS_RESOURCE_H 1
| #define HAVE_SYS_STAT_H 1
| #define HAVE_SYS_MMAN_H 1
| #define HAVE_FCNTL_H 1
| #define HAVE_ALLOCA_H 1
| #define HAVE_SYS_SYSINFO_H 1
| #define HAVE_SYS_SYSCTL_H 1
| #define HAVE_STDINT_H 1
| #define HAVE_STDIO_EXT_H 1
| #define HAVE_SYS_PRCTL_H 1
| #define HAVE_SPAWN_H 1
| #define HAVE_SYS_WAIT_H 1
| #define TIME_WITH_SYS_TIME 1
| /* end confdefs.h.  */
| #include <stdio.h>
| #ifdef HAVE_SYS_TYPES_H
| # include <sys/types.h>
| #endif
| #ifdef HAVE_SYS_STAT_H
| # include <sys/stat.h>
| #endif
| #ifdef STDC_HEADERS
| # include <stdlib.h>
| # include <stddef.h>
| #else
| # ifdef HAVE_STDLIB_H
| #  include <stdlib.h>
| # endif
| #endif
| #ifdef HAVE_STRING_H
| # if !defined STDC_HEADERS && defined HAVE_MEMORY_H
| #  include <memory.h>
| # endif
| # include <string.h>
| #endif
| #ifdef HAVE_STRINGS_H
| # include <strings.h>
| #endif
| #ifdef HAVE_INTTYPES_H
| # include <inttypes.h>
| #endif
| #ifdef HAVE_STDINT_H
| # include <stdint.h>
| #endif
| #ifdef HAVE_UNISTD_H
| # include <unistd.h>
| #endif
| int
| main ()
| {
| static int test_array [1 - 2 * !(((long int) (sizeof (int))) <= 1)];
| test_array [0] = 0;
| return test_array [0];
| 
|   ;
|   return 0;
| }
configure:5880: arm-unknown-linux-gnueabihf-gcc -c -g -O2      conftest.c >&5
conftest.c: In function 'main':
conftest.c:84:12: error: size of array 'test_array' is negative
   84 | static int test_array [1 - 2 * !(((long int) (sizeof (int))) <= 3)];
      |            ^~~~~~~~~~
configure:5880: $? = 1
configure: failed program was:
| /* confdefs.h */
| #define PACKAGE_NAME ""
| #define PACKAGE_TARNAME ""
| #define PACKAGE_VERSION ""
| #define PACKAGE_STRING ""
| #define PACKAGE_BUGREPORT ""
| #define PACKAGE_URL ""
| #define STDC_HEADERS 1
| #define HAVE_SYS_TYPES_H 1
| #define HAVE_SYS_STAT_H 1
| #define HAVE_STDLIB_H 1
| #define HAVE_STRING_H 1
| #define HAVE_MEMORY_H 1
| #define HAVE_STRINGS_H 1
| #define HAVE_INTTYPES_H 1
| #define HAVE_STDINT_H 1
| #define HAVE_UNISTD_H 1
| #define __EXTENSIONS__ 1
| #define _ALL_SOURCE 1
| #define _GNU_SOURCE 1
| #define _POSIX_PTHREAD_SEMANTICS 1
| #define _TANDEM_SOURCE 1
| #define _FILE_OFFSET_BITS 64
| #define HAVE_SYS_FILE_H 1
| #define HAVE_SYS_PARAM_H 1
| #define HAVE_LIMITS_H 1
| #define HAVE_STDLIB_H 1
| #define HAVE_MALLOC_H 1
| #define HAVE_STRING_H 1
| #define HAVE_UNISTD_H 1
| #define HAVE_STRINGS_H 1
| #define HAVE_SYS_TIME_H 1
| #define HAVE_TIME_H 1
| #define HAVE_SYS_RESOURCE_H 1
| #define HAVE_SYS_STAT_H 1
| #define HAVE_SYS_MMAN_H 1
| #define HAVE_FCNTL_H 1
| #define HAVE_ALLOCA_H 1
| #define HAVE_SYS_SYSINFO_H 1
| #define HAVE_SYS_SYSCTL_H 1
| #define HAVE_STDINT_H 1
| #define HAVE_STDIO_EXT_H 1
| #define HAVE_SYS_PRCTL_H 1
| #define HAVE_SPAWN_H 1
| #define HAVE_SYS_WAIT_H 1
| #define TIME_WITH_SYS_TIME 1
| /* end confdefs.h.  */
| #include <stdio.h>
| #ifdef HAVE_SYS_TYPES_H
| # include <sys/types.h>
| #endif
| #ifdef HAVE_SYS_STAT_H
| # include <sys/stat.h>
| #endif
| #ifdef STDC_HEADERS
| # include <stdlib.h>
| # include <stddef.h>
| #else
| # ifdef HAVE_STDLIB_H
| #  include <stdlib.h>
| # endif
| #endif
| #ifdef HAVE_STRING_H
| # if !defined STDC_HEADERS && defined HAVE_MEMORY_H
| #  include <memory.h>
| # endif
| # include <string.h>
| #endif
| #ifdef HAVE_STRINGS_H
| # include <strings.h>
| #endif
| #ifdef HAVE_INTTYPES_H
| # include <inttypes.h>
| #endif
| #ifdef HAVE_STDINT_H
| # include <stdint.h>
| #endif
| #ifdef HAVE_UNISTD_H
| # include <unistd.h>
| #endif
| int
| main ()
| {
| static int test_array [1 - 2 * !(((long int) (sizeof (int))) <= 3)];
| test_array [0] = 0;
| return test_array [0];
| 
|   ;
|   return 0;
| }
configure:5880: arm-unknown-linux-gnueabihf-gcc -c -g -O2      conftest.c >&5
configure:5880: $? = 0
configure:5880: arm-unknown-linux-gnueabihf-gcc -c -g -O2      conftest.c >&5
configure:5880: $? = 0
configure:5880: arm-unknown-linux-gnueabihf-gcc -c -g -O2      conftest.c >&5
configure:5880: $? = 0
configure:5894: result: 4
configure:5908: checking size of long
configure:5913: arm-unknown-linux-gnueabihf-gcc -c -g -O2      conftest.c >&5
configure:5913: $? = 0
configure:5913: arm-unknown-linux-gnueabihf-gcc -c -g -O2      conftest.c >&5
conftest.c: In function 'main':
conftest.c:85:12: error: size of array 'test_array' is negative
   85 | static int test_array [1 - 2 * !(((long int) (sizeof (long))) <= 0)];
      |            ^~~~~~~~~~
configure:5913: $? = 1
configure: failed program was:
| /* confdefs.h */
| #define PACKAGE_NAME ""
| #define PACKAGE_TARNAME ""
| #define PACKAGE_VERSION ""
| #define PACKAGE_STRING ""
| #define PACKAGE_BUGREPORT ""
| #define PACKAGE_URL ""
| #define STDC_HEADERS 1
| #define HAVE_SYS_TYPES_H 1
| #define HAVE_SYS_STAT_H 1
| #define HAVE_STDLIB_H 1
| #define HAVE_STRING_H 1
| #define HAVE_MEMORY_H 1
| #define HAVE_STRINGS_H 1
| #define HAVE_INTTYPES_H 1
| #define HAVE_STDINT_H 1
| #define HAVE_UNISTD_H 1
| #define __EXTENSIONS__ 1
| #define _ALL_SOURCE 1
| #define _GNU_SOURCE 1
| #define _POSIX_PTHREAD_SEMANTICS 1
| #define _TANDEM_SOURCE 1
| #define _FILE_OFFSET_BITS 64
| #define HAVE_SYS_FILE_H 1
| #define HAVE_SYS_PARAM_H 1
| #define HAVE_LIMITS_H 1
| #define HAVE_STDLIB_H 1
| #define HAVE_MALLOC_H 1
| #define HAVE_STRING_H 1
| #define HAVE_UNISTD_H 1
| #define HAVE_STRINGS_H 1
| #define HAVE_SYS_TIME_H 1
| #define HAVE_TIME_H 1
| #define HAVE_SYS_RESOURCE_H 1
| #define HAVE_SYS_STAT_H 1
| #define HAVE_SYS_MMAN_H 1
| #define HAVE_FCNTL_H 1
| #define HAVE_ALLOCA_H 1
| #define HAVE_SYS_SYSINFO_H 1
| #define HAVE_SYS_SYSCTL_H 1
| #define HAVE_STDINT_H 1
| #define HAVE_STDIO_EXT_H 1
| #define HAVE_SYS_PRCTL_H 1
| #define HAVE_SPAWN_H 1
| #define HAVE_SYS_WAIT_H 1
| #define TIME_WITH_SYS_TIME 1
| #define SIZEOF_INT 4
| /* end confdefs.h.  */
| #include <stdio.h>
| #ifdef HAVE_SYS_TYPES_H
| # include <sys/types.h>
| #endif
| #ifdef HAVE_SYS_STAT_H
| # include <sys/stat.h>
| #endif
| #ifdef STDC_HEADERS
| # include <stdlib.h>
| # include <stddef.h>
| #else
| # ifdef HAVE_STDLIB_H
| #  include <stdlib.h>
| # endif
| #endif
| #ifdef HAVE_STRING_H
| # if !defined STDC_HEADERS && defined HAVE_MEMORY_H
| #  include <memory.h>
| # endif
| # include <string.h>
| #endif
| #ifdef HAVE_STRINGS_H
| # include <strings.h>
| #endif
| #ifdef HAVE_INTTYPES_H
| # include <inttypes.h>
| #endif
| #ifdef HAVE_STDINT_H
| # include <stdint.h>
| #endif
| #ifdef HAVE_UNISTD_H
| # include <unistd.h>
| #endif
| int
| main ()
| {
| static int test_array [1 - 2 * !(((long int) (sizeof (long))) <= 0)];
| test_array [0] = 0;
| return test_array [0];
| 
|   ;
|   return 0;
| }
configure:5913: arm-unknown-linux-gnueabihf-gcc -c -g -O2      conftest.c >&5
conftest.c: In function 'main':
conftest.c:85:12: error: size of array 'test_array' is negative
   85 | static int test_array [1 - 2 * !(((long int) (sizeof (long))) <= 1)];
      |            ^~~~~~~~~~
configure:5913: $? = 1
configure: failed program was:
| /* confdefs.h */
| #define PACKAGE_NAME ""
| #define PACKAGE_TARNAME ""
| #define PACKAGE_VERSION ""
| #define PACKAGE_STRING ""
| #define PACKAGE_BUGREPORT ""
| #define PACKAGE_URL ""
| #define STDC_HEADERS 1
| #define HAVE_SYS_TYPES_H 1
| #define HAVE_SYS_STAT_H 1
| #define HAVE_STDLIB_H 1
| #define HAVE_STRING_H 1
| #define HAVE_MEMORY_H 1
| #define HAVE_STRINGS_H 1
| #define HAVE_INTTYPES_H 1
| #define HAVE_STDINT_H 1
| #define HAVE_UNISTD_H 1
| #define __EXTENSIONS__ 1
| #define _ALL_SOURCE 1
| #define _GNU_SOURCE 1
| #define _POSIX_PTHREAD_SEMANTICS 1
| #define _TANDEM_SOURCE 1
| #define _FILE_OFFSET_BITS 64
| #define HAVE_SYS_FILE_H 1
| #define HAVE_SYS_PARAM_H 1
| #define HAVE_LIMITS_H 1
| #define HAVE_STDLIB_H 1
| #define HAVE_MALLOC_H 1
| #define HAVE_STRING_H 1
| #define HAVE_UNISTD_H 1
| #define HAVE_STRINGS_H 1
| #define HAVE_SYS_TIME_H 1
| #define HAVE_TIME_H 1
| #define HAVE_SYS_RESOURCE_H 1
| #define HAVE_SYS_STAT_H 1
| #define HAVE_SYS_MMAN_H 1
| #define HAVE_FCNTL_H 1
| #define HAVE_ALLOCA_H 1
| #define HAVE_SYS_SYSINFO_H 1
| #define HAVE_SYS_SYSCTL_H 1
| #define HAVE_STDINT_H 1
| #define HAVE_STDIO_EXT_H 1
| #define HAVE_SYS_PRCTL_H 1
| #define HAVE_SPAWN_H 1
| #define HAVE_SYS_WAIT_H 1
| #define TIME_WITH_SYS_TIME 1
| #define SIZEOF_INT 4
| /* end confdefs.h.  */
| #include <stdio.h>
| #ifdef HAVE_SYS_TYPES_H
| # include <sys/types.h>
| #endif
| #ifdef HAVE_SYS_STAT_H
| # include <sys/stat.h>
| #endif
| #ifdef STDC_HEADERS
| # include <stdlib.h>
| # include <stddef.h>
| #else
| # ifdef HAVE_STDLIB_H
| #  include <stdlib.h>
| # endif
| #endif
| #ifdef HAVE_STRING_H
| # if !defined STDC_HEADERS && defined HAVE_MEMORY_H
| #  include <memory.h>
| # endif
| # include <string.h>
| #endif
| #ifdef HAVE_STRINGS_H
| # include <strings.h>
| #endif
| #ifdef HAVE_INTTYPES_H
| # include <inttypes.h>
| #endif
| #ifdef HAVE_STDINT_H
| # include <stdint.h>
| #endif
| #ifdef HAVE_UNISTD_H
| # include <unistd.h>
| #endif
| int
| main ()
| {
| static int test_array [1 - 2 * !(((long int) (sizeof (long))) <= 1)];
| test_array [0] = 0;
| return test_array [0];
| 
|   ;
|   return 0;
| }
configure:5913: arm-unknown-linux-gnueabihf-gcc -c -g -O2      conftest.c >&5
conftest.c: In function 'main':
conftest.c:85:12: error: size of array 'test_array' is negative
   85 | static int test_array [1 - 2 * !(((long int) (sizeof (long))) <= 3)];
      |            ^~~~~~~~~~
configure:5913: $? = 1
configure: failed program was:
| /* confdefs.h */
| #define PACKAGE_NAME ""
| #define PACKAGE_TARNAME ""
| #define PACKAGE_VERSION ""
| #define PACKAGE_STRING ""
| #define PACKAGE_BUGREPORT ""
| #define PACKAGE_URL ""
| #define STDC_HEADERS 1
| #define HAVE_SYS_TYPES_H 1
| #define HAVE_SYS_STAT_H 1
| #define HAVE_STDLIB_H 1
| #define HAVE_STRING_H 1
| #define HAVE_MEMORY_H 1
| #define HAVE_STRINGS_H 1
| #define HAVE_INTTYPES_H 1
| #define HAVE_STDINT_H 1
| #define HAVE_UNISTD_H 1
| #define __EXTENSIONS__ 1
| #define _ALL_SOURCE 1
| #define _GNU_SOURCE 1
| #define _POSIX_PTHREAD_SEMANTICS 1
| #define _TANDEM_SOURCE 1
| #define _FILE_OFFSET_BITS 64
| #define HAVE_SYS_FILE_H 1
| #define HAVE_SYS_PARAM_H 1
| #define HAVE_LIMITS_H 1
| #define HAVE_STDLIB_H 1
| #define HAVE_MALLOC_H 1
| #define HAVE_STRING_H 1
| #define HAVE_UNISTD_H 1
| #define HAVE_STRINGS_H 1
| #define HAVE_SYS_TIME_H 1
| #define HAVE_TIME_H 1
| #define HAVE_SYS_RESOURCE_H 1
| #define HAVE_SYS_STAT_H 1
| #define HAVE_SYS_MMAN_H 1
| #define HAVE_FCNTL_H 1
| #define HAVE_ALLOCA_H 1
| #define HAVE_SYS_SYSINFO_H 1
| #define HAVE_SYS_SYSCTL_H 1
| #define HAVE_STDINT_H 1
| #define HAVE_STDIO_EXT_H 1
| #define HAVE_SYS_PRCTL_H 1
| #define HAVE_SPAWN_H 1
| #define HAVE_SYS_WAIT_H 1
| #define TIME_WITH_SYS_TIME 1
| #define SIZEOF_INT 4
| /* end confdefs.h.  */
| #include <stdio.h>
| #ifdef HAVE_SYS_TYPES_H
| # include <sys/types.h>
| #endif
| #ifdef HAVE_SYS_STAT_H
| # include <sys/stat.h>
| #endif
| #ifdef STDC_HEADERS
| # include <stdlib.h>
| # include <stddef.h>
| #else
| # ifdef HAVE_STDLIB_H
| #  include <stdlib.h>
| # endif
| #endif
| #ifdef HAVE_STRING_H
| # if !defined STDC_HEADERS && defined HAVE_MEMORY_H
| #  include <memory.h>
| # endif
| # include <string.h>
| #endif
| #ifdef HAVE_STRINGS_H
| # include <strings.h>
| #endif
| #ifdef HAVE_INTTYPES_H
| # include <inttypes.h>
| #endif
| #ifdef HAVE_STDINT_H
| # include <stdint.h>
| #endif
| #ifdef HAVE_UNISTD_H
| # include <unistd.h>
| #endif
| int
| main ()
| {
| static int test_array [1 - 2 * !(((long int) (sizeof (long))) <= 3)];
| test_array [0] = 0;
| return test_array [0];
| 
|   ;
|   return 0;
| }
configure:5913: arm-unknown-linux-gnueabihf-gcc -c -g -O2      conftest.c >&5
configure:5913: $? = 0
configure:5913: arm-unknown-linux-gnueabihf-gcc -c -g -O2      conftest.c >&5
configure:5913: $? = 0
configure:5913: arm-unknown-linux-gnueabihf-gcc -c -g -O2      conftest.c >&5
configure:5913: $? = 0
configure:5927: result: 4
configure:5941: checking size of size_t
configure:5946: arm-unknown-linux-gnueabihf-gcc -c -g -O2      conftest.c >&5
configure:5946: $? = 0
configure:5946: arm-unknown-linux-gnueabihf-gcc -c -g -O2      conftest.c >&5
conftest.c: In function 'main':
conftest.c:86:12: error: size of array 'test_array' is negative
   86 | static int test_array [1 - 2 * !(((long int) (sizeof (size_t))) <= 0)];
      |            ^~~~~~~~~~
configure:5946: $? = 1
configure: failed program was:
| /* confdefs.h */
| #define PACKAGE_NAME ""
| #define PACKAGE_TARNAME ""
| #define PACKAGE_VERSION ""
| #define PACKAGE_STRING ""
| #define PACKAGE_BUGREPORT ""
| #define PACKAGE_URL ""
| #define STDC_HEADERS 1
| #define HAVE_SYS_TYPES_H 1
| #define HAVE_SYS_STAT_H 1
| #define HAVE_STDLIB_H 1
| #define HAVE_STRING_H 1
| #define HAVE_MEMORY_H 1
| #define HAVE_STRINGS_H 1
| #define HAVE_INTTYPES_H 1
| #define HAVE_STDINT_H 1
| #define HAVE_UNISTD_H 1
| #define __EXTENSIONS__ 1
| #define _ALL_SOURCE 1
| #define _GNU_SOURCE 1
| #define _POSIX_PTHREAD_SEMANTICS 1
| #define _TANDEM_SOURCE 1
| #define _FILE_OFFSET_BITS 64
| #define HAVE_SYS_FILE_H 1
| #define HAVE_SYS_PARAM_H 1
| #define HAVE_LIMITS_H 1
| #define HAVE_STDLIB_H 1
| #define HAVE_MALLOC_H 1
| #define HAVE_STRING_H 1
| #define HAVE_UNISTD_H 1
| #define HAVE_STRINGS_H 1
| #define HAVE_SYS_TIME_H 1
| #define HAVE_TIME_H 1
| #define HAVE_SYS_RESOURCE_H 1
| #define HAVE_SYS_STAT_H 1
| #define HAVE_SYS_MMAN_H 1
| #define HAVE_FCNTL_H 1
| #define HAVE_ALLOCA_H 1
| #define HAVE_SYS_SYSINFO_H 1
| #define HAVE_SYS_SYSCTL_H 1
| #define HAVE_STDINT_H 1
| #define HAVE_STDIO_EXT_H 1
| #define HAVE_SYS_PRCTL_H 1
| #define HAVE_SPAWN_H 1
| #define HAVE_SYS_WAIT_H 1
| #define TIME_WITH_SYS_TIME 1
| #define SIZEOF_INT 4
| #define SIZEOF_LONG 4
| /* end confdefs.h.  */
| #include <stdio.h>
| #ifdef HAVE_SYS_TYPES_H
| # include <sys/types.h>
| #endif
| #ifdef HAVE_SYS_STAT_H
| # include <sys/stat.h>
| #endif
| #ifdef STDC_HEADERS
| # include <stdlib.h>
| # include <stddef.h>
| #else
| # ifdef HAVE_STDLIB_H
| #  include <stdlib.h>
| # endif
| #endif
| #ifdef HAVE_STRING_H
| # if !defined STDC_HEADERS && defined HAVE_MEMORY_H
| #  include <memory.h>
| # endif
| # include <string.h>
| #endif
| #ifdef HAVE_STRINGS_H
| # include <strings.h>
| #endif
| #ifdef HAVE_INTTYPES_H
| # include <inttypes.h>
| #endif
| #ifdef HAVE_STDINT_H
| # include <stdint.h>
| #endif
| #ifdef HAVE_UNISTD_H
| # include <unistd.h>
| #endif
| int
| main ()
| {
| static int test_array [1 - 2 * !(((long int) (sizeof (size_t))) <= 0)];
| test_array [0] = 0;
| return test_array [0];
| 
|   ;
|   return 0;
| }
configure:5946: arm-unknown-linux-gnueabihf-gcc -c -g -O2      conftest.c >&5
conftest.c: In function 'main':
conftest.c:86:12: error: size of array 'test_array' is negative
   86 | static int test_array [1 - 2 * !(((long int) (sizeof (size_t))) <= 1)];
      |            ^~~~~~~~~~
configure:5946: $? = 1
configure: failed program was:
| /* confdefs.h */
| #define PACKAGE_NAME ""
| #define PACKAGE_TARNAME ""
| #define PACKAGE_VERSION ""
| #define PACKAGE_STRING ""
| #define PACKAGE_BUGREPORT ""
| #define PACKAGE_URL ""
| #define STDC_HEADERS 1
| #define HAVE_SYS_TYPES_H 1
| #define HAVE_SYS_STAT_H 1
| #define HAVE_STDLIB_H 1
| #define HAVE_STRING_H 1
| #define HAVE_MEMORY_H 1
| #define HAVE_STRINGS_H 1
| #define HAVE_INTTYPES_H 1
| #define HAVE_STDINT_H 1
| #define HAVE_UNISTD_H 1
| #define __EXTENSIONS__ 1
| #define _ALL_SOURCE 1
| #define _GNU_SOURCE 1
| #define _POSIX_PTHREAD_SEMANTICS 1
| #define _TANDEM_SOURCE 1
| #define _FILE_OFFSET_BITS 64
| #define HAVE_SYS_FILE_H 1
| #define HAVE_SYS_PARAM_H 1
| #define HAVE_LIMITS_H 1
| #define HAVE_STDLIB_H 1
| #define HAVE_MALLOC_H 1
| #define HAVE_STRING_H 1
| #define HAVE_UNISTD_H 1
| #define HAVE_STRINGS_H 1
| #define HAVE_SYS_TIME_H 1
| #define HAVE_TIME_H 1
| #define HAVE_SYS_RESOURCE_H 1
| #define HAVE_SYS_STAT_H 1
| #define HAVE_SYS_MMAN_H 1
| #define HAVE_FCNTL_H 1
| #define HAVE_ALLOCA_H 1
| #define HAVE_SYS_SYSINFO_H 1
| #define HAVE_SYS_SYSCTL_H 1
| #define HAVE_STDINT_H 1
| #define HAVE_STDIO_EXT_H 1
| #define HAVE_SYS_PRCTL_H 1
| #define HAVE_SPAWN_H 1
| #define HAVE_SYS_WAIT_H 1
| #define TIME_WITH_SYS_TIME 1
| #define SIZEOF_INT 4
| #define SIZEOF_LONG 4
| /* end confdefs.h.  */
| #include <stdio.h>
| #ifdef HAVE_SYS_TYPES_H
| # include <sys/types.h>
| #endif
| #ifdef HAVE_SYS_STAT_H
| # include <sys/stat.h>
| #endif
| #ifdef STDC_HEADERS
| # include <stdlib.h>
| # include <stddef.h>
| #else
| # ifdef HAVE_STDLIB_H
| #  include <stdlib.h>
| # endif
| #endif
| #ifdef HAVE_STRING_H
| # if !defined STDC_HEADERS && defined HAVE_MEMORY_H
| #  include <memory.h>
| # endif
| # include <string.h>
| #endif
| #ifdef HAVE_STRINGS_H
| # include <strings.h>
| #endif
| #ifdef HAVE_INTTYPES_H
| # include <inttypes.h>
| #endif
| #ifdef HAVE_STDINT_H
| # include <stdint.h>
| #endif
| #ifdef HAVE_UNISTD_H
| # include <unistd.h>
| #endif
| int
| main ()
| {
| static int test_array [1 - 2 * !(((long int) (sizeof (size_t))) <= 1)];
| test_array [0] = 0;
| return test_array [0];
| 
|   ;
|   return 0;
| }
configure:5946: arm-unknown-linux-gnueabihf-gcc -c -g -O2      conftest.c >&5
conftest.c: In function 'main':
conftest.c:86:12: error: size of array 'test_array' is negative
   86 | static int test_array [1 - 2 * !(((long int) (sizeof (size_t))) <= 3)];
      |            ^~~~~~~~~~
configure:5946: $? = 1
configure: failed program was:
| /* confdefs.h */
| #define PACKAGE_NAME ""
| #define PACKAGE_TARNAME ""
| #define PACKAGE_VERSION ""
| #define PACKAGE_STRING ""
| #define PACKAGE_BUGREPORT ""
| #define PACKAGE_URL ""
| #define STDC_HEADERS 1
| #define HAVE_SYS_TYPES_H 1
| #define HAVE_SYS_STAT_H 1
| #define HAVE_STDLIB_H 1
| #define HAVE_STRING_H 1
| #define HAVE_MEMORY_H 1
| #define HAVE_STRINGS_H 1
| #define HAVE_INTTYPES_H 1
| #define HAVE_STDINT_H 1
| #define HAVE_UNISTD_H 1
| #define __EXTENSIONS__ 1
| #define _ALL_SOURCE 1
| #define _GNU_SOURCE 1
| #define _POSIX_PTHREAD_SEMANTICS 1
| #define _TANDEM_SOURCE 1
| #define _FILE_OFFSET_BITS 64
| #define HAVE_SYS_FILE_H 1
| #define HAVE_SYS_PARAM_H 1
| #define HAVE_LIMITS_H 1
| #define HAVE_STDLIB_H 1
| #define HAVE_MALLOC_H 1
| #define HAVE_STRING_H 1
| #define HAVE_UNISTD_H 1
| #define HAVE_STRINGS_H 1
| #define HAVE_SYS_TIME_H 1
| #define HAVE_TIME_H 1
| #define HAVE_SYS_RESOURCE_H 1
| #define HAVE_SYS_STAT_H 1
| #define HAVE_SYS_MMAN_H 1
| #define HAVE_FCNTL_H 1
| #define HAVE_ALLOCA_H 1
| #define HAVE_SYS_SYSINFO_H 1
| #define HAVE_SYS_SYSCTL_H 1
| #define HAVE_STDINT_H 1
| #define HAVE_STDIO_EXT_H 1
| #define HAVE_SYS_PRCTL_H 1
| #define HAVE_SPAWN_H 1
| #define HAVE_SYS_WAIT_H 1
| #define TIME_WITH_SYS_TIME 1
| #define SIZEOF_INT 4
| #define SIZEOF_LONG 4
| /* end confdefs.h.  */
| #include <stdio.h>
| #ifdef HAVE_SYS_TYPES_H
| # include <sys/types.h>
| #endif
| #ifdef HAVE_SYS_STAT_H
| # include <sys/stat.h>
| #endif
| #ifdef STDC_HEADERS
| # include <stdlib.h>
| # include <stddef.h>
| #else
| # ifdef HAVE_STDLIB_H
| #  include <stdlib.h>
| # endif
| #endif
| #ifdef HAVE_STRING_H
| # if !defined STDC_HEADERS && defined HAVE_MEMORY_H
| #  include <memory.h>
| # endif
| # include <string.h>
| #endif
| #ifdef HAVE_STRINGS_H
| # include <strings.h>
| #endif
| #ifdef HAVE_INTTYPES_H
| # include <inttypes.h>
| #endif
| #ifdef HAVE_STDINT_H
| # include <stdint.h>
| #endif
| #ifdef HAVE_UNISTD_H
| # include <unistd.h>
| #endif
| int
| main ()
| {
| static int test_array [1 - 2 * !(((long int) (sizeof (size_t))) <= 3)];
| test_array [0] = 0;
| return test_array [0];
| 
|   ;
|   return 0;
| }
configure:5946: arm-unknown-linux-gnueabihf-gcc -c -g -O2      conftest.c >&5
configure:5946: $? = 0
configure:5946: arm-unknown-linux-gnueabihf-gcc -c -g -O2      conftest.c >&5
configure:5946: $? = 0
configure:5946: arm-unknown-linux-gnueabihf-gcc -c -g -O2      conftest.c >&5
configure:5946: $? = 0
configure:5960: result: 4
configure:5972: checking for long long
configure:5972: arm-unknown-linux-gnueabihf-gcc -c -g -O2      conftest.c >&5
configure:5972: $? = 0
configure:5972: arm-unknown-linux-gnueabihf-gcc -c -g -O2      conftest.c >&5
conftest.c: In function 'main':
conftest.c:87:24: error: expected expression before ')' token
   87 | if (sizeof ((long long)))
      |                        ^
configure:5972: $? = 1
configure: failed program was:
| /* confdefs.h */
| #define PACKAGE_NAME ""
| #define PACKAGE_TARNAME ""
| #define PACKAGE_VERSION ""
| #define PACKAGE_STRING ""
| #define PACKAGE_BUGREPORT ""
| #define PACKAGE_URL ""
| #define STDC_HEADERS 1
| #define HAVE_SYS_TYPES_H 1
| #define HAVE_SYS_STAT_H 1
| #define HAVE_STDLIB_H 1
| #define HAVE_STRING_H 1
| #define HAVE_MEMORY_H 1
| #define HAVE_STRINGS_H 1
| #define HAVE_INTTYPES_H 1
| #define HAVE_STDINT_H 1
| #define HAVE_UNISTD_H 1
| #define __EXTENSIONS__ 1
| #define _ALL_SOURCE 1
| #define _GNU_SOURCE 1
| #define _POSIX_PTHREAD_SEMANTICS 1
| #define _TANDEM_SOURCE 1
| #define _FILE_OFFSET_BITS 64
| #define HAVE_SYS_FILE_H 1
| #define HAVE_SYS_PARAM_H 1
| #define HAVE_LIMITS_H 1
| #define HAVE_STDLIB_H 1
| #define HAVE_MALLOC_H 1
| #define HAVE_STRING_H 1
| #define HAVE_UNISTD_H 1
| #define HAVE_STRINGS_H 1
| #define HAVE_SYS_TIME_H 1
| #define HAVE_TIME_H 1
| #define HAVE_SYS_RESOURCE_H 1
| #define HAVE_SYS_STAT_H 1
| #define HAVE_SYS_MMAN_H 1
| #define HAVE_FCNTL_H 1
| #define HAVE_ALLOCA_H 1
| #define HAVE_SYS_SYSINFO_H 1
| #define HAVE_SYS_SYSCTL_H 1
| #define HAVE_STDINT_H 1
| #define HAVE_STDIO_EXT_H 1
| #define HAVE_SYS_PRCTL_H 1
| #define HAVE_SPAWN_H 1
| #define HAVE_SYS_WAIT_H 1
| #define TIME_WITH_SYS_TIME 1
| #define SIZEOF_INT 4
| #define SIZEOF_LONG 4
| #define SIZEOF_SIZE_T 4
| /* end confdefs.h.  */
| #include <stdio.h>
| #ifdef HAVE_SYS_TYPES_H
| # include <sys/types.h>
| #endif
| #ifdef HAVE_SYS_STAT_H
| # include <sys/stat.h>
| #endif
| #ifdef STDC_HEADERS
| # include <stdlib.h>
| # include <stddef.h>
| #else
| # ifdef HAVE_STDLIB_H
| #  include <stdlib.h>
| # endif
| #endif
| #ifdef HAVE_STRING_H
| # if !defined STDC_HEADERS && defined HAVE_MEMORY_H
| #  include <memory.h>
| # endif
| # include <string.h>
| #endif
| #ifdef HAVE_STRINGS_H
| # include <strings.h>
| #endif
| #ifdef HAVE_INTTYPES_H
| # include <inttypes.h>
| #endif
| #ifdef HAVE_STDINT_H
| # include <stdint.h>
| #endif
| #ifdef HAVE_UNISTD_H
| # include <unistd.h>
| #endif
| int
| main ()
| {
| if (sizeof ((long long)))
| 	    return 0;
|   ;
|   return 0;
| }
configure:5972: result: yes
configure:5980: checking size of long long
configure:5985: arm-unknown-linux-gnueabihf-gcc -c -g -O2      conftest.c >&5
configure:5985: $? = 0
configure:5985: arm-unknown-linux-gnueabihf-gcc -c -g -O2      conftest.c >&5
conftest.c: In function 'main':
conftest.c:88:12: error: size of array 'test_array' is negative
   88 | static int test_array [1 - 2 * !(((long int) (sizeof (long long))) <= 0)];
      |            ^~~~~~~~~~
configure:5985: $? = 1
configure: failed program was:
| /* confdefs.h */
| #define PACKAGE_NAME ""
| #define PACKAGE_TARNAME ""
| #define PACKAGE_VERSION ""
| #define PACKAGE_STRING ""
| #define PACKAGE_BUGREPORT ""
| #define PACKAGE_URL ""
| #define STDC_HEADERS 1
| #define HAVE_SYS_TYPES_H 1
| #define HAVE_SYS_STAT_H 1
| #define HAVE_STDLIB_H 1
| #define HAVE_STRING_H 1
| #define HAVE_MEMORY_H 1
| #define HAVE_STRINGS_H 1
| #define HAVE_INTTYPES_H 1
| #define HAVE_STDINT_H 1
| #define HAVE_UNISTD_H 1
| #define __EXTENSIONS__ 1
| #define _ALL_SOURCE 1
| #define _GNU_SOURCE 1
| #define _POSIX_PTHREAD_SEMANTICS 1
| #define _TANDEM_SOURCE 1
| #define _FILE_OFFSET_BITS 64
| #define HAVE_SYS_FILE_H 1
| #define HAVE_SYS_PARAM_H 1
| #define HAVE_LIMITS_H 1
| #define HAVE_STDLIB_H 1
| #define HAVE_MALLOC_H 1
| #define HAVE_STRING_H 1
| #define HAVE_UNISTD_H 1
| #define HAVE_STRINGS_H 1
| #define HAVE_SYS_TIME_H 1
| #define HAVE_TIME_H 1
| #define HAVE_SYS_RESOURCE_H 1
| #define HAVE_SYS_STAT_H 1
| #define HAVE_SYS_MMAN_H 1
| #define HAVE_FCNTL_H 1
| #define HAVE_ALLOCA_H 1
| #define HAVE_SYS_SYSINFO_H 1
| #define HAVE_SYS_SYSCTL_H 1
| #define HAVE_STDINT_H 1
| #define HAVE_STDIO_EXT_H 1
| #define HAVE_SYS_PRCTL_H 1
| #define HAVE_SPAWN_H 1
| #define HAVE_SYS_WAIT_H 1
| #define TIME_WITH_SYS_TIME 1
| #define SIZEOF_INT 4
| #define SIZEOF_LONG 4
| #define SIZEOF_SIZE_T 4
| #define HAVE_LONG_LONG 1
| /* end confdefs.h.  */
| #include <stdio.h>
| #ifdef HAVE_SYS_TYPES_H
| # include <sys/types.h>
| #endif
| #ifdef HAVE_SYS_STAT_H
| # include <sys/stat.h>
| #endif
| #ifdef STDC_HEADERS
| # include <stdlib.h>
| # include <stddef.h>
| #else
| # ifdef HAVE_STDLIB_H
| #  include <stdlib.h>
| # endif
| #endif
| #ifdef HAVE_STRING_H
| # if !defined STDC_HEADERS && defined HAVE_MEMORY_H
| #  include <memory.h>
| # endif
| # include <string.h>
| #endif
| #ifdef HAVE_STRINGS_H
| # include <strings.h>
| #endif
| #ifdef HAVE_INTTYPES_H
| # include <inttypes.h>
| #endif
| #ifdef HAVE_STDINT_H
| # include <stdint.h>
| #endif
| #ifdef HAVE_UNISTD_H
| # include <unistd.h>
| #endif
| int
| main ()
| {
| static int test_array [1 - 2 * !(((long int) (sizeof (long long))) <= 0)];
| test_array [0] = 0;
| return test_array [0];
| 
|   ;
|   return 0;
| }
configure:5985: arm-unknown-linux-gnueabihf-gcc -c -g -O2      conftest.c >&5
conftest.c: In function 'main':
conftest.c:88:12: error: size of array 'test_array' is negative
   88 | static int test_array [1 - 2 * !(((long int) (sizeof (long long))) <= 1)];
      |            ^~~~~~~~~~
configure:5985: $? = 1
configure: failed program was:
| /* confdefs.h */
| #define PACKAGE_NAME ""
| #define PACKAGE_TARNAME ""
| #define PACKAGE_VERSION ""
| #define PACKAGE_STRING ""
| #define PACKAGE_BUGREPORT ""
| #define PACKAGE_URL ""
| #define STDC_HEADERS 1
| #define HAVE_SYS_TYPES_H 1
| #define HAVE_SYS_STAT_H 1
| #define HAVE_STDLIB_H 1
| #define HAVE_STRING_H 1
| #define HAVE_MEMORY_H 1
| #define HAVE_STRINGS_H 1
| #define HAVE_INTTYPES_H 1
| #define HAVE_STDINT_H 1
| #define HAVE_UNISTD_H 1
| #define __EXTENSIONS__ 1
| #define _ALL_SOURCE 1
| #define _GNU_SOURCE 1
| #define _POSIX_PTHREAD_SEMANTICS 1
| #define _TANDEM_SOURCE 1
| #define _FILE_OFFSET_BITS 64
| #define HAVE_SYS_FILE_H 1
| #define HAVE_SYS_PARAM_H 1
| #define HAVE_LIMITS_H 1
| #define HAVE_STDLIB_H 1
| #define HAVE_MALLOC_H 1
| #define HAVE_STRING_H 1
| #define HAVE_UNISTD_H 1
| #define HAVE_STRINGS_H 1
| #define HAVE_SYS_TIME_H 1
| #define HAVE_TIME_H 1
| #define HAVE_SYS_RESOURCE_H 1
| #define HAVE_SYS_STAT_H 1
| #define HAVE_SYS_MMAN_H 1
| #define HAVE_FCNTL_H 1
| #define HAVE_ALLOCA_H 1
| #define HAVE_SYS_SYSINFO_H 1
| #define HAVE_SYS_SYSCTL_H 1
| #define HAVE_STDINT_H 1
| #define HAVE_STDIO_EXT_H 1
| #define HAVE_SYS_PRCTL_H 1
| #define HAVE_SPAWN_H 1
| #define HAVE_SYS_WAIT_H 1
| #define TIME_WITH_SYS_TIME 1
| #define SIZEOF_INT 4
| #define SIZEOF_LONG 4
| #define SIZEOF_SIZE_T 4
| #define HAVE_LONG_LONG 1
| /* end confdefs.h.  */
| #include <stdio.h>
| #ifdef HAVE_SYS_TYPES_H
| # include <sys/types.h>
| #endif
| #ifdef HAVE_SYS_STAT_H
| # include <sys/stat.h>
| #endif
| #ifdef STDC_HEADERS
| # include <stdlib.h>
| # include <stddef.h>
| #else
| # ifdef HAVE_STDLIB_H
| #  include <stdlib.h>
| # endif
| #endif
| #ifdef HAVE_STRING_H
| # if !defined STDC_HEADERS && defined HAVE_MEMORY_H
| #  include <memory.h>
| # endif
| # include <string.h>
| #endif
| #ifdef HAVE_STRINGS_H
| # include <strings.h>
| #endif
| #ifdef HAVE_INTTYPES_H
| # include <inttypes.h>
| #endif
| #ifdef HAVE_STDINT_H
| # include <stdint.h>
| #endif
| #ifdef HAVE_UNISTD_H
| # include <unistd.h>
| #endif
| int
| main ()
| {
| static int test_array [1 - 2 * !(((long int) (sizeof (long long))) <= 1)];
| test_array [0] = 0;
| return test_array [0];
| 
|   ;
|   return 0;
| }
configure:5985: arm-unknown-linux-gnueabihf-gcc -c -g -O2      conftest.c >&5
conftest.c: In function 'main':
conftest.c:88:12: error: size of array 'test_array' is negative
   88 | static int test_array [1 - 2 * !(((long int) (sizeof (long long))) <= 3)];
      |            ^~~~~~~~~~
configure:5985: $? = 1
configure: failed program was:
| /* confdefs.h */
| #define PACKAGE_NAME ""
| #define PACKAGE_TARNAME ""
| #define PACKAGE_VERSION ""
| #define PACKAGE_STRING ""
| #define PACKAGE_BUGREPORT ""
| #define PACKAGE_URL ""
| #define STDC_HEADERS 1
| #define HAVE_SYS_TYPES_H 1
| #define HAVE_SYS_STAT_H 1
| #define HAVE_STDLIB_H 1
| #define HAVE_STRING_H 1
| #define HAVE_MEMORY_H 1
| #define HAVE_STRINGS_H 1
| #define HAVE_INTTYPES_H 1
| #define HAVE_STDINT_H 1
| #define HAVE_UNISTD_H 1
| #define __EXTENSIONS__ 1
| #define _ALL_SOURCE 1
| #define _GNU_SOURCE 1
| #define _POSIX_PTHREAD_SEMANTICS 1
| #define _TANDEM_SOURCE 1
| #define _FILE_OFFSET_BITS 64
| #define HAVE_SYS_FILE_H 1
| #define HAVE_SYS_PARAM_H 1
| #define HAVE_LIMITS_H 1
| #define HAVE_STDLIB_H 1
| #define HAVE_MALLOC_H 1
| #define HAVE_STRING_H 1
| #define HAVE_UNISTD_H 1
| #define HAVE_STRINGS_H 1
| #define HAVE_SYS_TIME_H 1
| #define HAVE_TIME_H 1
| #define HAVE_SYS_RESOURCE_H 1
| #define HAVE_SYS_STAT_H 1
| #define HAVE_SYS_MMAN_H 1
| #define HAVE_FCNTL_H 1
| #define HAVE_ALLOCA_H 1
| #define HAVE_SYS_SYSINFO_H 1
| #define HAVE_SYS_SYSCTL_H 1
| #define HAVE_STDINT_H 1
| #define HAVE_STDIO_EXT_H 1
| #define HAVE_SYS_PRCTL_H 1
| #define HAVE_SPAWN_H 1
| #define HAVE_SYS_WAIT_H 1
| #define TIME_WITH_SYS_TIME 1
| #define SIZEOF_INT 4
| #define SIZEOF_LONG 4
| #define SIZEOF_SIZE_T 4
| #define HAVE_LONG_LONG 1
| /* end confdefs.h.  */
| #include <stdio.h>
| #ifdef HAVE_SYS_TYPES_H
| # include <sys/types.h>
| #endif
| #ifdef HAVE_SYS_STAT_H
| # include <sys/stat.h>
| #endif
| #ifdef STDC_HEADERS
| # include <stdlib.h>
| # include <stddef.h>
| #else
| # ifdef HAVE_STDLIB_H
| #  include <stdlib.h>
| # endif
| #endif
| #ifdef HAVE_STRING_H
| # if !defined STDC_HEADERS && defined HAVE_MEMORY_H
| #  include <memory.h>
| # endif
| # include <string.h>
| #endif
| #ifdef HAVE_STRINGS_H
| # include <strings.h>
| #endif
| #ifdef HAVE_INTTYPES_H
| # include <inttypes.h>
| #endif
| #ifdef HAVE_STDINT_H
| # include <stdint.h>
| #endif
| #ifdef HAVE_UNISTD_H
| # include <unistd.h>
| #endif
| int
| main ()
| {
| static int test_array [1 - 2 * !(((long int) (sizeof (long long))) <= 3)];
| test_array [0] = 0;
| return test_array [0];
| 
|   ;
|   return 0;
| }
configure:5985: arm-unknown-linux-gnueabihf-gcc -c -g -O2      conftest.c >&5
conftest.c: In function 'main':
conftest.c:88:12: error: size of array 'test_array' is negative
   88 | static int test_array [1 - 2 * !(((long int) (sizeof (long long))) <= 7)];
      |            ^~~~~~~~~~
configure:5985: $? = 1
configure: failed program was:
| /* confdefs.h */
| #define PACKAGE_NAME ""
| #define PACKAGE_TARNAME ""
| #define PACKAGE_VERSION ""
| #define PACKAGE_STRING ""
| #define PACKAGE_BUGREPORT ""
| #define PACKAGE_URL ""
| #define STDC_HEADERS 1
| #define HAVE_SYS_TYPES_H 1
| #define HAVE_SYS_STAT_H 1
| #define HAVE_STDLIB_H 1
| #define HAVE_STRING_H 1
| #define HAVE_MEMORY_H 1
| #define HAVE_STRINGS_H 1
| #define HAVE_INTTYPES_H 1
| #define HAVE_STDINT_H 1
| #define HAVE_UNISTD_H 1
| #define __EXTENSIONS__ 1
| #define _ALL_SOURCE 1
| #define _GNU_SOURCE 1
| #define _POSIX_PTHREAD_SEMANTICS 1
| #define _TANDEM_SOURCE 1
| #define _FILE_OFFSET_BITS 64
| #define HAVE_SYS_FILE_H 1
| #define HAVE_SYS_PARAM_H 1
| #define HAVE_LIMITS_H 1
| #define HAVE_STDLIB_H 1
| #define HAVE_MALLOC_H 1
| #define HAVE_STRING_H 1
| #define HAVE_UNISTD_H 1
| #define HAVE_STRINGS_H 1
| #define HAVE_SYS_TIME_H 1
| #define HAVE_TIME_H 1
| #define HAVE_SYS_RESOURCE_H 1
| #define HAVE_SYS_STAT_H 1
| #define HAVE_SYS_MMAN_H 1
| #define HAVE_FCNTL_H 1
| #define HAVE_ALLOCA_H 1
| #define HAVE_SYS_SYSINFO_H 1
| #define HAVE_SYS_SYSCTL_H 1
| #define HAVE_STDINT_H 1
| #define HAVE_STDIO_EXT_H 1
| #define HAVE_SYS_PRCTL_H 1
| #define HAVE_SPAWN_H 1
| #define HAVE_SYS_WAIT_H 1
| #define TIME_WITH_SYS_TIME 1
| #define SIZEOF_INT 4
| #define SIZEOF_LONG 4
| #define SIZEOF_SIZE_T 4
| #define HAVE_LONG_LONG 1
| /* end confdefs.h.  */
| #include <stdio.h>
| #ifdef HAVE_SYS_TYPES_H
| # include <sys/types.h>
| #endif
| #ifdef HAVE_SYS_STAT_H
| # include <sys/stat.h>
| #endif
| #ifdef STDC_HEADERS
| # include <stdlib.h>
| # include <stddef.h>
| #else
| # ifdef HAVE_STDLIB_H
| #  include <stdlib.h>
| # endif
| #endif
| #ifdef HAVE_STRING_H
| # if !defined STDC_HEADERS && defined HAVE_MEMORY_H
| #  include <memory.h>
| # endif
| # include <string.h>
| #endif
| #ifdef HAVE_STRINGS_H
| # include <strings.h>
| #endif
| #ifdef HAVE_INTTYPES_H
| # include <inttypes.h>
| #endif
| #ifdef HAVE_STDINT_H
| # include <stdint.h>
| #endif
| #ifdef HAVE_UNISTD_H
| # include <unistd.h>
| #endif
| int
| main ()
| {
| static int test_array [1 - 2 * !(((long int) (sizeof (long long))) <= 7)];
| test_array [0] = 0;
| return test_array [0];
| 
|   ;
|   return 0;
| }
configure:5985: arm-unknown-linux-gnueabihf-gcc -c -g -O2      conftest.c >&5
configure:5985: $? = 0
configure:5985: arm-unknown-linux-gnueabihf-gcc -c -g -O2      conftest.c >&5
configure:5985: $? = 0
configure:5985: arm-unknown-linux-gnueabihf-gcc -c -g -O2      conftest.c >&5
configure:5985: $? = 0
configure:5985: arm-unknown-linux-gnueabihf-gcc -c -g -O2      conftest.c >&5
configure:5985: $? = 0
configure:5999: result: 8
configure:6013: checking for a 64-bit type
configure:6031: arm-unknown-linux-gnueabihf-gcc -c -g -O2      conftest.c >&5
configure:6031: $? = 0
configure:6081: result: uint64_t
configure:6092: checking for intptr_t
configure:6092: arm-unknown-linux-gnueabihf-gcc -c -g -O2      conftest.c >&5
configure:6092: $? = 0
configure:6092: arm-unknown-linux-gnueabihf-gcc -c -g -O2      conftest.c >&5
conftest.c: In function 'main':
conftest.c:90:23: error: expected expression before ')' token
   90 | if (sizeof ((intptr_t)))
      |                       ^
configure:6092: $? = 1
configure: failed program was:
| /* confdefs.h */
| #define PACKAGE_NAME ""
| #define PACKAGE_TARNAME ""
| #define PACKAGE_VERSION ""
| #define PACKAGE_STRING ""
| #define PACKAGE_BUGREPORT ""
| #define PACKAGE_URL ""
| #define STDC_HEADERS 1
| #define HAVE_SYS_TYPES_H 1
| #define HAVE_SYS_STAT_H 1
| #define HAVE_STDLIB_H 1
| #define HAVE_STRING_H 1
| #define HAVE_MEMORY_H 1
| #define HAVE_STRINGS_H 1
| #define HAVE_INTTYPES_H 1
| #define HAVE_STDINT_H 1
| #define HAVE_UNISTD_H 1
| #define __EXTENSIONS__ 1
| #define _ALL_SOURCE 1
| #define _GNU_SOURCE 1
| #define _POSIX_PTHREAD_SEMANTICS 1
| #define _TANDEM_SOURCE 1
| #define _FILE_OFFSET_BITS 64
| #define HAVE_SYS_FILE_H 1
| #define HAVE_SYS_PARAM_H 1
| #define HAVE_LIMITS_H 1
| #define HAVE_STDLIB_H 1
| #define HAVE_MALLOC_H 1
| #define HAVE_STRING_H 1
| #define HAVE_UNISTD_H 1
| #define HAVE_STRINGS_H 1
| #define HAVE_SYS_TIME_H 1
| #define HAVE_TIME_H 1
| #define HAVE_SYS_RESOURCE_H 1
| #define HAVE_SYS_STAT_H 1
| #define HAVE_SYS_MMAN_H 1
| #define HAVE_FCNTL_H 1
| #define HAVE_ALLOCA_H 1
| #define HAVE_SYS_SYSINFO_H 1
| #define HAVE_SYS_SYSCTL_H 1
| #define HAVE_STDINT_H 1
| #define HAVE_STDIO_EXT_H 1
| #define HAVE_SYS_PRCTL_H 1
| #define HAVE_SPAWN_H 1
| #define HAVE_SYS_WAIT_H 1
| #define TIME_WITH_SYS_TIME 1
| #define SIZEOF_INT 4
| #define SIZEOF_LONG 4
| #define SIZEOF_SIZE_T 4
| #define HAVE_LONG_LONG 1
| #define SIZEOF_LONG_LONG 8
| #define UNSIGNED_64BIT_TYPE uint64_t
| /* end confdefs.h.  */
| #include <stdio.h>
| #ifdef HAVE_SYS_TYPES_H
| # include <sys/types.h>
| #endif
| #ifdef HAVE_SYS_STAT_H
| # include <sys/stat.h>
| #endif
| #ifdef STDC_HEADERS
| # include <stdlib.h>
| # include <stddef.h>
| #else
| # ifdef HAVE_STDLIB_H
| #  include <stdlib.h>
| # endif
| #endif
| #ifdef HAVE_STRING_H
| # if !defined STDC_HEADERS && defined HAVE_MEMORY_H
| #  include <memory.h>
| # endif
| # include <string.h>
| #endif
| #ifdef HAVE_STRINGS_H
| # include <strings.h>
| #endif
| #ifdef HAVE_INTTYPES_H
| # include <inttypes.h>
| #endif
| #ifdef HAVE_STDINT_H
| # include <stdint.h>
| #endif
| #ifdef HAVE_UNISTD_H
| # include <unistd.h>
| #endif
| int
| main ()
| {
| if (sizeof ((intptr_t)))
| 	    return 0;
|   ;
|   return 0;
| }
configure:6092: result: yes
configure:6128: checking for uintptr_t
configure:6128: arm-unknown-linux-gnueabihf-gcc -c -g -O2      conftest.c >&5
configure:6128: $? = 0
configure:6128: arm-unknown-linux-gnueabihf-gcc -c -g -O2      conftest.c >&5
conftest.c: In function 'main':
conftest.c:91:24: error: expected expression before ')' token
   91 | if (sizeof ((uintptr_t)))
      |                        ^
configure:6128: $? = 1
configure: failed program was:
| /* confdefs.h */
| #define PACKAGE_NAME ""
| #define PACKAGE_TARNAME ""
| #define PACKAGE_VERSION ""
| #define PACKAGE_STRING ""
| #define PACKAGE_BUGREPORT ""
| #define PACKAGE_URL ""
| #define STDC_HEADERS 1
| #define HAVE_SYS_TYPES_H 1
| #define HAVE_SYS_STAT_H 1
| #define HAVE_STDLIB_H 1
| #define HAVE_STRING_H 1
| #define HAVE_MEMORY_H 1
| #define HAVE_STRINGS_H 1
| #define HAVE_INTTYPES_H 1
| #define HAVE_STDINT_H 1
| #define HAVE_UNISTD_H 1
| #define __EXTENSIONS__ 1
| #define _ALL_SOURCE 1
| #define _GNU_SOURCE 1
| #define _POSIX_PTHREAD_SEMANTICS 1
| #define _TANDEM_SOURCE 1
| #define _FILE_OFFSET_BITS 64
| #define HAVE_SYS_FILE_H 1
| #define HAVE_SYS_PARAM_H 1
| #define HAVE_LIMITS_H 1
| #define HAVE_STDLIB_H 1
| #define HAVE_MALLOC_H 1
| #define HAVE_STRING_H 1
| #define HAVE_UNISTD_H 1
| #define HAVE_STRINGS_H 1
| #define HAVE_SYS_TIME_H 1
| #define HAVE_TIME_H 1
| #define HAVE_SYS_RESOURCE_H 1
| #define HAVE_SYS_STAT_H 1
| #define HAVE_SYS_MMAN_H 1
| #define HAVE_FCNTL_H 1
| #define HAVE_ALLOCA_H 1
| #define HAVE_SYS_SYSINFO_H 1
| #define HAVE_SYS_SYSCTL_H 1
| #define HAVE_STDINT_H 1
| #define HAVE_STDIO_EXT_H 1
| #define HAVE_SYS_PRCTL_H 1
| #define HAVE_SPAWN_H 1
| #define HAVE_SYS_WAIT_H 1
| #define TIME_WITH_SYS_TIME 1
| #define SIZEOF_INT 4
| #define SIZEOF_LONG 4
| #define SIZEOF_SIZE_T 4
| #define HAVE_LONG_LONG 1
| #define SIZEOF_LONG_LONG 8
| #define UNSIGNED_64BIT_TYPE uint64_t
| #define HAVE_INTPTR_T 1
| /* end confdefs.h.  */
| #include <stdio.h>
| #ifdef HAVE_SYS_TYPES_H
| # include <sys/types.h>
| #endif
| #ifdef HAVE_SYS_STAT_H
| # include <sys/stat.h>
| #endif
| #ifdef STDC_HEADERS
| # include <stdlib.h>
| # include <stddef.h>
| #else
| # ifdef HAVE_STDLIB_H
| #  include <stdlib.h>
| # endif
| #endif
| #ifdef HAVE_STRING_H
| # if !defined STDC_HEADERS && defined HAVE_MEMORY_H
| #  include <memory.h>
| # endif
| # include <string.h>
| #endif
| #ifdef HAVE_STRINGS_H
| # include <strings.h>
| #endif
| #ifdef HAVE_INTTYPES_H
| # include <inttypes.h>
| #endif
| #ifdef HAVE_STDINT_H
| # include <stdint.h>
| #endif
| #ifdef HAVE_UNISTD_H
| # include <unistd.h>
| #endif
| int
| main ()
| {
| if (sizeof ((uintptr_t)))
| 	    return 0;
|   ;
|   return 0;
| }
configure:6128: result: yes
configure:6164: checking for ssize_t
configure:6164: arm-unknown-linux-gnueabihf-gcc -c -g -O2      conftest.c >&5
configure:6164: $? = 0
configure:6164: arm-unknown-linux-gnueabihf-gcc -c -g -O2      conftest.c >&5
conftest.c: In function 'main':
conftest.c:92:22: error: expected expression before ')' token
   92 | if (sizeof ((ssize_t)))
      |                      ^
configure:6164: $? = 1
configure: failed program was:
| /* confdefs.h */
| #define PACKAGE_NAME ""
| #define PACKAGE_TARNAME ""
| #define PACKAGE_VERSION ""
| #define PACKAGE_STRING ""
| #define PACKAGE_BUGREPORT ""
| #define PACKAGE_URL ""
| #define STDC_HEADERS 1
| #define HAVE_SYS_TYPES_H 1
| #define HAVE_SYS_STAT_H 1
| #define HAVE_STDLIB_H 1
| #define HAVE_STRING_H 1
| #define HAVE_MEMORY_H 1
| #define HAVE_STRINGS_H 1
| #define HAVE_INTTYPES_H 1
| #define HAVE_STDINT_H 1
| #define HAVE_UNISTD_H 1
| #define __EXTENSIONS__ 1
| #define _ALL_SOURCE 1
| #define _GNU_SOURCE 1
| #define _POSIX_PTHREAD_SEMANTICS 1
| #define _TANDEM_SOURCE 1
| #define _FILE_OFFSET_BITS 64
| #define HAVE_SYS_FILE_H 1
| #define HAVE_SYS_PARAM_H 1
| #define HAVE_LIMITS_H 1
| #define HAVE_STDLIB_H 1
| #define HAVE_MALLOC_H 1
| #define HAVE_STRING_H 1
| #define HAVE_UNISTD_H 1
| #define HAVE_STRINGS_H 1
| #define HAVE_SYS_TIME_H 1
| #define HAVE_TIME_H 1
| #define HAVE_SYS_RESOURCE_H 1
| #define HAVE_SYS_STAT_H 1
| #define HAVE_SYS_MMAN_H 1
| #define HAVE_FCNTL_H 1
| #define HAVE_ALLOCA_H 1
| #define HAVE_SYS_SYSINFO_H 1
| #define HAVE_SYS_SYSCTL_H 1
| #define HAVE_STDINT_H 1
| #define HAVE_STDIO_EXT_H 1
| #define HAVE_SYS_PRCTL_H 1
| #define HAVE_SPAWN_H 1
| #define HAVE_SYS_WAIT_H 1
| #define TIME_WITH_SYS_TIME 1
| #define SIZEOF_INT 4
| #define SIZEOF_LONG 4
| #define SIZEOF_SIZE_T 4
| #define HAVE_LONG_LONG 1
| #define SIZEOF_LONG_LONG 8
| #define UNSIGNED_64BIT_TYPE uint64_t
| #define HAVE_INTPTR_T 1
| #define HAVE_UINTPTR_T 1
| /* end confdefs.h.  */
| #include <stdio.h>
| #ifdef HAVE_SYS_TYPES_H
| # include <sys/types.h>
| #endif
| #ifdef HAVE_SYS_STAT_H
| # include <sys/stat.h>
| #endif
| #ifdef STDC_HEADERS
| # include <stdlib.h>
| # include <stddef.h>
| #else
| # ifdef HAVE_STDLIB_H
| #  include <stdlib.h>
| # endif
| #endif
| #ifdef HAVE_STRING_H
| # if !defined STDC_HEADERS && defined HAVE_MEMORY_H
| #  include <memory.h>
| # endif
| # include <string.h>
| #endif
| #ifdef HAVE_STRINGS_H
| # include <strings.h>
| #endif
| #ifdef HAVE_INTTYPES_H
| # include <inttypes.h>
| #endif
| #ifdef HAVE_STDINT_H
| # include <stdint.h>
| #endif
| #ifdef HAVE_UNISTD_H
| # include <unistd.h>
| #endif
| int
| main ()
| {
| if (sizeof ((ssize_t)))
| 	    return 0;
|   ;
|   return 0;
| }
configure:6164: result: yes
configure:6183: checking for pid_t
configure:6183: arm-unknown-linux-gnueabihf-gcc -c -g -O2      conftest.c >&5
configure:6183: $? = 0
configure:6183: arm-unknown-linux-gnueabihf-gcc -c -g -O2      conftest.c >&5
conftest.c: In function 'main':
conftest.c:93:20: error: expected expression before ')' token
   93 | if (sizeof ((pid_t)))
      |                    ^
configure:6183: $? = 1
configure: failed program was:
| /* confdefs.h */
| #define PACKAGE_NAME ""
| #define PACKAGE_TARNAME ""
| #define PACKAGE_VERSION ""
| #define PACKAGE_STRING ""
| #define PACKAGE_BUGREPORT ""
| #define PACKAGE_URL ""
| #define STDC_HEADERS 1
| #define HAVE_SYS_TYPES_H 1
| #define HAVE_SYS_STAT_H 1
| #define HAVE_STDLIB_H 1
| #define HAVE_STRING_H 1
| #define HAVE_MEMORY_H 1
| #define HAVE_STRINGS_H 1
| #define HAVE_INTTYPES_H 1
| #define HAVE_STDINT_H 1
| #define HAVE_UNISTD_H 1
| #define __EXTENSIONS__ 1
| #define _ALL_SOURCE 1
| #define _GNU_SOURCE 1
| #define _POSIX_PTHREAD_SEMANTICS 1
| #define _TANDEM_SOURCE 1
| #define _FILE_OFFSET_BITS 64
| #define HAVE_SYS_FILE_H 1
| #define HAVE_SYS_PARAM_H 1
| #define HAVE_LIMITS_H 1
| #define HAVE_STDLIB_H 1
| #define HAVE_MALLOC_H 1
| #define HAVE_STRING_H 1
| #define HAVE_UNISTD_H 1
| #define HAVE_STRINGS_H 1
| #define HAVE_SYS_TIME_H 1
| #define HAVE_TIME_H 1
| #define HAVE_SYS_RESOURCE_H 1
| #define HAVE_SYS_STAT_H 1
| #define HAVE_SYS_MMAN_H 1
| #define HAVE_FCNTL_H 1
| #define HAVE_ALLOCA_H 1
| #define HAVE_SYS_SYSINFO_H 1
| #define HAVE_SYS_SYSCTL_H 1
| #define HAVE_STDINT_H 1
| #define HAVE_STDIO_EXT_H 1
| #define HAVE_SYS_PRCTL_H 1
| #define HAVE_SPAWN_H 1
| #define HAVE_SYS_WAIT_H 1
| #define TIME_WITH_SYS_TIME 1
| #define SIZEOF_INT 4
| #define SIZEOF_LONG 4
| #define SIZEOF_SIZE_T 4
| #define HAVE_LONG_LONG 1
| #define SIZEOF_LONG_LONG 8
| #define UNSIGNED_64BIT_TYPE uint64_t
| #define HAVE_INTPTR_T 1
| #define HAVE_UINTPTR_T 1
| #define HAVE_UINTPTR_T 1
| /* end confdefs.h.  */
| #include <stdio.h>
| #ifdef HAVE_SYS_TYPES_H
| # include <sys/types.h>
| #endif
| #ifdef HAVE_SYS_STAT_H
| # include <sys/stat.h>
| #endif
| #ifdef STDC_HEADERS
| # include <stdlib.h>
| # include <stddef.h>
| #else
| # ifdef HAVE_STDLIB_H
| #  include <stdlib.h>
| # endif
| #endif
| #ifdef HAVE_STRING_H
| # if !defined STDC_HEADERS && defined HAVE_MEMORY_H
| #  include <memory.h>
| # endif
| # include <string.h>
| #endif
| #ifdef HAVE_STRINGS_H
| # include <strings.h>
| #endif
| #ifdef HAVE_INTTYPES_H
| # include <inttypes.h>
| #endif
| #ifdef HAVE_STDINT_H
| # include <stdint.h>
| #endif
| #ifdef HAVE_UNISTD_H
| # include <unistd.h>
| #endif
| int
| main ()
| {
| if (sizeof ((pid_t)))
| 	    return 0;
|   ;
|   return 0;
| }
configure:6183: result: yes
configure:6890: checking for library containing strerror
configure:6924: arm-unknown-linux-gnueabihf-gcc -o conftest -g -O2        conftest.c  >&5
configure:6924: $? = 0
configure:6941: result: none required
configure:6952: checking for asprintf
configure:6952: arm-unknown-linux-gnueabihf-gcc -o conftest -g -O2        conftest.c  >&5
configure:6952: $? = 0
configure:6952: result: yes
configure:6952: checking for atexit
configure:6952: arm-unknown-linux-gnueabihf-gcc -o conftest -g -O2        conftest.c  >&5
configure:6952: $? = 0
configure:6952: result: yes
configure:6952: checking for basename
configure:6952: arm-unknown-linux-gnueabihf-gcc -o conftest -g -O2        conftest.c  >&5
configure:6952: $? = 0
configure:6952: result: yes
configure:6952: checking for bcmp
configure:6952: arm-unknown-linux-gnueabihf-gcc -o conftest -g -O2        conftest.c  >&5
conftest.c:83:6: warning: conflicting types for built-in function 'bcmp'; expected 'int(const void *, const void *, unsigned int)' [-Wbuiltin-declaration-mismatch]
   83 | char bcmp ();
      |      ^~~~
configure:6952: $? = 0
configure:6952: result: yes
configure:6952: checking for bcopy
configure:6952: arm-unknown-linux-gnueabihf-gcc -o conftest -g -O2        conftest.c  >&5
conftest.c:84:6: warning: conflicting types for built-in function 'bcopy'; expected 'void(const void *, void *, unsigned int)' [-Wbuiltin-declaration-mismatch]
   84 | char bcopy ();
      |      ^~~~~
configure:6952: $? = 0
configure:6952: result: yes
configure:6952: checking for bsearch
configure:6952: arm-unknown-linux-gnueabihf-gcc -o conftest -g -O2        conftest.c  >&5
configure:6952: $? = 0
configure:6952: result: yes
configure:6952: checking for bzero
configure:6952: arm-unknown-linux-gnueabihf-gcc -o conftest -g -O2        conftest.c  >&5
conftest.c:86:6: warning: conflicting types for built-in function 'bzero'; expected 'void(void *, unsigned int)' [-Wbuiltin-declaration-mismatch]
   86 | char bzero ();
      |      ^~~~~
configure:6952: $? = 0
configure:6952: result: yes
configure:6952: checking for calloc
configure:6952: arm-unknown-linux-gnueabihf-gcc -o conftest -g -O2        conftest.c  >&5
conftest.c:87:6: warning: conflicting types for built-in function 'calloc'; expected 'void *(unsigned int,  unsigned int)' [-Wbuiltin-declaration-mismatch]
   87 | char calloc ();
      |      ^~~~~~
conftest.c:75:1: note: 'calloc' is declared in header '<stdlib.h>'
   74 | # include <limits.h>
   75 | #else
configure:6952: $? = 0
configure:6952: result: yes
configure:6952: checking for clock
configure:6952: arm-unknown-linux-gnueabihf-gcc -o conftest -g -O2        conftest.c  >&5
configure:6952: $? = 0
configure:6952: result: yes
configure:6952: checking for ffs
configure:6952: arm-unknown-linux-gnueabihf-gcc -o conftest -g -O2        conftest.c  >&5
conftest.c:89:6: warning: conflicting types for built-in function 'ffs'; expected 'int(int)' [-Wbuiltin-declaration-mismatch]
   89 | char ffs ();
      |      ^~~
configure:6952: $? = 0
configure:6952: result: yes
configure:6952: checking for getcwd
configure:6952: arm-unknown-linux-gnueabihf-gcc -o conftest -g -O2        conftest.c  >&5
configure:6952: $? = 0
configure:6952: result: yes
configure:6952: checking for getpagesize
configure:6952: arm-unknown-linux-gnueabihf-gcc -o conftest -g -O2        conftest.c  >&5
configure:6952: $? = 0
configure:6952: result: yes
configure:6952: checking for gettimeofday
configure:6952: arm-unknown-linux-gnueabihf-gcc -o conftest -g -O2        conftest.c  >&5
configure:6952: $? = 0
configure:6952: result: yes
configure:6952: checking for index
configure:6952: arm-unknown-linux-gnueabihf-gcc -o conftest -g -O2        conftest.c  >&5
conftest.c:93:6: warning: conflicting types for built-in function 'index'; expected 'char *(const char *, int)' [-Wbuiltin-declaration-mismatch]
   93 | char index ();
      |      ^~~~~
configure:6952: $? = 0
configure:6952: result: yes
configure:6952: checking for insque
configure:6952: arm-unknown-linux-gnueabihf-gcc -o conftest -g -O2        conftest.c  >&5
configure:6952: $? = 0
configure:6952: result: yes
configure:6952: checking for memchr
configure:6952: arm-unknown-linux-gnueabihf-gcc -o conftest -g -O2        conftest.c  >&5
conftest.c:95:6: warning: conflicting types for built-in function 'memchr'; expected 'void *(const void *, int,  unsigned int)' [-Wbuiltin-declaration-mismatch]
   95 | char memchr ();
      |      ^~~~~~
conftest.c:83:1: note: 'memchr' is declared in header '<string.h>'
   82 | # include <limits.h>
   83 | #else
configure:6952: $? = 0
configure:6952: result: yes
configure:6952: checking for memcmp
configure:6952: arm-unknown-linux-gnueabihf-gcc -o conftest -g -O2        conftest.c  >&5
conftest.c:96:6: warning: conflicting types for built-in function 'memcmp'; expected 'int(const void *, const void *, unsigned int)' [-Wbuiltin-declaration-mismatch]
   96 | char memcmp ();
      |      ^~~~~~
conftest.c:84:1: note: 'memcmp' is declared in header '<string.h>'
   83 | # include <limits.h>
   84 | #else
configure:6952: $? = 0
configure:6952: result: yes
configure:6952: checking for memcpy
configure:6952: arm-unknown-linux-gnueabihf-gcc -o conftest -g -O2        conftest.c  >&5
conftest.c:97:6: warning: conflicting types for built-in function 'memcpy'; expected 'void *(void *, const void *, unsigned int)' [-Wbuiltin-declaration-mismatch]
   97 | char memcpy ();
      |      ^~~~~~
conftest.c:85:1: note: 'memcpy' is declared in header '<string.h>'
   84 | # include <limits.h>
   85 | #else
configure:6952: $? = 0
configure:6952: result: yes
configure:6952: checking for memmem
configure:6952: arm-unknown-linux-gnueabihf-gcc -o conftest -g -O2        conftest.c  >&5
configure:6952: $? = 0
configure:6952: result: yes
configure:6952: checking for memmove
configure:6952: arm-unknown-linux-gnueabihf-gcc -o conftest -g -O2        conftest.c  >&5
conftest.c:99:6: warning: conflicting types for built-in function 'memmove'; expected 'void *(void *, const void *, unsigned int)' [-Wbuiltin-declaration-mismatch]
   99 | char memmove ();
      |      ^~~~~~~
conftest.c:87:1: note: 'memmove' is declared in header '<string.h>'
   86 | # include <limits.h>
   87 | #else
configure:6952: $? = 0
configure:6952: result: yes
configure:6952: checking for mempcpy
configure:6952: arm-unknown-linux-gnueabihf-gcc -o conftest -g -O2        conftest.c  >&5
conftest.c:100:6: warning: conflicting types for built-in function 'mempcpy'; expected 'void *(void *, const void *, unsigned int)' [-Wbuiltin-declaration-mismatch]
  100 | char mempcpy ();
      |      ^~~~~~~
configure:6952: $? = 0
configure:6952: result: yes
configure:6952: checking for memset
configure:6952: arm-unknown-linux-gnueabihf-gcc -o conftest -g -O2        conftest.c  >&5
conftest.c:101:6: warning: conflicting types for built-in function 'memset'; expected 'void *(void *, int,  unsigned int)' [-Wbuiltin-declaration-mismatch]
  101 | char memset ();
      |      ^~~~~~
conftest.c:89:1: note: 'memset' is declared in header '<string.h>'
   88 | # include <limits.h>
   89 | #else
configure:6952: $? = 0
configure:6952: result: yes
configure:6952: checking for mkstemps
configure:6952: arm-unknown-linux-gnueabihf-gcc -o conftest -g -O2        conftest.c  >&5
configure:6952: $? = 0
configure:6952: result: yes
configure:6952: checking for putenv
configure:6952: arm-unknown-linux-gnueabihf-gcc -o conftest -g -O2        conftest.c  >&5
configure:6952: $? = 0
configure:6952: result: yes
configure:6952: checking for random
configure:6952: arm-unknown-linux-gnueabihf-gcc -o conftest -g -O2        conftest.c  >&5
configure:6952: $? = 0
configure:6952: result: yes
configure:6952: checking for rename
configure:6952: arm-unknown-linux-gnueabihf-gcc -o conftest -g -O2        conftest.c  >&5
configure:6952: $? = 0
configure:6952: result: yes
configure:6952: checking for rindex
configure:6952: arm-unknown-linux-gnueabihf-gcc -o conftest -g -O2        conftest.c  >&5
conftest.c:106:6: warning: conflicting types for built-in function 'rindex'; expected 'char *(const char *, int)' [-Wbuiltin-declaration-mismatch]
  106 | char rindex ();
      |      ^~~~~~
configure:6952: $? = 0
configure:6952: result: yes
configure:6952: checking for setenv
configure:6952: arm-unknown-linux-gnueabihf-gcc -o conftest -g -O2        conftest.c  >&5
configure:6952: $? = 0
configure:6952: result: yes
configure:6952: checking for snprintf
configure:6952: arm-unknown-linux-gnueabihf-gcc -o conftest -g -O2        conftest.c  >&5
conftest.c:108:6: warning: conflicting types for built-in function 'snprintf'; expected 'int(char *, unsigned int,  const char *, ...)' [-Wbuiltin-declaration-mismatch]
  108 | char snprintf ();
      |      ^~~~~~~~
conftest.c:96:1: note: 'snprintf' is declared in header '<stdio.h>'
   95 | # include <limits.h>
   96 | #else
configure:6952: $? = 0
configure:6952: result: yes
configure:6952: checking for sigsetmask
configure:6952: arm-unknown-linux-gnueabihf-gcc -o conftest -g -O2        conftest.c  >&5
configure:6952: $? = 0
configure:6952: result: yes
configure:6952: checking for stpcpy
configure:6952: arm-unknown-linux-gnueabihf-gcc -o conftest -g -O2        conftest.c  >&5
conftest.c:110:6: warning: conflicting types for built-in function 'stpcpy'; expected 'char *(char *, const char *)' [-Wbuiltin-declaration-mismatch]
  110 | char stpcpy ();
      |      ^~~~~~
configure:6952: $? = 0
configure:6952: result: yes
configure:6952: checking for stpncpy
configure:6952: arm-unknown-linux-gnueabihf-gcc -o conftest -g -O2        conftest.c  >&5
conftest.c:111:6: warning: conflicting types for built-in function 'stpncpy'; expected 'char *(char *, const char *, unsigned int)' [-Wbuiltin-declaration-mismatch]
  111 | char stpncpy ();
      |      ^~~~~~~
configure:6952: $? = 0
configure:6952: result: yes
configure:6952: checking for strcasecmp
configure:6952: arm-unknown-linux-gnueabihf-gcc -o conftest -g -O2        conftest.c  >&5
conftest.c:112:6: warning: conflicting types for built-in function 'strcasecmp'; expected 'int(const char *, const char *)' [-Wbuiltin-declaration-mismatch]
  112 | char strcasecmp ();
      |      ^~~~~~~~~~
configure:6952: $? = 0
configure:6952: result: yes
configure:6952: checking for strchr
configure:6952: arm-unknown-linux-gnueabihf-gcc -o conftest -g -O2        conftest.c  >&5
conftest.c:113:6: warning: conflicting types for built-in function 'strchr'; expected 'char *(const char *, int)' [-Wbuiltin-declaration-mismatch]
  113 | char strchr ();
      |      ^~~~~~
conftest.c:101:1: note: 'strchr' is declared in header '<string.h>'
  100 | # include <limits.h>
  101 | #else
configure:6952: $? = 0
configure:6952: result: yes
configure:6952: checking for strdup
configure:6952: arm-unknown-linux-gnueabihf-gcc -o conftest -g -O2        conftest.c  >&5
conftest.c:114:6: warning: conflicting types for built-in function 'strdup'; expected 'char *(const char *)' [-Wbuiltin-declaration-mismatch]
  114 | char strdup ();
      |      ^~~~~~
configure:6952: $? = 0
configure:6952: result: yes
configure:6952: checking for strncasecmp
configure:6952: arm-unknown-linux-gnueabihf-gcc -o conftest -g -O2        conftest.c  >&5
conftest.c:115:6: warning: conflicting types for built-in function 'strncasecmp'; expected 'int(const char *, const char *, unsigned int)' [-Wbuiltin-declaration-mismatch]
  115 | char strncasecmp ();
      |      ^~~~~~~~~~~
configure:6952: $? = 0
configure:6952: result: yes
configure:6952: checking for strndup
configure:6952: arm-unknown-linux-gnueabihf-gcc -o conftest -g -O2        conftest.c  >&5
conftest.c:116:6: warning: conflicting types for built-in function 'strndup'; expected 'char *(const char *, unsigned int)' [-Wbuiltin-declaration-mismatch]
  116 | char strndup ();
      |      ^~~~~~~
configure:6952: $? = 0
configure:6952: result: yes
configure:6952: checking for strnlen
configure:6952: arm-unknown-linux-gnueabihf-gcc -o conftest -g -O2        conftest.c  >&5
conftest.c:117:6: warning: conflicting types for built-in function 'strnlen'; expected 'unsigned int(const char *, unsigned int)' [-Wbuiltin-declaration-mismatch]
  117 | char strnlen ();
      |      ^~~~~~~
configure:6952: $? = 0
configure:6952: result: yes
configure:6952: checking for strrchr
configure:6952: arm-unknown-linux-gnueabihf-gcc -o conftest -g -O2        conftest.c  >&5
conftest.c:118:6: warning: conflicting types for built-in function 'strrchr'; expected 'char *(const char *, int)' [-Wbuiltin-declaration-mismatch]
  118 | char strrchr ();
      |      ^~~~~~~
conftest.c:106:1: note: 'strrchr' is declared in header '<string.h>'
  105 | # include <limits.h>
  106 | #else
configure:6952: $? = 0
configure:6952: result: yes
configure:6952: checking for strstr
configure:6952: arm-unknown-linux-gnueabihf-gcc -o conftest -g -O2        conftest.c  >&5
conftest.c:119:6: warning: conflicting types for built-in function 'strstr'; expected 'char *(const char *, const char *)' [-Wbuiltin-declaration-mismatch]
  119 | char strstr ();
      |      ^~~~~~
conftest.c:107:1: note: 'strstr' is declared in header '<string.h>'
  106 | # include <limits.h>
  107 | #else
configure:6952: $? = 0
configure:6952: result: yes
configure:6952: checking for strtod
configure:6952: arm-unknown-linux-gnueabihf-gcc -o conftest -g -O2        conftest.c  >&5
configure:6952: $? = 0
configure:6952: result: yes
configure:6952: checking for strtol
configure:6952: arm-unknown-linux-gnueabihf-gcc -o conftest -g -O2        conftest.c  >&5
configure:6952: $? = 0
configure:6952: result: yes
configure:6952: checking for strtoul
configure:6952: arm-unknown-linux-gnueabihf-gcc -o conftest -g -O2        conftest.c  >&5
configure:6952: $? = 0
configure:6952: result: yes
configure:6952: checking for strtoll
configure:6952: arm-unknown-linux-gnueabihf-gcc -o conftest -g -O2        conftest.c  >&5
configure:6952: $? = 0
configure:6952: result: yes
configure:6952: checking for strtoull
configure:6952: arm-unknown-linux-gnueabihf-gcc -o conftest -g -O2        conftest.c  >&5
configure:6952: $? = 0
configure:6952: result: yes
configure:6952: checking for strverscmp
configure:6952: arm-unknown-linux-gnueabihf-gcc -o conftest -g -O2        conftest.c  >&5
configure:6952: $? = 0
configure:6952: result: yes
configure:6952: checking for tmpnam
configure:6952: arm-unknown-linux-gnueabihf-gcc -o conftest -g -O2        conftest.c  >&5
/home/dev/x-tools/arm-unknown-linux-gnueabihf/lib/gcc/arm-unknown-linux-gnueabihf/9.5.0/../../../../arm-unknown-linux-gnueabihf/bin/ld: /tmp/ccMmu8na.o: in function `main':
/home/dev/Desktop/ClaraColour/python/crosstoolsng/binutils-2.42/libiberty/conftest.c:137: warning: the use of `tmpnam' is dangerous, better use `mkstemp'
configure:6952: $? = 0
configure:6952: result: yes
configure:6952: checking for vasprintf
configure:6952: arm-unknown-linux-gnueabihf-gcc -o conftest -g -O2        conftest.c  >&5
configure:6952: $? = 0
configure:6952: result: yes
configure:6952: checking for vfprintf
configure:6952: arm-unknown-linux-gnueabihf-gcc -o conftest -g -O2        conftest.c  >&5
conftest.c:128:6: warning: conflicting types for built-in function 'vfprintf'; expected 'int(void *, const char *, __va_list)' [-Wbuiltin-declaration-mismatch]
  128 | char vfprintf ();
      |      ^~~~~~~~
conftest.c:116:1: note: 'vfprintf' is declared in header '<stdio.h>'
  115 | # include <limits.h>
  116 | #else
configure:6952: $? = 0
configure:6952: result: yes
configure:6952: checking for vprintf
configure:6952: arm-unknown-linux-gnueabihf-gcc -o conftest -g -O2        conftest.c  >&5
conftest.c:129:6: warning: conflicting types for built-in function 'vprintf'; expected 'int(const char *, __va_list)' [-Wbuiltin-declaration-mismatch]
  129 | char vprintf ();
      |      ^~~~~~~
conftest.c:117:1: note: 'vprintf' is declared in header '<stdio.h>'
  116 | # include <limits.h>
  117 | #else
configure:6952: $? = 0
configure:6952: result: yes
configure:6952: checking for vsnprintf
configure:6952: arm-unknown-linux-gnueabihf-gcc -o conftest -g -O2        conftest.c  >&5
conftest.c:130:6: warning: conflicting types for built-in function 'vsnprintf'; expected 'int(char *, unsigned int,  const char *, __va_list)' [-Wbuiltin-declaration-mismatch]
  130 | char vsnprintf ();
      |      ^~~~~~~~~
conftest.c:118:1: note: 'vsnprintf' is declared in header '<stdio.h>'
  117 | # include <limits.h>
  118 | #else
configure:6952: $? = 0
configure:6952: result: yes
configure:6952: checking for vsprintf
configure:6952: arm-unknown-linux-gnueabihf-gcc -o conftest -g -O2        conftest.c  >&5
conftest.c:131:6: warning: conflicting types for built-in function 'vsprintf'; expected 'int(char *, const char *, __va_list)' [-Wbuiltin-declaration-mismatch]
  131 | char vsprintf ();
      |      ^~~~~~~~
conftest.c:119:1: note: 'vsprintf' is declared in header '<stdio.h>'
  118 | # include <limits.h>
  119 | #else
configure:6952: $? = 0
configure:6952: result: yes
configure:6952: checking for waitpid
configure:6952: arm-unknown-linux-gnueabihf-gcc -o conftest -g -O2        conftest.c  >&5
configure:6952: $? = 0
configure:6952: result: yes
configure:6952: checking for setproctitle
configure:6952: arm-unknown-linux-gnueabihf-gcc -o conftest -g -O2        conftest.c  >&5
/home/dev/x-tools/arm-unknown-linux-gnueabihf/lib/gcc/arm-unknown-linux-gnueabihf/9.5.0/../../../../arm-unknown-linux-gnueabihf/bin/ld: /tmp/ccJxJzue.o: in function `main':
/home/dev/Desktop/ClaraColour/python/crosstoolsng/binutils-2.42/libiberty/conftest.c:144: undefined reference to `setproctitle'
collect2: error: ld returned 1 exit status
configure:6952: $? = 1
configure: failed program was:
| /* confdefs.h */
| #define PACKAGE_NAME ""
| #define PACKAGE_TARNAME ""
| #define PACKAGE_VERSION ""
| #define PACKAGE_STRING ""
| #define PACKAGE_BUGREPORT ""
| #define PACKAGE_URL ""
| #define STDC_HEADERS 1
| #define HAVE_SYS_TYPES_H 1
| #define HAVE_SYS_STAT_H 1
| #define HAVE_STDLIB_H 1
| #define HAVE_STRING_H 1
| #define HAVE_MEMORY_H 1
| #define HAVE_STRINGS_H 1
| #define HAVE_INTTYPES_H 1
| #define HAVE_STDINT_H 1
| #define HAVE_UNISTD_H 1
| #define __EXTENSIONS__ 1
| #define _ALL_SOURCE 1
| #define _GNU_SOURCE 1
| #define _POSIX_PTHREAD_SEMANTICS 1
| #define _TANDEM_SOURCE 1
| #define _FILE_OFFSET_BITS 64
| #define HAVE_SYS_FILE_H 1
| #define HAVE_SYS_PARAM_H 1
| #define HAVE_LIMITS_H 1
| #define HAVE_STDLIB_H 1
| #define HAVE_MALLOC_H 1
| #define HAVE_STRING_H 1
| #define HAVE_UNISTD_H 1
| #define HAVE_STRINGS_H 1
| #define HAVE_SYS_TIME_H 1
| #define HAVE_TIME_H 1
| #define HAVE_SYS_RESOURCE_H 1
| #define HAVE_SYS_STAT_H 1
| #define HAVE_SYS_MMAN_H 1
| #define HAVE_FCNTL_H 1
| #define HAVE_ALLOCA_H 1
| #define HAVE_SYS_SYSINFO_H 1
| #define HAVE_SYS_SYSCTL_H 1
| #define HAVE_STDINT_H 1
| #define HAVE_STDIO_EXT_H 1
| #define HAVE_SYS_PRCTL_H 1
| #define HAVE_SPAWN_H 1
| #define HAVE_SYS_WAIT_H 1
| #define TIME_WITH_SYS_TIME 1
| #define SIZEOF_INT 4
| #define SIZEOF_LONG 4
| #define SIZEOF_SIZE_T 4
| #define HAVE_LONG_LONG 1
| #define SIZEOF_LONG_LONG 8
| #define UNSIGNED_64BIT_TYPE uint64_t
| #define HAVE_INTPTR_T 1
| #define HAVE_UINTPTR_T 1
| #define HAVE_UINTPTR_T 1
| #define HAVE_ASPRINTF 1
| #define HAVE_ATEXIT 1
| #define HAVE_BASENAME 1
| #define HAVE_BCMP 1
| #define HAVE_BCOPY 1
| #define HAVE_BSEARCH 1
| #define HAVE_BZERO 1
| #define HAVE_CALLOC 1
| #define HAVE_CLOCK 1
| #define HAVE_FFS 1
| #define HAVE_GETCWD 1
| #define HAVE_GETPAGESIZE 1
| #define HAVE_GETTIMEOFDAY 1
| #define HAVE_INDEX 1
| #define HAVE_INSQUE 1
| #define HAVE_MEMCHR 1
| #define HAVE_MEMCMP 1
| #define HAVE_MEMCPY 1
| #define HAVE_MEMMEM 1
| #define HAVE_MEMMOVE 1
| #define HAVE_MEMPCPY 1
| #define HAVE_MEMSET 1
| #define HAVE_MKSTEMPS 1
| #define HAVE_PUTENV 1
| #define HAVE_RANDOM 1
| #define HAVE_RENAME 1
| #define HAVE_RINDEX 1
| #define HAVE_SETENV 1
| #define HAVE_SNPRINTF 1
| #define HAVE_SIGSETMASK 1
| #define HAVE_STPCPY 1
| #define HAVE_STPNCPY 1
| #define HAVE_STRCASECMP 1
| #define HAVE_STRCHR 1
| #define HAVE_STRDUP 1
| #define HAVE_STRNCASECMP 1
| #define HAVE_STRNDUP 1
| #define HAVE_STRNLEN 1
| #define HAVE_STRRCHR 1
| #define HAVE_STRSTR 1
| #define HAVE_STRTOD 1
| #define HAVE_STRTOL 1
| #define HAVE_STRTOUL 1
| #define HAVE_STRTOLL 1
| #define HAVE_STRTOULL 1
| #define HAVE_STRVERSCMP 1
| #define HAVE_TMPNAM 1
| #define HAVE_VASPRINTF 1
| #define HAVE_VFPRINTF 1
| #define HAVE_VPRINTF 1
| #define HAVE_VSNPRINTF 1
| #define HAVE_VSPRINTF 1
| #define HAVE_WAITPID 1
| /* end confdefs.h.  */
| /* Define setproctitle to an innocuous variant, in case <limits.h> declares setproctitle.
|    For example, HP-UX 11i <limits.h> declares gettimeofday.  */
| #define setproctitle innocuous_setproctitle
| 
| /* System header to define __stub macros and hopefully few prototypes,
|     which can conflict with char setproctitle (); below.
|     Prefer <limits.h> to <assert.h> if __STDC__ is defined, since
|     <limits.h> exists even on freestanding compilers.  */
| 
| #ifdef __STDC__
| # include <limits.h>
| #else
| # include <assert.h>
| #endif
| 
| #undef setproctitle
| 
| /* Override any GCC internal prototype to avoid an error.
|    Use char because int might match the return type of a GCC
|    builtin and then its argument prototype would still apply.  */
| #ifdef __cplusplus
| extern "C"
| #endif
| char setproctitle ();
| /* The GNU C library defines this for functions which it implements
|     to always fail with ENOSYS.  Some functions are actually named
|     something starting with __ and the normal name is an alias.  */
| #if defined __stub_setproctitle || defined __stub___setproctitle
| choke me
| #endif
| 
| int
| main ()
| {
| return setproctitle ();
|   ;
|   return 0;
| }
configure:6952: result: no
configure:6968: checking whether alloca needs Cray hooks
configure:6991: result: no
configure:7008: checking stack direction for C alloca
configure:7050: result: 0
configure:7060: checking for vfork.h
configure:7060: arm-unknown-linux-gnueabihf-gcc -E  conftest.c
conftest.c:111:10: fatal error: vfork.h: No such file or directory
  111 | #include <vfork.h>
      |          ^~~~~~~~~
compilation terminated.
configure:7060: $? = 1
configure: failed program was:
| /* confdefs.h */
| #define PACKAGE_NAME ""
| #define PACKAGE_TARNAME ""
| #define PACKAGE_VERSION ""
| #define PACKAGE_STRING ""
| #define PACKAGE_BUGREPORT ""
| #define PACKAGE_URL ""
| #define STDC_HEADERS 1
| #define HAVE_SYS_TYPES_H 1
| #define HAVE_SYS_STAT_H 1
| #define HAVE_STDLIB_H 1
| #define HAVE_STRING_H 1
| #define HAVE_MEMORY_H 1
| #define HAVE_STRINGS_H 1
| #define HAVE_INTTYPES_H 1
| #define HAVE_STDINT_H 1
| #define HAVE_UNISTD_H 1
| #define __EXTENSIONS__ 1
| #define _ALL_SOURCE 1
| #define _GNU_SOURCE 1
| #define _POSIX_PTHREAD_SEMANTICS 1
| #define _TANDEM_SOURCE 1
| #define _FILE_OFFSET_BITS 64
| #define HAVE_SYS_FILE_H 1
| #define HAVE_SYS_PARAM_H 1
| #define HAVE_LIMITS_H 1
| #define HAVE_STDLIB_H 1
| #define HAVE_MALLOC_H 1
| #define HAVE_STRING_H 1
| #define HAVE_UNISTD_H 1
| #define HAVE_STRINGS_H 1
| #define HAVE_SYS_TIME_H 1
| #define HAVE_TIME_H 1
| #define HAVE_SYS_RESOURCE_H 1
| #define HAVE_SYS_STAT_H 1
| #define HAVE_SYS_MMAN_H 1
| #define HAVE_FCNTL_H 1
| #define HAVE_ALLOCA_H 1
| #define HAVE_SYS_SYSINFO_H 1
| #define HAVE_SYS_SYSCTL_H 1
| #define HAVE_STDINT_H 1
| #define HAVE_STDIO_EXT_H 1
| #define HAVE_SYS_PRCTL_H 1
| #define HAVE_SPAWN_H 1
| #define HAVE_SYS_WAIT_H 1
| #define TIME_WITH_SYS_TIME 1
| #define SIZEOF_INT 4
| #define SIZEOF_LONG 4
| #define SIZEOF_SIZE_T 4
| #define HAVE_LONG_LONG 1
| #define SIZEOF_LONG_LONG 8
| #define UNSIGNED_64BIT_TYPE uint64_t
| #define HAVE_INTPTR_T 1
| #define HAVE_UINTPTR_T 1
| #define HAVE_UINTPTR_T 1
| #define HAVE_ASPRINTF 1
| #define HAVE_ATEXIT 1
| #define HAVE_BASENAME 1
| #define HAVE_BCMP 1
| #define HAVE_BCOPY 1
| #define HAVE_BSEARCH 1
| #define HAVE_BZERO 1
| #define HAVE_CALLOC 1
| #define HAVE_CLOCK 1
| #define HAVE_FFS 1
| #define HAVE_GETCWD 1
| #define HAVE_GETPAGESIZE 1
| #define HAVE_GETTIMEOFDAY 1
| #define HAVE_INDEX 1
| #define HAVE_INSQUE 1
| #define HAVE_MEMCHR 1
| #define HAVE_MEMCMP 1
| #define HAVE_MEMCPY 1
| #define HAVE_MEMMEM 1
| #define HAVE_MEMMOVE 1
| #define HAVE_MEMPCPY 1
| #define HAVE_MEMSET 1
| #define HAVE_MKSTEMPS 1
| #define HAVE_PUTENV 1
| #define HAVE_RANDOM 1
| #define HAVE_RENAME 1
| #define HAVE_RINDEX 1
| #define HAVE_SETENV 1
| #define HAVE_SNPRINTF 1
| #define HAVE_SIGSETMASK 1
| #define HAVE_STPCPY 1
| #define HAVE_STPNCPY 1
| #define HAVE_STRCASECMP 1
| #define HAVE_STRCHR 1
| #define HAVE_STRDUP 1
| #define HAVE_STRNCASECMP 1
| #define HAVE_STRNDUP 1
| #define HAVE_STRNLEN 1
| #define HAVE_STRRCHR 1
| #define HAVE_STRSTR 1
| #define HAVE_STRTOD 1
| #define HAVE_STRTOL 1
| #define HAVE_STRTOUL 1
| #define HAVE_STRTOLL 1
| #define HAVE_STRTOULL 1
| #define HAVE_STRVERSCMP 1
| #define HAVE_TMPNAM 1
| #define HAVE_VASPRINTF 1
| #define HAVE_VFPRINTF 1
| #define HAVE_VPRINTF 1
| #define HAVE_VSNPRINTF 1
| #define HAVE_VSPRINTF 1
| #define HAVE_WAITPID 1
| #define STACK_DIRECTION 0
| /* end confdefs.h.  */
| #include <vfork.h>
configure:7060: result: no
configure:7072: checking for fork
configure:7072: arm-unknown-linux-gnueabihf-gcc -o conftest -g -O2        conftest.c  >&5
conftest.c:134:6: warning: conflicting types for built-in function 'fork'; expected 'int(void)' [-Wbuiltin-declaration-mismatch]
  134 | char fork ();
      |      ^~~~
configure:7072: $? = 0
configure:7072: result: yes
configure:7072: checking for vfork
configure:7072: arm-unknown-linux-gnueabihf-gcc -o conftest -g -O2        conftest.c  >&5
configure:7072: $? = 0
configure:7072: result: yes
configure:7082: checking for working fork
configure:7114: result: cross
configure:7130: WARNING: result yes guessed because of cross compilation
configure:7135: checking for working vfork
configure:7245: result: yes
configure:7299: checking for _doprnt
configure:7299: arm-unknown-linux-gnueabihf-gcc -o conftest -g -O2        conftest.c  >&5
/home/dev/x-tools/arm-unknown-linux-gnueabihf/lib/gcc/arm-unknown-linux-gnueabihf/9.5.0/../../../../arm-unknown-linux-gnueabihf/bin/ld: /tmp/ccONEapY.o: in function `main':
/home/dev/Desktop/ClaraColour/python/crosstoolsng/binutils-2.42/libiberty/conftest.c:149: undefined reference to `_doprnt'
collect2: error: ld returned 1 exit status
configure:7299: $? = 1
configure: failed program was:
| /* confdefs.h */
| #define PACKAGE_NAME ""
| #define PACKAGE_TARNAME ""
| #define PACKAGE_VERSION ""
| #define PACKAGE_STRING ""
| #define PACKAGE_BUGREPORT ""
| #define PACKAGE_URL ""
| #define STDC_HEADERS 1
| #define HAVE_SYS_TYPES_H 1
| #define HAVE_SYS_STAT_H 1
| #define HAVE_STDLIB_H 1
| #define HAVE_STRING_H 1
| #define HAVE_MEMORY_H 1
| #define HAVE_STRINGS_H 1
| #define HAVE_INTTYPES_H 1
| #define HAVE_STDINT_H 1
| #define HAVE_UNISTD_H 1
| #define __EXTENSIONS__ 1
| #define _ALL_SOURCE 1
| #define _GNU_SOURCE 1
| #define _POSIX_PTHREAD_SEMANTICS 1
| #define _TANDEM_SOURCE 1
| #define _FILE_OFFSET_BITS 64
| #define HAVE_SYS_FILE_H 1
| #define HAVE_SYS_PARAM_H 1
| #define HAVE_LIMITS_H 1
| #define HAVE_STDLIB_H 1
| #define HAVE_MALLOC_H 1
| #define HAVE_STRING_H 1
| #define HAVE_UNISTD_H 1
| #define HAVE_STRINGS_H 1
| #define HAVE_SYS_TIME_H 1
| #define HAVE_TIME_H 1
| #define HAVE_SYS_RESOURCE_H 1
| #define HAVE_SYS_STAT_H 1
| #define HAVE_SYS_MMAN_H 1
| #define HAVE_FCNTL_H 1
| #define HAVE_ALLOCA_H 1
| #define HAVE_SYS_SYSINFO_H 1
| #define HAVE_SYS_SYSCTL_H 1
| #define HAVE_STDINT_H 1
| #define HAVE_STDIO_EXT_H 1
| #define HAVE_SYS_PRCTL_H 1
| #define HAVE_SPAWN_H 1
| #define HAVE_SYS_WAIT_H 1
| #define TIME_WITH_SYS_TIME 1
| #define SIZEOF_INT 4
| #define SIZEOF_LONG 4
| #define SIZEOF_SIZE_T 4
| #define HAVE_LONG_LONG 1
| #define SIZEOF_LONG_LONG 8
| #define UNSIGNED_64BIT_TYPE uint64_t
| #define HAVE_INTPTR_T 1
| #define HAVE_UINTPTR_T 1
| #define HAVE_UINTPTR_T 1
| #define HAVE_ASPRINTF 1
| #define HAVE_ATEXIT 1
| #define HAVE_BASENAME 1
| #define HAVE_BCMP 1
| #define HAVE_BCOPY 1
| #define HAVE_BSEARCH 1
| #define HAVE_BZERO 1
| #define HAVE_CALLOC 1
| #define HAVE_CLOCK 1
| #define HAVE_FFS 1
| #define HAVE_GETCWD 1
| #define HAVE_GETPAGESIZE 1
| #define HAVE_GETTIMEOFDAY 1
| #define HAVE_INDEX 1
| #define HAVE_INSQUE 1
| #define HAVE_MEMCHR 1
| #define HAVE_MEMCMP 1
| #define HAVE_MEMCPY 1
| #define HAVE_MEMMEM 1
| #define HAVE_MEMMOVE 1
| #define HAVE_MEMPCPY 1
| #define HAVE_MEMSET 1
| #define HAVE_MKSTEMPS 1
| #define HAVE_PUTENV 1
| #define HAVE_RANDOM 1
| #define HAVE_RENAME 1
| #define HAVE_RINDEX 1
| #define HAVE_SETENV 1
| #define HAVE_SNPRINTF 1
| #define HAVE_SIGSETMASK 1
| #define HAVE_STPCPY 1
| #define HAVE_STPNCPY 1
| #define HAVE_STRCASECMP 1
| #define HAVE_STRCHR 1
| #define HAVE_STRDUP 1
| #define HAVE_STRNCASECMP 1
| #define HAVE_STRNDUP 1
| #define HAVE_STRNLEN 1
| #define HAVE_STRRCHR 1
| #define HAVE_STRSTR 1
| #define HAVE_STRTOD 1
| #define HAVE_STRTOL 1
| #define HAVE_STRTOUL 1
| #define HAVE_STRTOLL 1
| #define HAVE_STRTOULL 1
| #define HAVE_STRVERSCMP 1
| #define HAVE_TMPNAM 1
| #define HAVE_VASPRINTF 1
| #define HAVE_VFPRINTF 1
| #define HAVE_VPRINTF 1
| #define HAVE_VSNPRINTF 1
| #define HAVE_VSPRINTF 1
| #define HAVE_WAITPID 1
| #define STACK_DIRECTION 0
| #define HAVE_FORK 1
| #define HAVE_VFORK 1
| #define HAVE_WORKING_VFORK 1
| #define HAVE_WORKING_FORK 1
| /* end confdefs.h.  */
| /* Define _doprnt to an innocuous variant, in case <limits.h> declares _doprnt.
|    For example, HP-UX 11i <limits.h> declares gettimeofday.  */
| #define _doprnt innocuous__doprnt
| 
| /* System header to define __stub macros and hopefully few prototypes,
|     which can conflict with char _doprnt (); below.
|     Prefer <limits.h> to <assert.h> if __STDC__ is defined, since
|     <limits.h> exists even on freestanding compilers.  */
| 
| #ifdef __STDC__
| # include <limits.h>
| #else
| # include <assert.h>
| #endif
| 
| #undef _doprnt
| 
| /* Override any GCC internal prototype to avoid an error.
|    Use char because int might match the return type of a GCC
|    builtin and then its argument prototype would still apply.  */
| #ifdef __cplusplus
| extern "C"
| #endif
| char _doprnt ();
| /* The GNU C library defines this for functions which it implements
|     to always fail with ENOSYS.  Some functions are actually named
|     something starting with __ and the normal name is an alias.  */
| #if defined __stub__doprnt || defined __stub____doprnt
| choke me
| #endif
| 
| int
| main ()
| {
| return _doprnt ();
|   ;
|   return 0;
| }
configure:7299: result: no
configure:7311: checking for sys_errlist
configure:7330: arm-unknown-linux-gnueabihf-gcc -o conftest -g -O2        conftest.c  >&5
/home/dev/x-tools/arm-unknown-linux-gnueabihf/lib/gcc/arm-unknown-linux-gnueabihf/9.5.0/../../../../arm-unknown-linux-gnueabihf/bin/ld: /tmp/ccTQ0O4l.o: in function `main':
/home/dev/Desktop/ClaraColour/python/crosstoolsng/binutils-2.42/libiberty/conftest.c:119: warning: `sys_errlist' is deprecated; use `strerror' or `strerror_r' instead
configure:7330: $? = 0
configure:7340: result: yes
configure:7311: checking for sys_nerr
configure:7330: arm-unknown-linux-gnueabihf-gcc -o conftest -g -O2        conftest.c  >&5
/home/dev/x-tools/arm-unknown-linux-gnueabihf/lib/gcc/arm-unknown-linux-gnueabihf/9.5.0/../../../../arm-unknown-linux-gnueabihf/bin/ld: /tmp/ccD9IYBY.o: in function `main':
/home/dev/Desktop/ClaraColour/python/crosstoolsng/binutils-2.42/libiberty/conftest.c:120: warning: `sys_nerr' is deprecated; use `strerror' or `strerror_r' instead
configure:7330: $? = 0
configure:7340: result: yes
configure:7311: checking for sys_siglist
configure:7330: arm-unknown-linux-gnueabihf-gcc -o conftest -g -O2        conftest.c  >&5
configure:7330: $? = 0
configure:7340: result: yes
configure:7355: checking for external symbol _system_configuration
configure:7368: arm-unknown-linux-gnueabihf-gcc -c -g -O2      conftest.c >&5
conftest.c:118:10: fatal error: sys/systemcfg.h: No such file or directory
  118 | #include <sys/systemcfg.h>
      |          ^~~~~~~~~~~~~~~~~
compilation terminated.
configure:7368: $? = 1
configure: failed program was:
| /* confdefs.h */
| #define PACKAGE_NAME ""
| #define PACKAGE_TARNAME ""
| #define PACKAGE_VERSION ""
| #define PACKAGE_STRING ""
| #define PACKAGE_BUGREPORT ""
| #define PACKAGE_URL ""
| #define STDC_HEADERS 1
| #define HAVE_SYS_TYPES_H 1
| #define HAVE_SYS_STAT_H 1
| #define HAVE_STDLIB_H 1
| #define HAVE_STRING_H 1
| #define HAVE_MEMORY_H 1
| #define HAVE_STRINGS_H 1
| #define HAVE_INTTYPES_H 1
| #define HAVE_STDINT_H 1
| #define HAVE_UNISTD_H 1
| #define __EXTENSIONS__ 1
| #define _ALL_SOURCE 1
| #define _GNU_SOURCE 1
| #define _POSIX_PTHREAD_SEMANTICS 1
| #define _TANDEM_SOURCE 1
| #define _FILE_OFFSET_BITS 64
| #define HAVE_SYS_FILE_H 1
| #define HAVE_SYS_PARAM_H 1
| #define HAVE_LIMITS_H 1
| #define HAVE_STDLIB_H 1
| #define HAVE_MALLOC_H 1
| #define HAVE_STRING_H 1
| #define HAVE_UNISTD_H 1
| #define HAVE_STRINGS_H 1
| #define HAVE_SYS_TIME_H 1
| #define HAVE_TIME_H 1
| #define HAVE_SYS_RESOURCE_H 1
| #define HAVE_SYS_STAT_H 1
| #define HAVE_SYS_MMAN_H 1
| #define HAVE_FCNTL_H 1
| #define HAVE_ALLOCA_H 1
| #define HAVE_SYS_SYSINFO_H 1
| #define HAVE_SYS_SYSCTL_H 1
| #define HAVE_STDINT_H 1
| #define HAVE_STDIO_EXT_H 1
| #define HAVE_SYS_PRCTL_H 1
| #define HAVE_SPAWN_H 1
| #define HAVE_SYS_WAIT_H 1
| #define TIME_WITH_SYS_TIME 1
| #define SIZEOF_INT 4
| #define SIZEOF_LONG 4
| #define SIZEOF_SIZE_T 4
| #define HAVE_LONG_LONG 1
| #define SIZEOF_LONG_LONG 8
| #define UNSIGNED_64BIT_TYPE uint64_t
| #define HAVE_INTPTR_T 1
| #define HAVE_UINTPTR_T 1
| #define HAVE_UINTPTR_T 1
| #define HAVE_ASPRINTF 1
| #define HAVE_ATEXIT 1
| #define HAVE_BASENAME 1
| #define HAVE_BCMP 1
| #define HAVE_BCOPY 1
| #define HAVE_BSEARCH 1
| #define HAVE_BZERO 1
| #define HAVE_CALLOC 1
| #define HAVE_CLOCK 1
| #define HAVE_FFS 1
| #define HAVE_GETCWD 1
| #define HAVE_GETPAGESIZE 1
| #define HAVE_GETTIMEOFDAY 1
| #define HAVE_INDEX 1
| #define HAVE_INSQUE 1
| #define HAVE_MEMCHR 1
| #define HAVE_MEMCMP 1
| #define HAVE_MEMCPY 1
| #define HAVE_MEMMEM 1
| #define HAVE_MEMMOVE 1
| #define HAVE_MEMPCPY 1
| #define HAVE_MEMSET 1
| #define HAVE_MKSTEMPS 1
| #define HAVE_PUTENV 1
| #define HAVE_RANDOM 1
| #define HAVE_RENAME 1
| #define HAVE_RINDEX 1
| #define HAVE_SETENV 1
| #define HAVE_SNPRINTF 1
| #define HAVE_SIGSETMASK 1
| #define HAVE_STPCPY 1
| #define HAVE_STPNCPY 1
| #define HAVE_STRCASECMP 1
| #define HAVE_STRCHR 1
| #define HAVE_STRDUP 1
| #define HAVE_STRNCASECMP 1
| #define HAVE_STRNDUP 1
| #define HAVE_STRNLEN 1
| #define HAVE_STRRCHR 1
| #define HAVE_STRSTR 1
| #define HAVE_STRTOD 1
| #define HAVE_STRTOL 1
| #define HAVE_STRTOUL 1
| #define HAVE_STRTOLL 1
| #define HAVE_STRTOULL 1
| #define HAVE_STRVERSCMP 1
| #define HAVE_TMPNAM 1
| #define HAVE_VASPRINTF 1
| #define HAVE_VFPRINTF 1
| #define HAVE_VPRINTF 1
| #define HAVE_VSNPRINTF 1
| #define HAVE_VSPRINTF 1
| #define HAVE_WAITPID 1
| #define STACK_DIRECTION 0
| #define HAVE_FORK 1
| #define HAVE_VFORK 1
| #define HAVE_WORKING_VFORK 1
| #define HAVE_WORKING_FORK 1
| #define HAVE_SYS_ERRLIST 1
| #define HAVE_SYS_NERR 1
| #define HAVE_SYS_SIGLIST 1
| /* end confdefs.h.  */
| #include <sys/systemcfg.h>
| int
| main ()
| {
| double x = _system_configuration.physmem;
|   ;
|   return 0;
| }
configure:7375: result: no
configure:7383: checking for __fsetlocking
configure:7383: arm-unknown-linux-gnueabihf-gcc -o conftest -g -O2        conftest.c  >&5
configure:7383: $? = 0
configure:7383: result: yes
configure:7383: checking for canonicalize_file_name
configure:7383: arm-unknown-linux-gnueabihf-gcc -o conftest -g -O2        conftest.c  >&5
configure:7383: $? = 0
configure:7383: result: yes
configure:7383: checking for dup3
configure:7383: arm-unknown-linux-gnueabihf-gcc -o conftest -g -O2        conftest.c  >&5
configure:7383: $? = 0
configure:7383: result: yes
configure:7383: checking for getrlimit
configure:7383: arm-unknown-linux-gnueabihf-gcc -o conftest -g -O2        conftest.c  >&5
configure:7383: $? = 0
configure:7383: result: yes
configure:7383: checking for getrusage
configure:7383: arm-unknown-linux-gnueabihf-gcc -o conftest -g -O2        conftest.c  >&5
configure:7383: $? = 0
configure:7383: result: yes
configure:7383: checking for getsysinfo
configure:7383: arm-unknown-linux-gnueabihf-gcc -o conftest -g -O2        conftest.c  >&5
/home/dev/x-tools/arm-unknown-linux-gnueabihf/lib/gcc/arm-unknown-linux-gnueabihf/9.5.0/../../../../arm-unknown-linux-gnueabihf/bin/ld: /tmp/ccQQIY8a.o: in function `main':
/home/dev/Desktop/ClaraColour/python/crosstoolsng/binutils-2.42/libiberty/conftest.c:157: undefined reference to `getsysinfo'
collect2: error: ld returned 1 exit status
configure:7383: $? = 1
configure: failed program was:
| /* confdefs.h */
| #define PACKAGE_NAME ""
| #define PACKAGE_TARNAME ""
| #define PACKAGE_VERSION ""
| #define PACKAGE_STRING ""
| #define PACKAGE_BUGREPORT ""
| #define PACKAGE_URL ""
| #define STDC_HEADERS 1
| #define HAVE_SYS_TYPES_H 1
| #define HAVE_SYS_STAT_H 1
| #define HAVE_STDLIB_H 1
| #define HAVE_STRING_H 1
| #define HAVE_MEMORY_H 1
| #define HAVE_STRINGS_H 1
| #define HAVE_INTTYPES_H 1
| #define HAVE_STDINT_H 1
| #define HAVE_UNISTD_H 1
| #define __EXTENSIONS__ 1
| #define _ALL_SOURCE 1
| #define _GNU_SOURCE 1
| #define _POSIX_PTHREAD_SEMANTICS 1
| #define _TANDEM_SOURCE 1
| #define _FILE_OFFSET_BITS 64
| #define HAVE_SYS_FILE_H 1
| #define HAVE_SYS_PARAM_H 1
| #define HAVE_LIMITS_H 1
| #define HAVE_STDLIB_H 1
| #define HAVE_MALLOC_H 1
| #define HAVE_STRING_H 1
| #define HAVE_UNISTD_H 1
| #define HAVE_STRINGS_H 1
| #define HAVE_SYS_TIME_H 1
| #define HAVE_TIME_H 1
| #define HAVE_SYS_RESOURCE_H 1
| #define HAVE_SYS_STAT_H 1
| #define HAVE_SYS_MMAN_H 1
| #define HAVE_FCNTL_H 1
| #define HAVE_ALLOCA_H 1
| #define HAVE_SYS_SYSINFO_H 1
| #define HAVE_SYS_SYSCTL_H 1
| #define HAVE_STDINT_H 1
| #define HAVE_STDIO_EXT_H 1
| #define HAVE_SYS_PRCTL_H 1
| #define HAVE_SPAWN_H 1
| #define HAVE_SYS_WAIT_H 1
| #define TIME_WITH_SYS_TIME 1
| #define SIZEOF_INT 4
| #define SIZEOF_LONG 4
| #define SIZEOF_SIZE_T 4
| #define HAVE_LONG_LONG 1
| #define SIZEOF_LONG_LONG 8
| #define UNSIGNED_64BIT_TYPE uint64_t
| #define HAVE_INTPTR_T 1
| #define HAVE_UINTPTR_T 1
| #define HAVE_UINTPTR_T 1
| #define HAVE_ASPRINTF 1
| #define HAVE_ATEXIT 1
| #define HAVE_BASENAME 1
| #define HAVE_BCMP 1
| #define HAVE_BCOPY 1
| #define HAVE_BSEARCH 1
| #define HAVE_BZERO 1
| #define HAVE_CALLOC 1
| #define HAVE_CLOCK 1
| #define HAVE_FFS 1
| #define HAVE_GETCWD 1
| #define HAVE_GETPAGESIZE 1
| #define HAVE_GETTIMEOFDAY 1
| #define HAVE_INDEX 1
| #define HAVE_INSQUE 1
| #define HAVE_MEMCHR 1
| #define HAVE_MEMCMP 1
| #define HAVE_MEMCPY 1
| #define HAVE_MEMMEM 1
| #define HAVE_MEMMOVE 1
| #define HAVE_MEMPCPY 1
| #define HAVE_MEMSET 1
| #define HAVE_MKSTEMPS 1
| #define HAVE_PUTENV 1
| #define HAVE_RANDOM 1
| #define HAVE_RENAME 1
| #define HAVE_RINDEX 1
| #define HAVE_SETENV 1
| #define HAVE_SNPRINTF 1
| #define HAVE_SIGSETMASK 1
| #define HAVE_STPCPY 1
| #define HAVE_STPNCPY 1
| #define HAVE_STRCASECMP 1
| #define HAVE_STRCHR 1
| #define HAVE_STRDUP 1
| #define HAVE_STRNCASECMP 1
| #define HAVE_STRNDUP 1
| #define HAVE_STRNLEN 1
| #define HAVE_STRRCHR 1
| #define HAVE_STRSTR 1
| #define HAVE_STRTOD 1
| #define HAVE_STRTOL 1
| #define HAVE_STRTOUL 1
| #define HAVE_STRTOLL 1
| #define HAVE_STRTOULL 1
| #define HAVE_STRVERSCMP 1
| #define HAVE_TMPNAM 1
| #define HAVE_VASPRINTF 1
| #define HAVE_VFPRINTF 1
| #define HAVE_VPRINTF 1
| #define HAVE_VSNPRINTF 1
| #define HAVE_VSPRINTF 1
| #define HAVE_WAITPID 1
| #define STACK_DIRECTION 0
| #define HAVE_FORK 1
| #define HAVE_VFORK 1
| #define HAVE_WORKING_VFORK 1
| #define HAVE_WORKING_FORK 1
| #define HAVE_SYS_ERRLIST 1
| #define HAVE_SYS_NERR 1
| #define HAVE_SYS_SIGLIST 1
| #define HAVE___FSETLOCKING 1
| #define HAVE_CANONICALIZE_FILE_NAME 1
| #define HAVE_DUP3 1
| #define HAVE_GETRLIMIT 1
| #define HAVE_GETRUSAGE 1
| /* end confdefs.h.  */
| /* Define getsysinfo to an innocuous variant, in case <limits.h> declares getsysinfo.
|    For example, HP-UX 11i <limits.h> declares gettimeofday.  */
| #define getsysinfo innocuous_getsysinfo
| 
| /* System header to define __stub macros and hopefully few prototypes,
|     which can conflict with char getsysinfo (); below.
|     Prefer <limits.h> to <assert.h> if __STDC__ is defined, since
|     <limits.h> exists even on freestanding compilers.  */
| 
| #ifdef __STDC__
| # include <limits.h>
| #else
| # include <assert.h>
| #endif
| 
| #undef getsysinfo
| 
| /* Override any GCC internal prototype to avoid an error.
|    Use char because int might match the return type of a GCC
|    builtin and then its argument prototype would still apply.  */
| #ifdef __cplusplus
| extern "C"
| #endif
| char getsysinfo ();
| /* The GNU C library defines this for functions which it implements
|     to always fail with ENOSYS.  Some functions are actually named
|     something starting with __ and the normal name is an alias.  */
| #if defined __stub_getsysinfo || defined __stub___getsysinfo
| choke me
| #endif
| 
| int
| main ()
| {
| return getsysinfo ();
|   ;
|   return 0;
| }
configure:7383: result: no
configure:7383: checking for gettimeofday
configure:7383: result: yes
configure:7383: checking for on_exit
configure:7383: arm-unknown-linux-gnueabihf-gcc -o conftest -g -O2        conftest.c  >&5
configure:7383: $? = 0
configure:7383: result: yes
configure:7383: checking for pipe2
configure:7383: arm-unknown-linux-gnueabihf-gcc -o conftest -g -O2        conftest.c  >&5
configure:7383: $? = 0
configure:7383: result: yes
configure:7383: checking for posix_spawn
configure:7383: arm-unknown-linux-gnueabihf-gcc -o conftest -g -O2        conftest.c  >&5
configure:7383: $? = 0
configure:7383: result: yes
configure:7383: checking for posix_spawnp
configure:7383: arm-unknown-linux-gnueabihf-gcc -o conftest -g -O2        conftest.c  >&5
configure:7383: $? = 0
configure:7383: result: yes
configure:7383: checking for psignal
configure:7383: arm-unknown-linux-gnueabihf-gcc -o conftest -g -O2        conftest.c  >&5
configure:7383: $? = 0
configure:7383: result: yes
configure:7383: checking for pstat_getdynamic
configure:7383: arm-unknown-linux-gnueabihf-gcc -o conftest -g -O2        conftest.c  >&5
/home/dev/x-tools/arm-unknown-linux-gnueabihf/lib/gcc/arm-unknown-linux-gnueabihf/9.5.0/../../../../arm-unknown-linux-gnueabihf/bin/ld: /tmp/ccBjxwS0.o: in function `main':
/home/dev/Desktop/ClaraColour/python/crosstoolsng/binutils-2.42/libiberty/conftest.c:163: undefined reference to `pstat_getdynamic'
collect2: error: ld returned 1 exit status
configure:7383: $? = 1
configure: failed program was:
| /* confdefs.h */
| #define PACKAGE_NAME ""
| #define PACKAGE_TARNAME ""
| #define PACKAGE_VERSION ""
| #define PACKAGE_STRING ""
| #define PACKAGE_BUGREPORT ""
| #define PACKAGE_URL ""
| #define STDC_HEADERS 1
| #define HAVE_SYS_TYPES_H 1
| #define HAVE_SYS_STAT_H 1
| #define HAVE_STDLIB_H 1
| #define HAVE_STRING_H 1
| #define HAVE_MEMORY_H 1
| #define HAVE_STRINGS_H 1
| #define HAVE_INTTYPES_H 1
| #define HAVE_STDINT_H 1
| #define HAVE_UNISTD_H 1
| #define __EXTENSIONS__ 1
| #define _ALL_SOURCE 1
| #define _GNU_SOURCE 1
| #define _POSIX_PTHREAD_SEMANTICS 1
| #define _TANDEM_SOURCE 1
| #define _FILE_OFFSET_BITS 64
| #define HAVE_SYS_FILE_H 1
| #define HAVE_SYS_PARAM_H 1
| #define HAVE_LIMITS_H 1
| #define HAVE_STDLIB_H 1
| #define HAVE_MALLOC_H 1
| #define HAVE_STRING_H 1
| #define HAVE_UNISTD_H 1
| #define HAVE_STRINGS_H 1
| #define HAVE_SYS_TIME_H 1
| #define HAVE_TIME_H 1
| #define HAVE_SYS_RESOURCE_H 1
| #define HAVE_SYS_STAT_H 1
| #define HAVE_SYS_MMAN_H 1
| #define HAVE_FCNTL_H 1
| #define HAVE_ALLOCA_H 1
| #define HAVE_SYS_SYSINFO_H 1
| #define HAVE_SYS_SYSCTL_H 1
| #define HAVE_STDINT_H 1
| #define HAVE_STDIO_EXT_H 1
| #define HAVE_SYS_PRCTL_H 1
| #define HAVE_SPAWN_H 1
| #define HAVE_SYS_WAIT_H 1
| #define TIME_WITH_SYS_TIME 1
| #define SIZEOF_INT 4
| #define SIZEOF_LONG 4
| #define SIZEOF_SIZE_T 4
| #define HAVE_LONG_LONG 1
| #define SIZEOF_LONG_LONG 8
| #define UNSIGNED_64BIT_TYPE uint64_t
| #define HAVE_INTPTR_T 1
| #define HAVE_UINTPTR_T 1
| #define HAVE_UINTPTR_T 1
| #define HAVE_ASPRINTF 1
| #define HAVE_ATEXIT 1
| #define HAVE_BASENAME 1
| #define HAVE_BCMP 1
| #define HAVE_BCOPY 1
| #define HAVE_BSEARCH 1
| #define HAVE_BZERO 1
| #define HAVE_CALLOC 1
| #define HAVE_CLOCK 1
| #define HAVE_FFS 1
| #define HAVE_GETCWD 1
| #define HAVE_GETPAGESIZE 1
| #define HAVE_GETTIMEOFDAY 1
| #define HAVE_INDEX 1
| #define HAVE_INSQUE 1
| #define HAVE_MEMCHR 1
| #define HAVE_MEMCMP 1
| #define HAVE_MEMCPY 1
| #define HAVE_MEMMEM 1
| #define HAVE_MEMMOVE 1
| #define HAVE_MEMPCPY 1
| #define HAVE_MEMSET 1
| #define HAVE_MKSTEMPS 1
| #define HAVE_PUTENV 1
| #define HAVE_RANDOM 1
| #define HAVE_RENAME 1
| #define HAVE_RINDEX 1
| #define HAVE_SETENV 1
| #define HAVE_SNPRINTF 1
| #define HAVE_SIGSETMASK 1
| #define HAVE_STPCPY 1
| #define HAVE_STPNCPY 1
| #define HAVE_STRCASECMP 1
| #define HAVE_STRCHR 1
| #define HAVE_STRDUP 1
| #define HAVE_STRNCASECMP 1
| #define HAVE_STRNDUP 1
| #define HAVE_STRNLEN 1
| #define HAVE_STRRCHR 1
| #define HAVE_STRSTR 1
| #define HAVE_STRTOD 1
| #define HAVE_STRTOL 1
| #define HAVE_STRTOUL 1
| #define HAVE_STRTOLL 1
| #define HAVE_STRTOULL 1
| #define HAVE_STRVERSCMP 1
| #define HAVE_TMPNAM 1
| #define HAVE_VASPRINTF 1
| #define HAVE_VFPRINTF 1
| #define HAVE_VPRINTF 1
| #define HAVE_VSNPRINTF 1
| #define HAVE_VSPRINTF 1
| #define HAVE_WAITPID 1
| #define STACK_DIRECTION 0
| #define HAVE_FORK 1
| #define HAVE_VFORK 1
| #define HAVE_WORKING_VFORK 1
| #define HAVE_WORKING_FORK 1
| #define HAVE_SYS_ERRLIST 1
| #define HAVE_SYS_NERR 1
| #define HAVE_SYS_SIGLIST 1
| #define HAVE___FSETLOCKING 1
| #define HAVE_CANONICALIZE_FILE_NAME 1
| #define HAVE_DUP3 1
| #define HAVE_GETRLIMIT 1
| #define HAVE_GETRUSAGE 1
| #define HAVE_GETTIMEOFDAY 1
| #define HAVE_ON_EXIT 1
| #define HAVE_PIPE2 1
| #define HAVE_POSIX_SPAWN 1
| #define HAVE_POSIX_SPAWNP 1
| #define HAVE_PSIGNAL 1
| /* end confdefs.h.  */
| /* Define pstat_getdynamic to an innocuous variant, in case <limits.h> declares pstat_getdynamic.
|    For example, HP-UX 11i <limits.h> declares gettimeofday.  */
| #define pstat_getdynamic innocuous_pstat_getdynamic
| 
| /* System header to define __stub macros and hopefully few prototypes,
|     which can conflict with char pstat_getdynamic (); below.
|     Prefer <limits.h> to <assert.h> if __STDC__ is defined, since
|     <limits.h> exists even on freestanding compilers.  */
| 
| #ifdef __STDC__
| # include <limits.h>
| #else
| # include <assert.h>
| #endif
| 
| #undef pstat_getdynamic
| 
| /* Override any GCC internal prototype to avoid an error.
|    Use char because int might match the return type of a GCC
|    builtin and then its argument prototype would still apply.  */
| #ifdef __cplusplus
| extern "C"
| #endif
| char pstat_getdynamic ();
| /* The GNU C library defines this for functions which it implements
|     to always fail with ENOSYS.  Some functions are actually named
|     something starting with __ and the normal name is an alias.  */
| #if defined __stub_pstat_getdynamic || defined __stub___pstat_getdynamic
| choke me
| #endif
| 
| int
| main ()
| {
| return pstat_getdynamic ();
|   ;
|   return 0;
| }
configure:7383: result: no
configure:7383: checking for pstat_getstatic
configure:7383: arm-unknown-linux-gnueabihf-gcc -o conftest -g -O2        conftest.c  >&5
/home/dev/x-tools/arm-unknown-linux-gnueabihf/lib/gcc/arm-unknown-linux-gnueabihf/9.5.0/../../../../arm-unknown-linux-gnueabihf/bin/ld: /tmp/ccyJ6Swt.o: in function `main':
/home/dev/Desktop/ClaraColour/python/crosstoolsng/binutils-2.42/libiberty/conftest.c:163: undefined reference to `pstat_getstatic'
collect2: error: ld returned 1 exit status
configure:7383: $? = 1
configure: failed program was:
| /* confdefs.h */
| #define PACKAGE_NAME ""
| #define PACKAGE_TARNAME ""
| #define PACKAGE_VERSION ""
| #define PACKAGE_STRING ""
| #define PACKAGE_BUGREPORT ""
| #define PACKAGE_URL ""
| #define STDC_HEADERS 1
| #define HAVE_SYS_TYPES_H 1
| #define HAVE_SYS_STAT_H 1
| #define HAVE_STDLIB_H 1
| #define HAVE_STRING_H 1
| #define HAVE_MEMORY_H 1
| #define HAVE_STRINGS_H 1
| #define HAVE_INTTYPES_H 1
| #define HAVE_STDINT_H 1
| #define HAVE_UNISTD_H 1
| #define __EXTENSIONS__ 1
| #define _ALL_SOURCE 1
| #define _GNU_SOURCE 1
| #define _POSIX_PTHREAD_SEMANTICS 1
| #define _TANDEM_SOURCE 1
| #define _FILE_OFFSET_BITS 64
| #define HAVE_SYS_FILE_H 1
| #define HAVE_SYS_PARAM_H 1
| #define HAVE_LIMITS_H 1
| #define HAVE_STDLIB_H 1
| #define HAVE_MALLOC_H 1
| #define HAVE_STRING_H 1
| #define HAVE_UNISTD_H 1
| #define HAVE_STRINGS_H 1
| #define HAVE_SYS_TIME_H 1
| #define HAVE_TIME_H 1
| #define HAVE_SYS_RESOURCE_H 1
| #define HAVE_SYS_STAT_H 1
| #define HAVE_SYS_MMAN_H 1
| #define HAVE_FCNTL_H 1
| #define HAVE_ALLOCA_H 1
| #define HAVE_SYS_SYSINFO_H 1
| #define HAVE_SYS_SYSCTL_H 1
| #define HAVE_STDINT_H 1
| #define HAVE_STDIO_EXT_H 1
| #define HAVE_SYS_PRCTL_H 1
| #define HAVE_SPAWN_H 1
| #define HAVE_SYS_WAIT_H 1
| #define TIME_WITH_SYS_TIME 1
| #define SIZEOF_INT 4
| #define SIZEOF_LONG 4
| #define SIZEOF_SIZE_T 4
| #define HAVE_LONG_LONG 1
| #define SIZEOF_LONG_LONG 8
| #define UNSIGNED_64BIT_TYPE uint64_t
| #define HAVE_INTPTR_T 1
| #define HAVE_UINTPTR_T 1
| #define HAVE_UINTPTR_T 1
| #define HAVE_ASPRINTF 1
| #define HAVE_ATEXIT 1
| #define HAVE_BASENAME 1
| #define HAVE_BCMP 1
| #define HAVE_BCOPY 1
| #define HAVE_BSEARCH 1
| #define HAVE_BZERO 1
| #define HAVE_CALLOC 1
| #define HAVE_CLOCK 1
| #define HAVE_FFS 1
| #define HAVE_GETCWD 1
| #define HAVE_GETPAGESIZE 1
| #define HAVE_GETTIMEOFDAY 1
| #define HAVE_INDEX 1
| #define HAVE_INSQUE 1
| #define HAVE_MEMCHR 1
| #define HAVE_MEMCMP 1
| #define HAVE_MEMCPY 1
| #define HAVE_MEMMEM 1
| #define HAVE_MEMMOVE 1
| #define HAVE_MEMPCPY 1
| #define HAVE_MEMSET 1
| #define HAVE_MKSTEMPS 1
| #define HAVE_PUTENV 1
| #define HAVE_RANDOM 1
| #define HAVE_RENAME 1
| #define HAVE_RINDEX 1
| #define HAVE_SETENV 1
| #define HAVE_SNPRINTF 1
| #define HAVE_SIGSETMASK 1
| #define HAVE_STPCPY 1
| #define HAVE_STPNCPY 1
| #define HAVE_STRCASECMP 1
| #define HAVE_STRCHR 1
| #define HAVE_STRDUP 1
| #define HAVE_STRNCASECMP 1
| #define HAVE_STRNDUP 1
| #define HAVE_STRNLEN 1
| #define HAVE_STRRCHR 1
| #define HAVE_STRSTR 1
| #define HAVE_STRTOD 1
| #define HAVE_STRTOL 1
| #define HAVE_STRTOUL 1
| #define HAVE_STRTOLL 1
| #define HAVE_STRTOULL 1
| #define HAVE_STRVERSCMP 1
| #define HAVE_TMPNAM 1
| #define HAVE_VASPRINTF 1
| #define HAVE_VFPRINTF 1
| #define HAVE_VPRINTF 1
| #define HAVE_VSNPRINTF 1
| #define HAVE_VSPRINTF 1
| #define HAVE_WAITPID 1
| #define STACK_DIRECTION 0
| #define HAVE_FORK 1
| #define HAVE_VFORK 1
| #define HAVE_WORKING_VFORK 1
| #define HAVE_WORKING_FORK 1
| #define HAVE_SYS_ERRLIST 1
| #define HAVE_SYS_NERR 1
| #define HAVE_SYS_SIGLIST 1
| #define HAVE___FSETLOCKING 1
| #define HAVE_CANONICALIZE_FILE_NAME 1
| #define HAVE_DUP3 1
| #define HAVE_GETRLIMIT 1
| #define HAVE_GETRUSAGE 1
| #define HAVE_GETTIMEOFDAY 1
| #define HAVE_ON_EXIT 1
| #define HAVE_PIPE2 1
| #define HAVE_POSIX_SPAWN 1
| #define HAVE_POSIX_SPAWNP 1
| #define HAVE_PSIGNAL 1
| /* end confdefs.h.  */
| /* Define pstat_getstatic to an innocuous variant, in case <limits.h> declares pstat_getstatic.
|    For example, HP-UX 11i <limits.h> declares gettimeofday.  */
| #define pstat_getstatic innocuous_pstat_getstatic
| 
| /* System header to define __stub macros and hopefully few prototypes,
|     which can conflict with char pstat_getstatic (); below.
|     Prefer <limits.h> to <assert.h> if __STDC__ is defined, since
|     <limits.h> exists even on freestanding compilers.  */
| 
| #ifdef __STDC__
| # include <limits.h>
| #else
| # include <assert.h>
| #endif
| 
| #undef pstat_getstatic
| 
| /* Override any GCC internal prototype to avoid an error.
|    Use char because int might match the return type of a GCC
|    builtin and then its argument prototype would still apply.  */
| #ifdef __cplusplus
| extern "C"
| #endif
| char pstat_getstatic ();
| /* The GNU C library defines this for functions which it implements
|     to always fail with ENOSYS.  Some functions are actually named
|     something starting with __ and the normal name is an alias.  */
| #if defined __stub_pstat_getstatic || defined __stub___pstat_getstatic
| choke me
| #endif
| 
| int
| main ()
| {
| return pstat_getstatic ();
|   ;
|   return 0;
| }
configure:7383: result: no
configure:7383: checking for realpath
configure:7383: arm-unknown-linux-gnueabihf-gcc -o conftest -g -O2        conftest.c  >&5
configure:7383: $? = 0
configure:7383: result: yes
configure:7383: checking for setrlimit
configure:7383: arm-unknown-linux-gnueabihf-gcc -o conftest -g -O2        conftest.c  >&5
configure:7383: $? = 0
configure:7383: result: yes
configure:7383: checking for spawnve
configure:7383: arm-unknown-linux-gnueabihf-gcc -o conftest -g -O2        conftest.c  >&5
/home/dev/x-tools/arm-unknown-linux-gnueabihf/lib/gcc/arm-unknown-linux-gnueabihf/9.5.0/../../../../arm-unknown-linux-gnueabihf/bin/ld: /tmp/ccxapp80.o: in function `main':
/home/dev/Desktop/ClaraColour/python/crosstoolsng/binutils-2.42/libiberty/conftest.c:165: undefined reference to `spawnve'
collect2: error: ld returned 1 exit status
configure:7383: $? = 1
configure: failed program was:
| /* confdefs.h */
| #define PACKAGE_NAME ""
| #define PACKAGE_TARNAME ""
| #define PACKAGE_VERSION ""
| #define PACKAGE_STRING ""
| #define PACKAGE_BUGREPORT ""
| #define PACKAGE_URL ""
| #define STDC_HEADERS 1
| #define HAVE_SYS_TYPES_H 1
| #define HAVE_SYS_STAT_H 1
| #define HAVE_STDLIB_H 1
| #define HAVE_STRING_H 1
| #define HAVE_MEMORY_H 1
| #define HAVE_STRINGS_H 1
| #define HAVE_INTTYPES_H 1
| #define HAVE_STDINT_H 1
| #define HAVE_UNISTD_H 1
| #define __EXTENSIONS__ 1
| #define _ALL_SOURCE 1
| #define _GNU_SOURCE 1
| #define _POSIX_PTHREAD_SEMANTICS 1
| #define _TANDEM_SOURCE 1
| #define _FILE_OFFSET_BITS 64
| #define HAVE_SYS_FILE_H 1
| #define HAVE_SYS_PARAM_H 1
| #define HAVE_LIMITS_H 1
| #define HAVE_STDLIB_H 1
| #define HAVE_MALLOC_H 1
| #define HAVE_STRING_H 1
| #define HAVE_UNISTD_H 1
| #define HAVE_STRINGS_H 1
| #define HAVE_SYS_TIME_H 1
| #define HAVE_TIME_H 1
| #define HAVE_SYS_RESOURCE_H 1
| #define HAVE_SYS_STAT_H 1
| #define HAVE_SYS_MMAN_H 1
| #define HAVE_FCNTL_H 1
| #define HAVE_ALLOCA_H 1
| #define HAVE_SYS_SYSINFO_H 1
| #define HAVE_SYS_SYSCTL_H 1
| #define HAVE_STDINT_H 1
| #define HAVE_STDIO_EXT_H 1
| #define HAVE_SYS_PRCTL_H 1
| #define HAVE_SPAWN_H 1
| #define HAVE_SYS_WAIT_H 1
| #define TIME_WITH_SYS_TIME 1
| #define SIZEOF_INT 4
| #define SIZEOF_LONG 4
| #define SIZEOF_SIZE_T 4
| #define HAVE_LONG_LONG 1
| #define SIZEOF_LONG_LONG 8
| #define UNSIGNED_64BIT_TYPE uint64_t
| #define HAVE_INTPTR_T 1
| #define HAVE_UINTPTR_T 1
| #define HAVE_UINTPTR_T 1
| #define HAVE_ASPRINTF 1
| #define HAVE_ATEXIT 1
| #define HAVE_BASENAME 1
| #define HAVE_BCMP 1
| #define HAVE_BCOPY 1
| #define HAVE_BSEARCH 1
| #define HAVE_BZERO 1
| #define HAVE_CALLOC 1
| #define HAVE_CLOCK 1
| #define HAVE_FFS 1
| #define HAVE_GETCWD 1
| #define HAVE_GETPAGESIZE 1
| #define HAVE_GETTIMEOFDAY 1
| #define HAVE_INDEX 1
| #define HAVE_INSQUE 1
| #define HAVE_MEMCHR 1
| #define HAVE_MEMCMP 1
| #define HAVE_MEMCPY 1
| #define HAVE_MEMMEM 1
| #define HAVE_MEMMOVE 1
| #define HAVE_MEMPCPY 1
| #define HAVE_MEMSET 1
| #define HAVE_MKSTEMPS 1
| #define HAVE_PUTENV 1
| #define HAVE_RANDOM 1
| #define HAVE_RENAME 1
| #define HAVE_RINDEX 1
| #define HAVE_SETENV 1
| #define HAVE_SNPRINTF 1
| #define HAVE_SIGSETMASK 1
| #define HAVE_STPCPY 1
| #define HAVE_STPNCPY 1
| #define HAVE_STRCASECMP 1
| #define HAVE_STRCHR 1
| #define HAVE_STRDUP 1
| #define HAVE_STRNCASECMP 1
| #define HAVE_STRNDUP 1
| #define HAVE_STRNLEN 1
| #define HAVE_STRRCHR 1
| #define HAVE_STRSTR 1
| #define HAVE_STRTOD 1
| #define HAVE_STRTOL 1
| #define HAVE_STRTOUL 1
| #define HAVE_STRTOLL 1
| #define HAVE_STRTOULL 1
| #define HAVE_STRVERSCMP 1
| #define HAVE_TMPNAM 1
| #define HAVE_VASPRINTF 1
| #define HAVE_VFPRINTF 1
| #define HAVE_VPRINTF 1
| #define HAVE_VSNPRINTF 1
| #define HAVE_VSPRINTF 1
| #define HAVE_WAITPID 1
| #define STACK_DIRECTION 0
| #define HAVE_FORK 1
| #define HAVE_VFORK 1
| #define HAVE_WORKING_VFORK 1
| #define HAVE_WORKING_FORK 1
| #define HAVE_SYS_ERRLIST 1
| #define HAVE_SYS_NERR 1
| #define HAVE_SYS_SIGLIST 1
| #define HAVE___FSETLOCKING 1
| #define HAVE_CANONICALIZE_FILE_NAME 1
| #define HAVE_DUP3 1
| #define HAVE_GETRLIMIT 1
| #define HAVE_GETRUSAGE 1
| #define HAVE_GETTIMEOFDAY 1
| #define HAVE_ON_EXIT 1
| #define HAVE_PIPE2 1
| #define HAVE_POSIX_SPAWN 1
| #define HAVE_POSIX_SPAWNP 1
| #define HAVE_PSIGNAL 1
| #define HAVE_REALPATH 1
| #define HAVE_SETRLIMIT 1
| /* end confdefs.h.  */
| /* Define spawnve to an innocuous variant, in case <limits.h> declares spawnve.
|    For example, HP-UX 11i <limits.h> declares gettimeofday.  */
| #define spawnve innocuous_spawnve
| 
| /* System header to define __stub macros and hopefully few prototypes,
|     which can conflict with char spawnve (); below.
|     Prefer <limits.h> to <assert.h> if __STDC__ is defined, since
|     <limits.h> exists even on freestanding compilers.  */
| 
| #ifdef __STDC__
| # include <limits.h>
| #else
| # include <assert.h>
| #endif
| 
| #undef spawnve
| 
| /* Override any GCC internal prototype to avoid an error.
|    Use char because int might match the return type of a GCC
|    builtin and then its argument prototype would still apply.  */
| #ifdef __cplusplus
| extern "C"
| #endif
| char spawnve ();
| /* The GNU C library defines this for functions which it implements
|     to always fail with ENOSYS.  Some functions are actually named
|     something starting with __ and the normal name is an alias.  */
| #if defined __stub_spawnve || defined __stub___spawnve
| choke me
| #endif
| 
| int
| main ()
| {
| return spawnve ();
|   ;
|   return 0;
| }
configure:7383: result: no
configure:7383: checking for spawnvpe
configure:7383: arm-unknown-linux-gnueabihf-gcc -o conftest -g -O2        conftest.c  >&5
/home/dev/x-tools/arm-unknown-linux-gnueabihf/lib/gcc/arm-unknown-linux-gnueabihf/9.5.0/../../../../arm-unknown-linux-gnueabihf/bin/ld: /tmp/ccHwBVPz.o: in function `main':
/home/dev/Desktop/ClaraColour/python/crosstoolsng/binutils-2.42/libiberty/conftest.c:165: undefined reference to `spawnvpe'
collect2: error: ld returned 1 exit status
configure:7383: $? = 1
configure: failed program was:
| /* confdefs.h */
| #define PACKAGE_NAME ""
| #define PACKAGE_TARNAME ""
| #define PACKAGE_VERSION ""
| #define PACKAGE_STRING ""
| #define PACKAGE_BUGREPORT ""
| #define PACKAGE_URL ""
| #define STDC_HEADERS 1
| #define HAVE_SYS_TYPES_H 1
| #define HAVE_SYS_STAT_H 1
| #define HAVE_STDLIB_H 1
| #define HAVE_STRING_H 1
| #define HAVE_MEMORY_H 1
| #define HAVE_STRINGS_H 1
| #define HAVE_INTTYPES_H 1
| #define HAVE_STDINT_H 1
| #define HAVE_UNISTD_H 1
| #define __EXTENSIONS__ 1
| #define _ALL_SOURCE 1
| #define _GNU_SOURCE 1
| #define _POSIX_PTHREAD_SEMANTICS 1
| #define _TANDEM_SOURCE 1
| #define _FILE_OFFSET_BITS 64
| #define HAVE_SYS_FILE_H 1
| #define HAVE_SYS_PARAM_H 1
| #define HAVE_LIMITS_H 1
| #define HAVE_STDLIB_H 1
| #define HAVE_MALLOC_H 1
| #define HAVE_STRING_H 1
| #define HAVE_UNISTD_H 1
| #define HAVE_STRINGS_H 1
| #define HAVE_SYS_TIME_H 1
| #define HAVE_TIME_H 1
| #define HAVE_SYS_RESOURCE_H 1
| #define HAVE_SYS_STAT_H 1
| #define HAVE_SYS_MMAN_H 1
| #define HAVE_FCNTL_H 1
| #define HAVE_ALLOCA_H 1
| #define HAVE_SYS_SYSINFO_H 1
| #define HAVE_SYS_SYSCTL_H 1
| #define HAVE_STDINT_H 1
| #define HAVE_STDIO_EXT_H 1
| #define HAVE_SYS_PRCTL_H 1
| #define HAVE_SPAWN_H 1
| #define HAVE_SYS_WAIT_H 1
| #define TIME_WITH_SYS_TIME 1
| #define SIZEOF_INT 4
| #define SIZEOF_LONG 4
| #define SIZEOF_SIZE_T 4
| #define HAVE_LONG_LONG 1
| #define SIZEOF_LONG_LONG 8
| #define UNSIGNED_64BIT_TYPE uint64_t
| #define HAVE_INTPTR_T 1
| #define HAVE_UINTPTR_T 1
| #define HAVE_UINTPTR_T 1
| #define HAVE_ASPRINTF 1
| #define HAVE_ATEXIT 1
| #define HAVE_BASENAME 1
| #define HAVE_BCMP 1
| #define HAVE_BCOPY 1
| #define HAVE_BSEARCH 1
| #define HAVE_BZERO 1
| #define HAVE_CALLOC 1
| #define HAVE_CLOCK 1
| #define HAVE_FFS 1
| #define HAVE_GETCWD 1
| #define HAVE_GETPAGESIZE 1
| #define HAVE_GETTIMEOFDAY 1
| #define HAVE_INDEX 1
| #define HAVE_INSQUE 1
| #define HAVE_MEMCHR 1
| #define HAVE_MEMCMP 1
| #define HAVE_MEMCPY 1
| #define HAVE_MEMMEM 1
| #define HAVE_MEMMOVE 1
| #define HAVE_MEMPCPY 1
| #define HAVE_MEMSET 1
| #define HAVE_MKSTEMPS 1
| #define HAVE_PUTENV 1
| #define HAVE_RANDOM 1
| #define HAVE_RENAME 1
| #define HAVE_RINDEX 1
| #define HAVE_SETENV 1
| #define HAVE_SNPRINTF 1
| #define HAVE_SIGSETMASK 1
| #define HAVE_STPCPY 1
| #define HAVE_STPNCPY 1
| #define HAVE_STRCASECMP 1
| #define HAVE_STRCHR 1
| #define HAVE_STRDUP 1
| #define HAVE_STRNCASECMP 1
| #define HAVE_STRNDUP 1
| #define HAVE_STRNLEN 1
| #define HAVE_STRRCHR 1
| #define HAVE_STRSTR 1
| #define HAVE_STRTOD 1
| #define HAVE_STRTOL 1
| #define HAVE_STRTOUL 1
| #define HAVE_STRTOLL 1
| #define HAVE_STRTOULL 1
| #define HAVE_STRVERSCMP 1
| #define HAVE_TMPNAM 1
| #define HAVE_VASPRINTF 1
| #define HAVE_VFPRINTF 1
| #define HAVE_VPRINTF 1
| #define HAVE_VSNPRINTF 1
| #define HAVE_VSPRINTF 1
| #define HAVE_WAITPID 1
| #define STACK_DIRECTION 0
| #define HAVE_FORK 1
| #define HAVE_VFORK 1
| #define HAVE_WORKING_VFORK 1
| #define HAVE_WORKING_FORK 1
| #define HAVE_SYS_ERRLIST 1
| #define HAVE_SYS_NERR 1
| #define HAVE_SYS_SIGLIST 1
| #define HAVE___FSETLOCKING 1
| #define HAVE_CANONICALIZE_FILE_NAME 1
| #define HAVE_DUP3 1
| #define HAVE_GETRLIMIT 1
| #define HAVE_GETRUSAGE 1
| #define HAVE_GETTIMEOFDAY 1
| #define HAVE_ON_EXIT 1
| #define HAVE_PIPE2 1
| #define HAVE_POSIX_SPAWN 1
| #define HAVE_POSIX_SPAWNP 1
| #define HAVE_PSIGNAL 1
| #define HAVE_REALPATH 1
| #define HAVE_SETRLIMIT 1
| /* end confdefs.h.  */
| /* Define spawnvpe to an innocuous variant, in case <limits.h> declares spawnvpe.
|    For example, HP-UX 11i <limits.h> declares gettimeofday.  */
| #define spawnvpe innocuous_spawnvpe
| 
| /* System header to define __stub macros and hopefully few prototypes,
|     which can conflict with char spawnvpe (); below.
|     Prefer <limits.h> to <assert.h> if __STDC__ is defined, since
|     <limits.h> exists even on freestanding compilers.  */
| 
| #ifdef __STDC__
| # include <limits.h>
| #else
| # include <assert.h>
| #endif
| 
| #undef spawnvpe
| 
| /* Override any GCC internal prototype to avoid an error.
|    Use char because int might match the return type of a GCC
|    builtin and then its argument prototype would still apply.  */
| #ifdef __cplusplus
| extern "C"
| #endif
| char spawnvpe ();
| /* The GNU C library defines this for functions which it implements
|     to always fail with ENOSYS.  Some functions are actually named
|     something starting with __ and the normal name is an alias.  */
| #if defined __stub_spawnvpe || defined __stub___spawnvpe
| choke me
| #endif
| 
| int
| main ()
| {
| return spawnvpe ();
|   ;
|   return 0;
| }
configure:7383: result: no
configure:7383: checking for strerror
configure:7383: arm-unknown-linux-gnueabihf-gcc -o conftest -g -O2        conftest.c  >&5
configure:7383: $? = 0
configure:7383: result: yes
configure:7383: checking for strsignal
configure:7383: arm-unknown-linux-gnueabihf-gcc -o conftest -g -O2        conftest.c  >&5
configure:7383: $? = 0
configure:7383: result: yes
configure:7383: checking for sysconf
configure:7383: arm-unknown-linux-gnueabihf-gcc -o conftest -g -O2        conftest.c  >&5
configure:7383: $? = 0
configure:7383: result: yes
configure:7383: checking for sysctl
configure:7383: arm-unknown-linux-gnueabihf-gcc -o conftest -g -O2        conftest.c  >&5
configure:7383: $? = 0
configure:7383: result: yes
configure:7383: checking for sysmp
configure:7383: arm-unknown-linux-gnueabihf-gcc -o conftest -g -O2        conftest.c  >&5
/home/dev/x-tools/arm-unknown-linux-gnueabihf/lib/gcc/arm-unknown-linux-gnueabihf/9.5.0/../../../../arm-unknown-linux-gnueabihf/bin/ld: /tmp/ccJa63e2.o: in function `main':
/home/dev/Desktop/ClaraColour/python/crosstoolsng/binutils-2.42/libiberty/conftest.c:169: undefined reference to `sysmp'
collect2: error: ld returned 1 exit status
configure:7383: $? = 1
configure: failed program was:
| /* confdefs.h */
| #define PACKAGE_NAME ""
| #define PACKAGE_TARNAME ""
| #define PACKAGE_VERSION ""
| #define PACKAGE_STRING ""
| #define PACKAGE_BUGREPORT ""
| #define PACKAGE_URL ""
| #define STDC_HEADERS 1
| #define HAVE_SYS_TYPES_H 1
| #define HAVE_SYS_STAT_H 1
| #define HAVE_STDLIB_H 1
| #define HAVE_STRING_H 1
| #define HAVE_MEMORY_H 1
| #define HAVE_STRINGS_H 1
| #define HAVE_INTTYPES_H 1
| #define HAVE_STDINT_H 1
| #define HAVE_UNISTD_H 1
| #define __EXTENSIONS__ 1
| #define _ALL_SOURCE 1
| #define _GNU_SOURCE 1
| #define _POSIX_PTHREAD_SEMANTICS 1
| #define _TANDEM_SOURCE 1
| #define _FILE_OFFSET_BITS 64
| #define HAVE_SYS_FILE_H 1
| #define HAVE_SYS_PARAM_H 1
| #define HAVE_LIMITS_H 1
| #define HAVE_STDLIB_H 1
| #define HAVE_MALLOC_H 1
| #define HAVE_STRING_H 1
| #define HAVE_UNISTD_H 1
| #define HAVE_STRINGS_H 1
| #define HAVE_SYS_TIME_H 1
| #define HAVE_TIME_H 1
| #define HAVE_SYS_RESOURCE_H 1
| #define HAVE_SYS_STAT_H 1
| #define HAVE_SYS_MMAN_H 1
| #define HAVE_FCNTL_H 1
| #define HAVE_ALLOCA_H 1
| #define HAVE_SYS_SYSINFO_H 1
| #define HAVE_SYS_SYSCTL_H 1
| #define HAVE_STDINT_H 1
| #define HAVE_STDIO_EXT_H 1
| #define HAVE_SYS_PRCTL_H 1
| #define HAVE_SPAWN_H 1
| #define HAVE_SYS_WAIT_H 1
| #define TIME_WITH_SYS_TIME 1
| #define SIZEOF_INT 4
| #define SIZEOF_LONG 4
| #define SIZEOF_SIZE_T 4
| #define HAVE_LONG_LONG 1
| #define SIZEOF_LONG_LONG 8
| #define UNSIGNED_64BIT_TYPE uint64_t
| #define HAVE_INTPTR_T 1
| #define HAVE_UINTPTR_T 1
| #define HAVE_UINTPTR_T 1
| #define HAVE_ASPRINTF 1
| #define HAVE_ATEXIT 1
| #define HAVE_BASENAME 1
| #define HAVE_BCMP 1
| #define HAVE_BCOPY 1
| #define HAVE_BSEARCH 1
| #define HAVE_BZERO 1
| #define HAVE_CALLOC 1
| #define HAVE_CLOCK 1
| #define HAVE_FFS 1
| #define HAVE_GETCWD 1
| #define HAVE_GETPAGESIZE 1
| #define HAVE_GETTIMEOFDAY 1
| #define HAVE_INDEX 1
| #define HAVE_INSQUE 1
| #define HAVE_MEMCHR 1
| #define HAVE_MEMCMP 1
| #define HAVE_MEMCPY 1
| #define HAVE_MEMMEM 1
| #define HAVE_MEMMOVE 1
| #define HAVE_MEMPCPY 1
| #define HAVE_MEMSET 1
| #define HAVE_MKSTEMPS 1
| #define HAVE_PUTENV 1
| #define HAVE_RANDOM 1
| #define HAVE_RENAME 1
| #define HAVE_RINDEX 1
| #define HAVE_SETENV 1
| #define HAVE_SNPRINTF 1
| #define HAVE_SIGSETMASK 1
| #define HAVE_STPCPY 1
| #define HAVE_STPNCPY 1
| #define HAVE_STRCASECMP 1
| #define HAVE_STRCHR 1
| #define HAVE_STRDUP 1
| #define HAVE_STRNCASECMP 1
| #define HAVE_STRNDUP 1
| #define HAVE_STRNLEN 1
| #define HAVE_STRRCHR 1
| #define HAVE_STRSTR 1
| #define HAVE_STRTOD 1
| #define HAVE_STRTOL 1
| #define HAVE_STRTOUL 1
| #define HAVE_STRTOLL 1
| #define HAVE_STRTOULL 1
| #define HAVE_STRVERSCMP 1
| #define HAVE_TMPNAM 1
| #define HAVE_VASPRINTF 1
| #define HAVE_VFPRINTF 1
| #define HAVE_VPRINTF 1
| #define HAVE_VSNPRINTF 1
| #define HAVE_VSPRINTF 1
| #define HAVE_WAITPID 1
| #define STACK_DIRECTION 0
| #define HAVE_FORK 1
| #define HAVE_VFORK 1
| #define HAVE_WORKING_VFORK 1
| #define HAVE_WORKING_FORK 1
| #define HAVE_SYS_ERRLIST 1
| #define HAVE_SYS_NERR 1
| #define HAVE_SYS_SIGLIST 1
| #define HAVE___FSETLOCKING 1
| #define HAVE_CANONICALIZE_FILE_NAME 1
| #define HAVE_DUP3 1
| #define HAVE_GETRLIMIT 1
| #define HAVE_GETRUSAGE 1
| #define HAVE_GETTIMEOFDAY 1
| #define HAVE_ON_EXIT 1
| #define HAVE_PIPE2 1
| #define HAVE_POSIX_SPAWN 1
| #define HAVE_POSIX_SPAWNP 1
| #define HAVE_PSIGNAL 1
| #define HAVE_REALPATH 1
| #define HAVE_SETRLIMIT 1
| #define HAVE_STRERROR 1
| #define HAVE_STRSIGNAL 1
| #define HAVE_SYSCONF 1
| #define HAVE_SYSCTL 1
| /* end confdefs.h.  */
| /* Define sysmp to an innocuous variant, in case <limits.h> declares sysmp.
|    For example, HP-UX 11i <limits.h> declares gettimeofday.  */
| #define sysmp innocuous_sysmp
| 
| /* System header to define __stub macros and hopefully few prototypes,
|     which can conflict with char sysmp (); below.
|     Prefer <limits.h> to <assert.h> if __STDC__ is defined, since
|     <limits.h> exists even on freestanding compilers.  */
| 
| #ifdef __STDC__
| # include <limits.h>
| #else
| # include <assert.h>
| #endif
| 
| #undef sysmp
| 
| /* Override any GCC internal prototype to avoid an error.
|    Use char because int might match the return type of a GCC
|    builtin and then its argument prototype would still apply.  */
| #ifdef __cplusplus
| extern "C"
| #endif
| char sysmp ();
| /* The GNU C library defines this for functions which it implements
|     to always fail with ENOSYS.  Some functions are actually named
|     something starting with __ and the normal name is an alias.  */
| #if defined __stub_sysmp || defined __stub___sysmp
| choke me
| #endif
| 
| int
| main ()
| {
| return sysmp ();
|   ;
|   return 0;
| }
configure:7383: result: no
configure:7383: checking for table
configure:7383: arm-unknown-linux-gnueabihf-gcc -o conftest -g -O2        conftest.c  >&5
/home/dev/x-tools/arm-unknown-linux-gnueabihf/lib/gcc/arm-unknown-linux-gnueabihf/9.5.0/../../../../arm-unknown-linux-gnueabihf/bin/ld: /tmp/ccMkPQdQ.o: in function `main':
/home/dev/Desktop/ClaraColour/python/crosstoolsng/binutils-2.42/libiberty/conftest.c:169: undefined reference to `table'
collect2: error: ld returned 1 exit status
configure:7383: $? = 1
configure: failed program was:
| /* confdefs.h */
| #define PACKAGE_NAME ""
| #define PACKAGE_TARNAME ""
| #define PACKAGE_VERSION ""
| #define PACKAGE_STRING ""
| #define PACKAGE_BUGREPORT ""
| #define PACKAGE_URL ""
| #define STDC_HEADERS 1
| #define HAVE_SYS_TYPES_H 1
| #define HAVE_SYS_STAT_H 1
| #define HAVE_STDLIB_H 1
| #define HAVE_STRING_H 1
| #define HAVE_MEMORY_H 1
| #define HAVE_STRINGS_H 1
| #define HAVE_INTTYPES_H 1
| #define HAVE_STDINT_H 1
| #define HAVE_UNISTD_H 1
| #define __EXTENSIONS__ 1
| #define _ALL_SOURCE 1
| #define _GNU_SOURCE 1
| #define _POSIX_PTHREAD_SEMANTICS 1
| #define _TANDEM_SOURCE 1
| #define _FILE_OFFSET_BITS 64
| #define HAVE_SYS_FILE_H 1
| #define HAVE_SYS_PARAM_H 1
| #define HAVE_LIMITS_H 1
| #define HAVE_STDLIB_H 1
| #define HAVE_MALLOC_H 1
| #define HAVE_STRING_H 1
| #define HAVE_UNISTD_H 1
| #define HAVE_STRINGS_H 1
| #define HAVE_SYS_TIME_H 1
| #define HAVE_TIME_H 1
| #define HAVE_SYS_RESOURCE_H 1
| #define HAVE_SYS_STAT_H 1
| #define HAVE_SYS_MMAN_H 1
| #define HAVE_FCNTL_H 1
| #define HAVE_ALLOCA_H 1
| #define HAVE_SYS_SYSINFO_H 1
| #define HAVE_SYS_SYSCTL_H 1
| #define HAVE_STDINT_H 1
| #define HAVE_STDIO_EXT_H 1
| #define HAVE_SYS_PRCTL_H 1
| #define HAVE_SPAWN_H 1
| #define HAVE_SYS_WAIT_H 1
| #define TIME_WITH_SYS_TIME 1
| #define SIZEOF_INT 4
| #define SIZEOF_LONG 4
| #define SIZEOF_SIZE_T 4
| #define HAVE_LONG_LONG 1
| #define SIZEOF_LONG_LONG 8
| #define UNSIGNED_64BIT_TYPE uint64_t
| #define HAVE_INTPTR_T 1
| #define HAVE_UINTPTR_T 1
| #define HAVE_UINTPTR_T 1
| #define HAVE_ASPRINTF 1
| #define HAVE_ATEXIT 1
| #define HAVE_BASENAME 1
| #define HAVE_BCMP 1
| #define HAVE_BCOPY 1
| #define HAVE_BSEARCH 1
| #define HAVE_BZERO 1
| #define HAVE_CALLOC 1
| #define HAVE_CLOCK 1
| #define HAVE_FFS 1
| #define HAVE_GETCWD 1
| #define HAVE_GETPAGESIZE 1
| #define HAVE_GETTIMEOFDAY 1
| #define HAVE_INDEX 1
| #define HAVE_INSQUE 1
| #define HAVE_MEMCHR 1
| #define HAVE_MEMCMP 1
| #define HAVE_MEMCPY 1
| #define HAVE_MEMMEM 1
| #define HAVE_MEMMOVE 1
| #define HAVE_MEMPCPY 1
| #define HAVE_MEMSET 1
| #define HAVE_MKSTEMPS 1
| #define HAVE_PUTENV 1
| #define HAVE_RANDOM 1
| #define HAVE_RENAME 1
| #define HAVE_RINDEX 1
| #define HAVE_SETENV 1
| #define HAVE_SNPRINTF 1
| #define HAVE_SIGSETMASK 1
| #define HAVE_STPCPY 1
| #define HAVE_STPNCPY 1
| #define HAVE_STRCASECMP 1
| #define HAVE_STRCHR 1
| #define HAVE_STRDUP 1
| #define HAVE_STRNCASECMP 1
| #define HAVE_STRNDUP 1
| #define HAVE_STRNLEN 1
| #define HAVE_STRRCHR 1
| #define HAVE_STRSTR 1
| #define HAVE_STRTOD 1
| #define HAVE_STRTOL 1
| #define HAVE_STRTOUL 1
| #define HAVE_STRTOLL 1
| #define HAVE_STRTOULL 1
| #define HAVE_STRVERSCMP 1
| #define HAVE_TMPNAM 1
| #define HAVE_VASPRINTF 1
| #define HAVE_VFPRINTF 1
| #define HAVE_VPRINTF 1
| #define HAVE_VSNPRINTF 1
| #define HAVE_VSPRINTF 1
| #define HAVE_WAITPID 1
| #define STACK_DIRECTION 0
| #define HAVE_FORK 1
| #define HAVE_VFORK 1
| #define HAVE_WORKING_VFORK 1
| #define HAVE_WORKING_FORK 1
| #define HAVE_SYS_ERRLIST 1
| #define HAVE_SYS_NERR 1
| #define HAVE_SYS_SIGLIST 1
| #define HAVE___FSETLOCKING 1
| #define HAVE_CANONICALIZE_FILE_NAME 1
| #define HAVE_DUP3 1
| #define HAVE_GETRLIMIT 1
| #define HAVE_GETRUSAGE 1
| #define HAVE_GETTIMEOFDAY 1
| #define HAVE_ON_EXIT 1
| #define HAVE_PIPE2 1
| #define HAVE_POSIX_SPAWN 1
| #define HAVE_POSIX_SPAWNP 1
| #define HAVE_PSIGNAL 1
| #define HAVE_REALPATH 1
| #define HAVE_SETRLIMIT 1
| #define HAVE_STRERROR 1
| #define HAVE_STRSIGNAL 1
| #define HAVE_SYSCONF 1
| #define HAVE_SYSCTL 1
| /* end confdefs.h.  */
| /* Define table to an innocuous variant, in case <limits.h> declares table.
|    For example, HP-UX 11i <limits.h> declares gettimeofday.  */
| #define table innocuous_table
| 
| /* System header to define __stub macros and hopefully few prototypes,
|     which can conflict with char table (); below.
|     Prefer <limits.h> to <assert.h> if __STDC__ is defined, since
|     <limits.h> exists even on freestanding compilers.  */
| 
| #ifdef __STDC__
| # include <limits.h>
| #else
| # include <assert.h>
| #endif
| 
| #undef table
| 
| /* Override any GCC internal prototype to avoid an error.
|    Use char because int might match the return type of a GCC
|    builtin and then its argument prototype would still apply.  */
| #ifdef __cplusplus
| extern "C"
| #endif
| char table ();
| /* The GNU C library defines this for functions which it implements
|     to always fail with ENOSYS.  Some functions are actually named
|     something starting with __ and the normal name is an alias.  */
| #if defined __stub_table || defined __stub___table
| choke me
| #endif
| 
| int
| main ()
| {
| return table ();
|   ;
|   return 0;
| }
configure:7383: result: no
configure:7383: checking for times
configure:7383: arm-unknown-linux-gnueabihf-gcc -o conftest -g -O2        conftest.c  >&5
configure:7383: $? = 0
configure:7383: result: yes
configure:7383: checking for wait3
configure:7383: arm-unknown-linux-gnueabihf-gcc -o conftest -g -O2        conftest.c  >&5
configure:7383: $? = 0
configure:7383: result: yes
configure:7383: checking for wait4
configure:7383: arm-unknown-linux-gnueabihf-gcc -o conftest -g -O2        conftest.c  >&5
configure:7383: $? = 0
configure:7383: result: yes
configure:7383: checking for sbrk
configure:7383: arm-unknown-linux-gnueabihf-gcc -o conftest -g -O2        conftest.c  >&5
configure:7383: $? = 0
configure:7383: result: yes
configure:7393: checking whether basename is declared
configure:7393: arm-unknown-linux-gnueabihf-gcc -c -g -O2      conftest.c >&5
configure:7393: $? = 0
configure:7393: result: yes
configure:7403: checking whether ffs is declared
configure:7403: arm-unknown-linux-gnueabihf-gcc -c -g -O2      conftest.c >&5
configure:7403: $? = 0
configure:7403: result: yes
configure:7413: checking whether asprintf is declared
configure:7413: arm-unknown-linux-gnueabihf-gcc -c -g -O2      conftest.c >&5
configure:7413: $? = 0
configure:7413: result: yes
configure:7423: checking whether vasprintf is declared
configure:7423: arm-unknown-linux-gnueabihf-gcc -c -g -O2      conftest.c >&5
configure:7423: $? = 0
configure:7423: result: yes
configure:7433: checking whether snprintf is declared
configure:7433: arm-unknown-linux-gnueabihf-gcc -c -g -O2      conftest.c >&5
configure:7433: $? = 0
configure:7433: result: yes
configure:7443: checking whether vsnprintf is declared
configure:7443: arm-unknown-linux-gnueabihf-gcc -c -g -O2      conftest.c >&5
configure:7443: $? = 0
configure:7443: result: yes
configure:7454: checking whether calloc is declared
configure:7454: arm-unknown-linux-gnueabihf-gcc -c -g -O2      conftest.c >&5
configure:7454: $? = 0
configure:7454: result: yes
configure:7464: checking whether getenv is declared
configure:7464: arm-unknown-linux-gnueabihf-gcc -c -g -O2      conftest.c >&5
configure:7464: $? = 0
configure:7464: result: yes
configure:7474: checking whether getopt is declared
configure:7474: arm-unknown-linux-gnueabihf-gcc -c -g -O2      conftest.c >&5
configure:7474: $? = 0
configure:7474: result: yes
configure:7484: checking whether malloc is declared
configure:7484: arm-unknown-linux-gnueabihf-gcc -c -g -O2      conftest.c >&5
configure:7484: $? = 0
configure:7484: result: yes
configure:7494: checking whether realloc is declared
configure:7494: arm-unknown-linux-gnueabihf-gcc -c -g -O2      conftest.c >&5
configure:7494: $? = 0
configure:7494: result: yes
configure:7507: checking whether sbrk is declared
configure:7507: arm-unknown-linux-gnueabihf-gcc -c -g -O2      conftest.c >&5
configure:7507: $? = 0
configure:7507: result: yes
configure:7519: checking whether strtol is declared
configure:7519: arm-unknown-linux-gnueabihf-gcc -c -g -O2      conftest.c >&5
configure:7519: $? = 0
configure:7519: result: yes
configure:7529: checking whether strtoul is declared
configure:7529: arm-unknown-linux-gnueabihf-gcc -c -g -O2      conftest.c >&5
configure:7529: $? = 0
configure:7529: result: yes
configure:7539: checking whether strtoll is declared
configure:7539: arm-unknown-linux-gnueabihf-gcc -c -g -O2      conftest.c >&5
configure:7539: $? = 0
configure:7539: result: yes
configure:7549: checking whether strtoull is declared
configure:7549: arm-unknown-linux-gnueabihf-gcc -c -g -O2      conftest.c >&5
configure:7549: $? = 0
configure:7549: result: yes
configure:7560: checking whether strverscmp is declared
configure:7560: arm-unknown-linux-gnueabihf-gcc -c -g -O2      conftest.c >&5
configure:7560: $? = 0
configure:7560: result: yes
configure:7571: checking whether strnlen is declared
configure:7571: arm-unknown-linux-gnueabihf-gcc -c -g -O2      conftest.c >&5
configure:7571: $? = 0
configure:7571: result: yes
configure:7582: checking whether canonicalize_file_name must be declared
configure:7613: arm-unknown-linux-gnueabihf-gcc -c -g -O2      conftest.c >&5
configure:7613: $? = 0
configure:7621: result: no
configure:7640: checking for SHA1 HW acceleration support
configure:7688: arm-unknown-linux-gnueabihf-gcc -c -g -O2      conftest.c >&5
conftest.c:158:10: fatal error: x86intrin.h: No such file or directory
  158 | #include <x86intrin.h>
      |          ^~~~~~~~~~~~~
compilation terminated.
configure:7688: $? = 1
configure: failed program was:
| /* confdefs.h */
| #define PACKAGE_NAME ""
| #define PACKAGE_TARNAME ""
| #define PACKAGE_VERSION ""
| #define PACKAGE_STRING ""
| #define PACKAGE_BUGREPORT ""
| #define PACKAGE_URL ""
| #define STDC_HEADERS 1
| #define HAVE_SYS_TYPES_H 1
| #define HAVE_SYS_STAT_H 1
| #define HAVE_STDLIB_H 1
| #define HAVE_STRING_H 1
| #define HAVE_MEMORY_H 1
| #define HAVE_STRINGS_H 1
| #define HAVE_INTTYPES_H 1
| #define HAVE_STDINT_H 1
| #define HAVE_UNISTD_H 1
| #define __EXTENSIONS__ 1
| #define _ALL_SOURCE 1
| #define _GNU_SOURCE 1
| #define _POSIX_PTHREAD_SEMANTICS 1
| #define _TANDEM_SOURCE 1
| #define _FILE_OFFSET_BITS 64
| #define HAVE_SYS_FILE_H 1
| #define HAVE_SYS_PARAM_H 1
| #define HAVE_LIMITS_H 1
| #define HAVE_STDLIB_H 1
| #define HAVE_MALLOC_H 1
| #define HAVE_STRING_H 1
| #define HAVE_UNISTD_H 1
| #define HAVE_STRINGS_H 1
| #define HAVE_SYS_TIME_H 1
| #define HAVE_TIME_H 1
| #define HAVE_SYS_RESOURCE_H 1
| #define HAVE_SYS_STAT_H 1
| #define HAVE_SYS_MMAN_H 1
| #define HAVE_FCNTL_H 1
| #define HAVE_ALLOCA_H 1
| #define HAVE_SYS_SYSINFO_H 1
| #define HAVE_SYS_SYSCTL_H 1
| #define HAVE_STDINT_H 1
| #define HAVE_STDIO_EXT_H 1
| #define HAVE_SYS_PRCTL_H 1
| #define HAVE_SPAWN_H 1
| #define HAVE_SYS_WAIT_H 1
| #define TIME_WITH_SYS_TIME 1
| #define SIZEOF_INT 4
| #define SIZEOF_LONG 4
| #define SIZEOF_SIZE_T 4
| #define HAVE_LONG_LONG 1
| #define SIZEOF_LONG_LONG 8
| #define UNSIGNED_64BIT_TYPE uint64_t
| #define HAVE_INTPTR_T 1
| #define HAVE_UINTPTR_T 1
| #define HAVE_UINTPTR_T 1
| #define HAVE_ASPRINTF 1
| #define HAVE_ATEXIT 1
| #define HAVE_BASENAME 1
| #define HAVE_BCMP 1
| #define HAVE_BCOPY 1
| #define HAVE_BSEARCH 1
| #define HAVE_BZERO 1
| #define HAVE_CALLOC 1
| #define HAVE_CLOCK 1
| #define HAVE_FFS 1
| #define HAVE_GETCWD 1
| #define HAVE_GETPAGESIZE 1
| #define HAVE_GETTIMEOFDAY 1
| #define HAVE_INDEX 1
| #define HAVE_INSQUE 1
| #define HAVE_MEMCHR 1
| #define HAVE_MEMCMP 1
| #define HAVE_MEMCPY 1
| #define HAVE_MEMMEM 1
| #define HAVE_MEMMOVE 1
| #define HAVE_MEMPCPY 1
| #define HAVE_MEMSET 1
| #define HAVE_MKSTEMPS 1
| #define HAVE_PUTENV 1
| #define HAVE_RANDOM 1
| #define HAVE_RENAME 1
| #define HAVE_RINDEX 1
| #define HAVE_SETENV 1
| #define HAVE_SNPRINTF 1
| #define HAVE_SIGSETMASK 1
| #define HAVE_STPCPY 1
| #define HAVE_STPNCPY 1
| #define HAVE_STRCASECMP 1
| #define HAVE_STRCHR 1
| #define HAVE_STRDUP 1
| #define HAVE_STRNCASECMP 1
| #define HAVE_STRNDUP 1
| #define HAVE_STRNLEN 1
| #define HAVE_STRRCHR 1
| #define HAVE_STRSTR 1
| #define HAVE_STRTOD 1
| #define HAVE_STRTOL 1
| #define HAVE_STRTOUL 1
| #define HAVE_STRTOLL 1
| #define HAVE_STRTOULL 1
| #define HAVE_STRVERSCMP 1
| #define HAVE_TMPNAM 1
| #define HAVE_VASPRINTF 1
| #define HAVE_VFPRINTF 1
| #define HAVE_VPRINTF 1
| #define HAVE_VSNPRINTF 1
| #define HAVE_VSPRINTF 1
| #define HAVE_WAITPID 1
| #define STACK_DIRECTION 0
| #define HAVE_FORK 1
| #define HAVE_VFORK 1
| #define HAVE_WORKING_VFORK 1
| #define HAVE_WORKING_FORK 1
| #define HAVE_SYS_ERRLIST 1
| #define HAVE_SYS_NERR 1
| #define HAVE_SYS_SIGLIST 1
| #define HAVE___FSETLOCKING 1
| #define HAVE_CANONICALIZE_FILE_NAME 1
| #define HAVE_DUP3 1
| #define HAVE_GETRLIMIT 1
| #define HAVE_GETRUSAGE 1
| #define HAVE_GETTIMEOFDAY 1
| #define HAVE_ON_EXIT 1
| #define HAVE_PIPE2 1
| #define HAVE_POSIX_SPAWN 1
| #define HAVE_POSIX_SPAWNP 1
| #define HAVE_PSIGNAL 1
| #define HAVE_REALPATH 1
| #define HAVE_SETRLIMIT 1
| #define HAVE_STRERROR 1
| #define HAVE_STRSIGNAL 1
| #define HAVE_SYSCONF 1
| #define HAVE_SYSCTL 1
| #define HAVE_TIMES 1
| #define HAVE_WAIT3 1
| #define HAVE_WAIT4 1
| #define HAVE_SBRK 1
| #define HAVE_DECL_BASENAME 1
| #define HAVE_DECL_FFS 1
| #define HAVE_DECL_ASPRINTF 1
| #define HAVE_DECL_VASPRINTF 1
| #define HAVE_DECL_SNPRINTF 1
| #define HAVE_DECL_VSNPRINTF 1
| #define HAVE_DECL_CALLOC 1
| #define HAVE_DECL_GETENV 1
| #define HAVE_DECL_GETOPT 1
| #define HAVE_DECL_MALLOC 1
| #define HAVE_DECL_REALLOC 1
| #define HAVE_DECL_SBRK 1
| #define HAVE_DECL_STRTOL 1
| #define HAVE_DECL_STRTOUL 1
| #define HAVE_DECL_STRTOLL 1
| #define HAVE_DECL_STRTOULL 1
| #define HAVE_DECL_STRVERSCMP 1
| #define HAVE_DECL_STRNLEN 1
| /* end confdefs.h.  */
| 
| #include <x86intrin.h>
| #include <cpuid.h>
| 
| __attribute__((__target__ ("sse4.1,sha")))
| void foo (__m128i *buf, unsigned int e, __m128i msg0, __m128i msg1)
| {
|   __m128i abcd = _mm_loadu_si128 ((const __m128i *) buf);
|   __m128i e0 = _mm_set_epi32 (e, 0, 0, 0);
|   abcd = _mm_shuffle_epi32 (abcd, 0x1b);
|   const __m128i shuf_mask = _mm_set_epi64x (0x0001020304050607ULL, 0x08090a0b0c0d0e0fULL);
|   abcd = _mm_shuffle_epi8 (abcd, shuf_mask);
|   e0 = _mm_sha1nexte_epu32 (e0, msg1);
|   abcd = _mm_sha1rnds4_epu32 (abcd, e0, 0);
|   msg0 = _mm_sha1msg1_epu32 (msg0, msg1);
|   msg0 = _mm_sha1msg2_epu32 (msg0, msg1);
|   msg0 = _mm_xor_si128 (msg0, msg1);
|   e0 = _mm_add_epi32 (e0, msg0);
|   e0 = abcd;
|   _mm_storeu_si128 (buf, abcd);
|   e = _mm_extract_epi32 (e0, 3);
| }
| 
| int bar (void)
| {
|   unsigned int eax, ebx, ecx, edx;
|   (void) __get_cpuid;
|   (void) __get_cpuid_count;
|   if (__get_cpuid_count (7, 0, &eax, &ebx, &ecx, &edx)
|       && (ebx & bit_SHA) != 0
|       && __get_cpuid (1, &eax, &ebx, &ecx, &edx)
|       && (ecx & bit_SSE4_1) != 0)
|     return 1;
|   return 0;
| }
| 
| int
| main ()
| {
| bar ();
|   ;
|   return 0;
| }
configure:7695: result: no
configure:7706: checking for stdlib.h
configure:7706: result: yes
configure:7706: checking for unistd.h
configure:7706: result: yes
configure:7706: checking for sys/param.h
configure:7706: result: yes
configure:7730: checking for getpagesize
configure:7730: result: yes
configure:7739: checking for working mmap
configure:7896: result: no
configure:7907: checking for working strncmp
configure:7993: result: yes
configure:8090: updating cache ./config.cache
configure:8140: creating ./config.status

## ---------------------- ##
## Running config.status. ##
## ---------------------- ##

This file was extended by config.status, which was
generated by GNU Autoconf 2.69.  Invocation command line was

  CONFIG_FILES    = 
  CONFIG_HEADERS  = 
  CONFIG_LINKS    = 
  CONFIG_COMMANDS = 
  $ ./config.status 

on host

config.status:1025: creating Makefile
config.status:1025: creating testsuite/Makefile
config.status:1025: creating config.h
config.status:1219: executing default commands

## ---------------- ##
## Cache variables. ##
## ---------------- ##

ac_cv_build=x86_64-pc-linux-gnu
ac_cv_c_bigendian=no
ac_cv_c_compiler_gnu=yes
ac_cv_c_const=yes
ac_cv_c_inline=inline
ac_cv_c_stack_direction=0
ac_cv_env_CC_set=set
ac_cv_env_CC_value=arm-unknown-linux-gnueabihf-gcc
ac_cv_env_CFLAGS_set=set
ac_cv_env_CFLAGS_value='-g -O2    '
ac_cv_env_CPPFLAGS_set=
ac_cv_env_CPPFLAGS_value=
ac_cv_env_CPP_set=
ac_cv_env_CPP_value=
ac_cv_env_LDFLAGS_set=set
ac_cv_env_LDFLAGS_value=' '
ac_cv_env_LIBS_set=
ac_cv_env_LIBS_value=
ac_cv_env_build_alias_set=set
ac_cv_env_build_alias_value=x86_64-pc-linux-gnu
ac_cv_env_host_alias_set=set
ac_cv_env_host_alias_value=arm-unknown-linux-gnueabihf
ac_cv_env_target_alias_set=set
ac_cv_env_target_alias_value=arm-unknown-linux-gnueabihf
ac_cv_func___fsetlocking=yes
ac_cv_func__doprnt=no
ac_cv_func_asprintf=yes
ac_cv_func_atexit=yes
ac_cv_func_basename=yes
ac_cv_func_bcmp=yes
ac_cv_func_bcopy=yes
ac_cv_func_bsearch=yes
ac_cv_func_bzero=yes
ac_cv_func_calloc=yes
ac_cv_func_canonicalize_file_name=yes
ac_cv_func_clock=yes
ac_cv_func_dup3=yes
ac_cv_func_ffs=yes
ac_cv_func_fork=yes
ac_cv_func_fork_works=yes
ac_cv_func_getcwd=yes
ac_cv_func_getpagesize=yes
ac_cv_func_getrlimit=yes
ac_cv_func_getrusage=yes
ac_cv_func_getsysinfo=no
ac_cv_func_gettimeofday=yes
ac_cv_func_index=yes
ac_cv_func_insque=yes
ac_cv_func_memchr=yes
ac_cv_func_memcmp=yes
ac_cv_func_memcpy=yes
ac_cv_func_memmem=yes
ac_cv_func_memmove=yes
ac_cv_func_mempcpy=yes
ac_cv_func_memset=yes
ac_cv_func_mkstemps=yes
ac_cv_func_mmap_fixed_mapped=no
ac_cv_func_on_exit=yes
ac_cv_func_pipe2=yes
ac_cv_func_posix_spawn=yes
ac_cv_func_posix_spawnp=yes
ac_cv_func_psignal=yes
ac_cv_func_pstat_getdynamic=no
ac_cv_func_pstat_getstatic=no
ac_cv_func_putenv=yes
ac_cv_func_random=yes
ac_cv_func_realpath=yes
ac_cv_func_rename=yes
ac_cv_func_rindex=yes
ac_cv_func_sbrk=yes
ac_cv_func_setenv=yes
ac_cv_func_setproctitle=no
ac_cv_func_setrlimit=yes
ac_cv_func_sigsetmask=yes
ac_cv_func_snprintf=yes
ac_cv_func_spawnve=no
ac_cv_func_spawnvpe=no
ac_cv_func_stpcpy=yes
ac_cv_func_stpncpy=yes
ac_cv_func_strcasecmp=yes
ac_cv_func_strchr=yes
ac_cv_func_strdup=yes
ac_cv_func_strerror=yes
ac_cv_func_strncasecmp=yes
ac_cv_func_strncmp_works=yes
ac_cv_func_strndup=yes
ac_cv_func_strnlen=yes
ac_cv_func_strrchr=yes
ac_cv_func_strsignal=yes
ac_cv_func_strstr=yes
ac_cv_func_strtod=yes
ac_cv_func_strtol=yes
ac_cv_func_strtoll=yes
ac_cv_func_strtoul=yes
ac_cv_func_strtoull=yes
ac_cv_func_strverscmp=yes
ac_cv_func_sysconf=yes
ac_cv_func_sysctl=yes
ac_cv_func_sysmp=no
ac_cv_func_table=no
ac_cv_func_times=yes
ac_cv_func_tmpnam=yes
ac_cv_func_vasprintf=yes
ac_cv_func_vfork=yes
ac_cv_func_vfork_works=yes
ac_cv_func_vfprintf=yes
ac_cv_func_vprintf=yes
ac_cv_func_vsnprintf=yes
ac_cv_func_vsprintf=yes
ac_cv_func_wait3=yes
ac_cv_func_wait4=yes
ac_cv_func_waitpid=yes
ac_cv_have_decl_asprintf=yes
ac_cv_have_decl_basename_char_p_=yes
ac_cv_have_decl_calloc=yes
ac_cv_have_decl_ffs=yes
ac_cv_have_decl_getenv=yes
ac_cv_have_decl_getopt=yes
ac_cv_have_decl_malloc=yes
ac_cv_have_decl_realloc=yes
ac_cv_have_decl_sbrk=yes
ac_cv_have_decl_snprintf=yes
ac_cv_have_decl_strnlen=yes
ac_cv_have_decl_strtol=yes
ac_cv_have_decl_strtoll=yes
ac_cv_have_decl_strtoul=yes
ac_cv_have_decl_strtoull=yes
ac_cv_have_decl_strverscmp=yes
ac_cv_have_decl_vasprintf=yes
ac_cv_have_decl_vsnprintf=yes
ac_cv_header_alloca_h=yes
ac_cv_header_fcntl_h=yes
ac_cv_header_inttypes_h=yes
ac_cv_header_limits_h=yes
ac_cv_header_machine_hal_sysinfo_h=no
ac_cv_header_malloc_h=yes
ac_cv_header_memory_h=yes
ac_cv_header_minix_config_h=no
ac_cv_header_process_h=no
ac_cv_header_spawn_h=yes
ac_cv_header_stdc=yes
ac_cv_header_stdint_h=yes
ac_cv_header_stdio_ext_h=yes
ac_cv_header_stdlib_h=yes
ac_cv_header_string_h=yes
ac_cv_header_strings_h=yes
ac_cv_header_sys_file_h=yes
ac_cv_header_sys_mman_h=yes
ac_cv_header_sys_param_h=yes
ac_cv_header_sys_prctl_h=yes
ac_cv_header_sys_pstat_h=no
ac_cv_header_sys_resource_h=yes
ac_cv_header_sys_stat_h=yes
ac_cv_header_sys_sysctl_h=yes
ac_cv_header_sys_sysinfo_h=yes
ac_cv_header_sys_sysmp_h=no
ac_cv_header_sys_systemcfg_h=no
ac_cv_header_sys_table_h=no
ac_cv_header_sys_time_h=yes
ac_cv_header_sys_types_h=yes
ac_cv_header_sys_wait_h=yes
ac_cv_header_time=yes
ac_cv_header_time_h=yes
ac_cv_header_unistd_h=yes
ac_cv_header_vfork_h=no
ac_cv_host=arm-unknown-linux-gnueabihf
ac_cv_objext=o
ac_cv_os_cray=no
ac_cv_path_EGREP='/usr/bin/grep -E'
ac_cv_path_GREP=/usr/bin/grep
ac_cv_prog_AR='arm-unknown-linux-gnueabihf-ar '
ac_cv_prog_CC=arm-unknown-linux-gnueabihf-gcc
ac_cv_prog_CPP='arm-unknown-linux-gnueabihf-gcc -E'
ac_cv_prog_MAKEINFO='makeinfo --split-size=5000000'
ac_cv_prog_PERL=perl
ac_cv_prog_RANLIB='arm-unknown-linux-gnueabihf-ranlib '
ac_cv_prog_cc_arm_unknown_linux_gnueabihf_gcc_c_o=yes
ac_cv_prog_cc_c89=
ac_cv_prog_cc_g=yes
ac_cv_safe_to_define___extensions__=yes
ac_cv_search_strerror='none required'
ac_cv_sizeof_int=4
ac_cv_sizeof_long=4
ac_cv_sizeof_long_long=8
ac_cv_sizeof_size_t=4
ac_cv_sys_file_offset_bits=64
ac_cv_sys_largefile_CC=no
ac_cv_target=arm-unknown-linux-gnueabihf
ac_cv_type_intptr_t=yes
ac_cv_type_long_long=yes
ac_cv_type_pid_t=yes
ac_cv_type_ssize_t=yes
ac_cv_type_uintptr_t=yes
acx_cv_prog_cc_pedantic_=yes
acx_cv_prog_cc_warning__W=yes
acx_cv_prog_cc_warning__Wall=yes
acx_cv_prog_cc_warning__Wcpp_compat=yes
acx_cv_prog_cc_warning__Wshadow_local=yes
acx_cv_prog_cc_warning__Wstrict_prototypes=yes
acx_cv_prog_cc_warning__Wwrite_strings=yes
liberty_cv_uint64=uint64_t
libiberty_cv_decl_needed_canonicalize_file_name=no
libiberty_cv_declare_errno=no
libiberty_cv_var_sys_errlist=yes
libiberty_cv_var_sys_nerr=yes
libiberty_cv_var_sys_siglist=yes

## ----------------- ##
## Output variables. ##
## ----------------- ##

AR='arm-unknown-linux-gnueabihf-ar '
AR_PLUGIN_OPTION=''
BUILD_INFO='info'
CC='arm-unknown-linux-gnueabihf-gcc'
CET_HOST_FLAGS=''
CFLAGS='-g -O2    '
CHECK='really-check'
CPP='arm-unknown-linux-gnueabihf-gcc -E'
CPPFLAGS=''
DEFS='-DHAVE_CONFIG_H'
ECHO_C=''
ECHO_N='-n'
ECHO_T=''
EGREP='/usr/bin/grep -E'
ETAGS='etags'
EXEEXT=''
GREP='/usr/bin/grep'
HAVE_PERL=''
HWCAP_CFLAGS=''
INSTALL_DATA='/usr/bin/install -c -m 644'
INSTALL_DEST='libdir'
INSTALL_PROGRAM='/usr/bin/install -c'
INSTALL_SCRIPT='/usr/bin/install -c'
LDFLAGS=' '
LIBOBJS=' ${LIBOBJDIR}./setproctitle$U.o'
LIBS=''
LTLIBOBJS=' ${LIBOBJDIR}./setproctitle$U.lo'
MAINT='#'
MAKEINFO='makeinfo --split-size=5000000'
NOASANFLAG=''
NOTMAINT=''
NO_MINUS_C_MINUS_O=''
OBJEXT='o'
OUTPUT_OPTION='-o $@'
PACKAGE_BUGREPORT=''
PACKAGE_NAME=''
PACKAGE_STRING=''
PACKAGE_TARNAME=''
PACKAGE_URL=''
PACKAGE_VERSION=''
PATH_SEPARATOR=':'
PERL='perl'
PICFLAG=''
RANLIB='arm-unknown-linux-gnueabihf-ranlib '
RANLIB_PLUGIN_OPTION=''
SHELL='/bin/bash'
ac_ct_CC=''
ac_libiberty_warn_cflags='-W -Wall -Wwrite-strings -Wc++-compat -Wstrict-prototypes -Wshadow=local -pedantic '
bindir='${exec_prefix}/bin'
build='x86_64-pc-linux-gnu'
build_alias='x86_64-pc-linux-gnu'
build_cpu='x86_64'
build_os='linux-gnu'
build_vendor='pc'
datadir='${datarootdir}'
datarootdir='${prefix}/share'
docdir='${datarootdir}/doc/${PACKAGE}'
dvidir='${docdir}'
exec_prefix='${prefix}'
host='arm-unknown-linux-gnueabihf'
host_alias='arm-unknown-linux-gnueabihf'
host_cpu='arm'
host_os='linux-gnueabihf'
host_vendor='unknown'
htmldir='${docdir}'
includedir='${prefix}/include'
infodir='${datarootdir}/info'
libdir='${exec_prefix}/lib'
libexecdir='${exec_prefix}/libexec'
libiberty_topdir='./..'
localedir='${datarootdir}/locale'
localstatedir='${prefix}/var'
mandir='${datarootdir}/man'
oldincludedir='/usr/include'
pdfdir='${docdir}'
pexecute='pex-unix'
prefix='/home/dev/x-tools/arm-unknown-linux-gnueabihf'
program_transform_name='s,y,y,'
psdir='${docdir}'
sbindir='${exec_prefix}/sbin'
sharedstatedir='${prefix}/com'
sysconfdir='${prefix}/etc'
target='arm-unknown-linux-gnueabihf'
target_alias='arm-unknown-linux-gnueabihf'
target_cpu='arm'
target_header_dir=''
target_os='linux-gnueabihf'
target_vendor='unknown'

## ------------------- ##
## File substitutions. ##
## ------------------- ##

host_makefile_frag='xhost-mkfrag'

## ----------- ##
## confdefs.h. ##
## ----------- ##

/* confdefs.h */
#define PACKAGE_NAME ""
#define PACKAGE_TARNAME ""
#define PACKAGE_VERSION ""
#define PACKAGE_STRING ""
#define PACKAGE_BUGREPORT ""
#define PACKAGE_URL ""
#define STDC_HEADERS 1
#define HAVE_SYS_TYPES_H 1
#define HAVE_SYS_STAT_H 1
#define HAVE_STDLIB_H 1
#define HAVE_STRING_H 1
#define HAVE_MEMORY_H 1
#define HAVE_STRINGS_H 1
#define HAVE_INTTYPES_H 1
#define HAVE_STDINT_H 1
#define HAVE_UNISTD_H 1
#define __EXTENSIONS__ 1
#define _ALL_SOURCE 1
#define _GNU_SOURCE 1
#define _POSIX_PTHREAD_SEMANTICS 1
#define _TANDEM_SOURCE 1
#define _FILE_OFFSET_BITS 64
#define HAVE_SYS_FILE_H 1
#define HAVE_SYS_PARAM_H 1
#define HAVE_LIMITS_H 1
#define HAVE_STDLIB_H 1
#define HAVE_MALLOC_H 1
#define HAVE_STRING_H 1
#define HAVE_UNISTD_H 1
#define HAVE_STRINGS_H 1
#define HAVE_SYS_TIME_H 1
#define HAVE_TIME_H 1
#define HAVE_SYS_RESOURCE_H 1
#define HAVE_SYS_STAT_H 1
#define HAVE_SYS_MMAN_H 1
#define HAVE_FCNTL_H 1
#define HAVE_ALLOCA_H 1
#define HAVE_SYS_SYSINFO_H 1
#define HAVE_SYS_SYSCTL_H 1
#define HAVE_STDINT_H 1
#define HAVE_STDIO_EXT_H 1
#define HAVE_SYS_PRCTL_H 1
#define HAVE_SPAWN_H 1
#define HAVE_SYS_WAIT_H 1
#define TIME_WITH_SYS_TIME 1
#define SIZEOF_INT 4
#define SIZEOF_LONG 4
#define SIZEOF_SIZE_T 4
#define HAVE_LONG_LONG 1
#define SIZEOF_LONG_LONG 8
#define UNSIGNED_64BIT_TYPE uint64_t
#define HAVE_INTPTR_T 1
#define HAVE_UINTPTR_T 1
#define HAVE_UINTPTR_T 1
#define HAVE_ASPRINTF 1
#define HAVE_ATEXIT 1
#define HAVE_BASENAME 1
#define HAVE_BCMP 1
#define HAVE_BCOPY 1
#define HAVE_BSEARCH 1
#define HAVE_BZERO 1
#define HAVE_CALLOC 1
#define HAVE_CLOCK 1
#define HAVE_FFS 1
#define HAVE_GETCWD 1
#define HAVE_GETPAGESIZE 1
#define HAVE_GETTIMEOFDAY 1
#define HAVE_INDEX 1
#define HAVE_INSQUE 1
#define HAVE_MEMCHR 1
#define HAVE_MEMCMP 1
#define HAVE_MEMCPY 1
#define HAVE_MEMMEM 1
#define HAVE_MEMMOVE 1
#define HAVE_MEMPCPY 1
#define HAVE_MEMSET 1
#define HAVE_MKSTEMPS 1
#define HAVE_PUTENV 1
#define HAVE_RANDOM 1
#define HAVE_RENAME 1
#define HAVE_RINDEX 1
#define HAVE_SETENV 1
#define HAVE_SNPRINTF 1
#define HAVE_SIGSETMASK 1
#define HAVE_STPCPY 1
#define HAVE_STPNCPY 1
#define HAVE_STRCASECMP 1
#define HAVE_STRCHR 1
#define HAVE_STRDUP 1
#define HAVE_STRNCASECMP 1
#define HAVE_STRNDUP 1
#define HAVE_STRNLEN 1
#define HAVE_STRRCHR 1
#define HAVE_STRSTR 1
#define HAVE_STRTOD 1
#define HAVE_STRTOL 1
#define HAVE_STRTOUL 1
#define HAVE_STRTOLL 1
#define HAVE_STRTOULL 1
#define HAVE_STRVERSCMP 1
#define HAVE_TMPNAM 1
#define HAVE_VASPRINTF 1
#define HAVE_VFPRINTF 1
#define HAVE_VPRINTF 1
#define HAVE_VSNPRINTF 1
#define HAVE_VSPRINTF 1
#define HAVE_WAITPID 1
#define STACK_DIRECTION 0
#define HAVE_FORK 1
#define HAVE_VFORK 1
#define HAVE_WORKING_VFORK 1
#define HAVE_WORKING_FORK 1
#define HAVE_SYS_ERRLIST 1
#define HAVE_SYS_NERR 1
#define HAVE_SYS_SIGLIST 1
#define HAVE___FSETLOCKING 1
#define HAVE_CANONICALIZE_FILE_NAME 1
#define HAVE_DUP3 1
#define HAVE_GETRLIMIT 1
#define HAVE_GETRUSAGE 1
#define HAVE_GETTIMEOFDAY 1
#define HAVE_ON_EXIT 1
#define HAVE_PIPE2 1
#define HAVE_POSIX_SPAWN 1
#define HAVE_POSIX_SPAWNP 1
#define HAVE_PSIGNAL 1
#define HAVE_REALPATH 1
#define HAVE_SETRLIMIT 1
#define HAVE_STRERROR 1
#define HAVE_STRSIGNAL 1
#define HAVE_SYSCONF 1
#define HAVE_SYSCTL 1
#define HAVE_TIMES 1
#define HAVE_WAIT3 1
#define HAVE_WAIT4 1
#define HAVE_SBRK 1
#define HAVE_DECL_BASENAME 1
#define HAVE_DECL_FFS 1
#define HAVE_DECL_ASPRINTF 1
#define HAVE_DECL_VASPRINTF 1
#define HAVE_DECL_SNPRINTF 1
#define HAVE_DECL_VSNPRINTF 1
#define HAVE_DECL_CALLOC 1
#define HAVE_DECL_GETENV 1
#define HAVE_DECL_GETOPT 1
#define HAVE_DECL_MALLOC 1
#define HAVE_DECL_REALLOC 1
#define HAVE_DECL_SBRK 1
#define HAVE_DECL_STRTOL 1
#define HAVE_DECL_STRTOUL 1
#define HAVE_DECL_STRTOLL 1
#define HAVE_DECL_STRTOULL 1
#define HAVE_DECL_STRVERSCMP 1
#define HAVE_DECL_STRNLEN 1
#define HAVE_STDLIB_H 1
#define HAVE_UNISTD_H 1
#define HAVE_SYS_PARAM_H 1
#define HAVE_GETPAGESIZE 1

configure: exit 0
