This file contains any messages produced by compilers while
running configure, to aid debugging if configure makes a mistake.

It was created by bfd configure 2.42, which was
generated by GNU Autoconf 2.69.  Invocation command line was

  $ /home/dev/Desktop/ClaraColour/python/crosstoolsng/binutils-2.42/bfd/configure --srcdir=.././bfd --cache-file=./config.cache --with-gnu-as --with-gnu-ld --prefix=/home/dev/x-tools/arm-unknown-linux-gnueabihf --enable-static --disable-shared --disable-multilib --program-transform-name=s,y,y, --disable-option-checking --build=x86_64-pc-linux-gnu --host=arm-unknown-linux-gnueabihf --target=arm-unknown-linux-gnueabihf

## --------- ##
## Platform. ##
## --------- ##

hostname = host
uname -m = x86_64
uname -r = 6.12.105+deb13-amd64
uname -s = Linux
uname -v = #1 SMP PREEMPT_DYNAMIC Debian 6.12.105-1 (2026-08-24)

/usr/bin/uname -p = unknown
/bin/uname -X     = unknown

/bin/arch              = x86_64
/usr/bin/arch -k       = unknown
/usr/convex/getsysinfo = unknown
/usr/bin/hostinfo      = unknown
/bin/machine           = unknown
/usr/bin/oslevel       = unknown
/bin/universe          = unknown

PATH: /home/dev/x-tools/arm-unknown-linux-gnueabihf/bin
PATH: /home/dev/x-tools/arm-unknown-linux-gnueabihf/bin
PATH: /usr/local/bin
PATH: /usr/bin
PATH: /bin
PATH: /usr/local/games
PATH: /usr/games
PATH: /snap/bin
PATH: /home/dev/go/bin


## ----------- ##
## Core tests. ##
## ----------- ##

configure:2499: creating cache ./config.cache
configure:2614: checking build system type
configure:2628: result: x86_64-pc-linux-gnu
configure:2648: checking host system type
configure:2661: result: arm-unknown-linux-gnueabihf
configure:2681: checking target system type
configure:2694: result: arm-unknown-linux-gnueabihf
configure:2737: checking for a BSD-compatible install
configure:2805: result: /usr/bin/install -c
configure:2816: checking whether build environment is sane
configure:2871: result: yes
configure:2930: checking for arm-unknown-linux-gnueabihf-strip
configure:2946: found /home/dev/x-tools/arm-unknown-linux-gnueabihf/bin/arm-unknown-linux-gnueabihf-strip
configure:2957: result: arm-unknown-linux-gnueabihf-strip
configure:3022: checking for a thread-safe mkdir -p
configure:3061: result: /usr/bin/mkdir -p
configure:3068: checking for gawk
configure:3095: result: gawk
configure:3106: checking whether make sets $(MAKE)
configure:3128: result: yes
configure:3157: checking whether make supports nested variables
configure:3174: result: yes
configure:3311: checking whether make supports nested variables
configure:3328: result: yes
configure:3343: checking for arm-unknown-linux-gnueabihf-ar
configure:3370: result: arm-unknown-linux-gnueabihf-ar 
configure:3435: checking for arm-unknown-linux-gnueabihf-ranlib
configure:3462: result: arm-unknown-linux-gnueabihf-ranlib 
configure:3565: checking for arm-unknown-linux-gnueabihf-gcc
configure:3592: result: arm-unknown-linux-gnueabihf-gcc
configure:3861: checking for C compiler version
configure:3870: arm-unknown-linux-gnueabihf-gcc --version >&5
arm-unknown-linux-gnueabihf-gcc (crosstool-NG 1.29.0.3_2e5d0b8) 9.5.0
Copyright (C) 2019 Free Software Foundation, Inc.
This is free software; see the source for copying conditions.  There is NO
warranty; not even for MERCHANTABILITY or FITNESS FOR A PARTICULAR PURPOSE.

configure:3881: $? = 0
configure:3870: arm-unknown-linux-gnueabihf-gcc -v >&5
Using built-in specs.
COLLECT_GCC=arm-unknown-linux-gnueabihf-gcc
COLLECT_LTO_WRAPPER=/home/dev/x-tools/arm-unknown-linux-gnueabihf/libexec/gcc/arm-unknown-linux-gnueabihf/9.5.0/lto-wrapper
Target: arm-unknown-linux-gnueabihf
Configured with: /home/dev/Desktop/ClaraColour/python/crosstoolsng/crosstool-ng/.build/arm-unknown-linux-gnueabihf/src/gcc/configure --build=x86_64-build_pc-linux-gnu --host=x86_64-build_pc-linux-gnu --target=arm-unknown-linux-gnueabihf --prefix=/home/dev/x-tools/arm-unknown-linux-gnueabihf --exec_prefix=/home/dev/x-tools/arm-unknown-linux-gnueabihf --with-sysroot=/home/dev/x-tools/arm-unknown-linux-gnueabihf/arm-unknown-linux-gnueabihf/sysroot --enable-languages=c,c++ --with-arch=armv7-a --with-tune=cortex-a53 --with-fpu=neon-vfpv4 --with-float=hard --with-pkgversion='crosstool-NG 1.29.0.3_2e5d0b8' --enable-__cxa_atexit --disable-tm-clone-registry --disable-libmudflap --disable-libgomp --disable-libssp --disable-libquadmath --disable-libquadmath-support --disable-libsanitizer --disable-libmpx --with-gmp=/home/dev/Desktop/ClaraColour/python/crosstoolsng/crosstool-ng/.build/arm-unknown-linux-gnueabihf/buildtools --with-mpfr=/home/dev/Desktop/ClaraColour/python/crosstoolsng/crosstool-ng/.build/arm-unknown-linux-gnueabihf/buildtools --with-mpc=/home/dev/Desktop/ClaraColour/python/crosstoolsng/crosstool-ng/.build/arm-unknown-linux-gnueabihf/buildtools --with-isl=/home/dev/Desktop/ClaraColour/python/crosstoolsng/crosstool-ng/.build/arm-unknown-linux-gnueabihf/buildtools --enable-lto --without-zstd --enable-threads=posix --enable-target-optspace --disable-plugin --disable-nls --disable-multilib --with-local-prefix=/home/dev/x-tools/arm-unknown-linux-gnueabihf/arm-unknown-linux-gnueabihf/sysroot --enable-long-long
Thread model: posix
gcc version 9.5.0 (crosstool-NG 1.29.0.3_2e5d0b8) 
configure:3881: $? = 0
configure:3870: arm-unknown-linux-gnueabihf-gcc -V >&5
arm-unknown-linux-gnueabihf-gcc: error: unrecognized command line option '-V'
arm-unknown-linux-gnueabihf-gcc: fatal error: no input files
compilation terminated.
configure:3881: $? = 1
configure:3870: arm-unknown-linux-gnueabihf-gcc -qversion >&5
arm-unknown-linux-gnueabihf-gcc: error: unrecognized command line option '-qversion'; did you mean '--version'?
arm-unknown-linux-gnueabihf-gcc: fatal error: no input files
compilation terminated.
configure:3881: $? = 1
configure:3901: checking whether the C compiler works
configure:3923: arm-unknown-linux-gnueabihf-gcc -g -O2        conftest.c  >&5
configure:3927: $? = 0
configure:3975: result: yes
configure:3978: checking for C compiler default output file name
configure:3980: result: a.out
configure:3986: checking for suffix of executables
configure:3993: arm-unknown-linux-gnueabihf-gcc -o conftest -g -O2        conftest.c  >&5
configure:3997: $? = 0
configure:4019: result: 
configure:4041: checking whether we are cross compiling
configure:4079: result: yes
configure:4084: checking for suffix of object files
configure:4106: arm-unknown-linux-gnueabihf-gcc -c -g -O2      conftest.c >&5
configure:4110: $? = 0
configure:4131: result: o
configure:4135: checking whether we are using the GNU C compiler
configure:4154: arm-unknown-linux-gnueabihf-gcc -c -g -O2      conftest.c >&5
configure:4154: $? = 0
configure:4163: result: yes
configure:4172: checking whether arm-unknown-linux-gnueabihf-gcc accepts -g
configure:4192: arm-unknown-linux-gnueabihf-gcc -c -g  conftest.c >&5
configure:4192: $? = 0
configure:4233: result: yes
configure:4250: checking for arm-unknown-linux-gnueabihf-gcc option to accept ISO C89
configure:4313: arm-unknown-linux-gnueabihf-gcc  -c -g -O2      conftest.c >&5
configure:4313: $? = 0
configure:4326: result: none needed
configure:4351: checking whether arm-unknown-linux-gnueabihf-gcc understands -c and -o together
configure:4373: arm-unknown-linux-gnueabihf-gcc -c conftest.c -o conftest2.o
configure:4376: $? = 0
configure:4373: arm-unknown-linux-gnueabihf-gcc -c conftest.c -o conftest2.o
configure:4376: $? = 0
configure:4388: result: yes
configure:4416: checking for style of include used by make
configure:4444: result: GNU
configure:4470: checking dependency style of arm-unknown-linux-gnueabihf-gcc
configure:4581: result: gcc3
configure:4602: checking how to run the C preprocessor
configure:4633: arm-unknown-linux-gnueabihf-gcc -E  conftest.c
configure:4633: $? = 0
configure:4647: arm-unknown-linux-gnueabihf-gcc -E  conftest.c
conftest.c:11:10: fatal error: ac_nonexistent.h: No such file or directory
   11 | #include <ac_nonexistent.h>
      |          ^~~~~~~~~~~~~~~~~~
compilation terminated.
configure:4647: $? = 1
configure: failed program was:
| /* confdefs.h */
| #define PACKAGE_NAME "bfd"
| #define PACKAGE_TARNAME "bfd"
| #define PACKAGE_VERSION "2.42"
| #define PACKAGE_STRING "bfd 2.42"
| #define PACKAGE_BUGREPORT ""
| #define PACKAGE_URL ""
| #define PACKAGE "bfd"
| #define VERSION "2.42"
| /* end confdefs.h.  */
| #include <ac_nonexistent.h>
configure:4672: result: arm-unknown-linux-gnueabihf-gcc -E
configure:4692: arm-unknown-linux-gnueabihf-gcc -E  conftest.c
configure:4692: $? = 0
configure:4706: arm-unknown-linux-gnueabihf-gcc -E  conftest.c
conftest.c:11:10: fatal error: ac_nonexistent.h: No such file or directory
   11 | #include <ac_nonexistent.h>
      |          ^~~~~~~~~~~~~~~~~~
compilation terminated.
configure:4706: $? = 1
configure: failed program was:
| /* confdefs.h */
| #define PACKAGE_NAME "bfd"
| #define PACKAGE_TARNAME "bfd"
| #define PACKAGE_VERSION "2.42"
| #define PACKAGE_STRING "bfd 2.42"
| #define PACKAGE_BUGREPORT ""
| #define PACKAGE_URL ""
| #define PACKAGE "bfd"
| #define VERSION "2.42"
| /* end confdefs.h.  */
| #include <ac_nonexistent.h>
configure:4735: checking for grep that handles long lines and -e
configure:4793: result: /usr/bin/grep
configure:4798: checking for egrep
configure:4860: result: /usr/bin/grep -E
configure:4865: checking for ANSI C header files
configure:4885: arm-unknown-linux-gnueabihf-gcc -c -g -O2      conftest.c >&5
configure:4885: $? = 0
configure:4969: result: yes
configure:4982: checking for sys/types.h
configure:4982: arm-unknown-linux-gnueabihf-gcc -c -g -O2      conftest.c >&5
configure:4982: $? = 0
configure:4982: result: yes
configure:4982: checking for sys/stat.h
configure:4982: arm-unknown-linux-gnueabihf-gcc -c -g -O2      conftest.c >&5
configure:4982: $? = 0
configure:4982: result: yes
configure:4982: checking for stdlib.h
configure:4982: arm-unknown-linux-gnueabihf-gcc -c -g -O2      conftest.c >&5
configure:4982: $? = 0
configure:4982: result: yes
configure:4982: checking for string.h
configure:4982: arm-unknown-linux-gnueabihf-gcc -c -g -O2      conftest.c >&5
configure:4982: $? = 0
configure:4982: result: yes
configure:4982: checking for memory.h
configure:4982: arm-unknown-linux-gnueabihf-gcc -c -g -O2      conftest.c >&5
configure:4982: $? = 0
configure:4982: result: yes
configure:4982: checking for strings.h
configure:4982: arm-unknown-linux-gnueabihf-gcc -c -g -O2      conftest.c >&5
configure:4982: $? = 0
configure:4982: result: yes
configure:4982: checking for inttypes.h
configure:4982: arm-unknown-linux-gnueabihf-gcc -c -g -O2      conftest.c >&5
configure:4982: $? = 0
configure:4982: result: yes
configure:4982: checking for stdint.h
configure:4982: arm-unknown-linux-gnueabihf-gcc -c -g -O2      conftest.c >&5
configure:4982: $? = 0
configure:4982: result: yes
configure:4982: checking for unistd.h
configure:4982: arm-unknown-linux-gnueabihf-gcc -c -g -O2      conftest.c >&5
configure:4982: $? = 0
configure:4982: result: yes
configure:4995: checking minix/config.h usability
configure:4995: arm-unknown-linux-gnueabihf-gcc -c -g -O2      conftest.c >&5
conftest.c:54:10: fatal error: minix/config.h: No such file or directory
   54 | #include <minix/config.h>
      |          ^~~~~~~~~~~~~~~~
compilation terminated.
configure:4995: $? = 1
configure: failed program was:
| /* confdefs.h */
| #define PACKAGE_NAME "bfd"
| #define PACKAGE_TARNAME "bfd"
| #define PACKAGE_VERSION "2.42"
| #define PACKAGE_STRING "bfd 2.42"
| #define PACKAGE_BUGREPORT ""
| #define PACKAGE_URL ""
| #define PACKAGE "bfd"
| #define VERSION "2.42"
| #define STDC_HEADERS 1
| #define HAVE_SYS_TYPES_H 1
| #define HAVE_SYS_STAT_H 1
| #define HAVE_STDLIB_H 1
| #define HAVE_STRING_H 1
| #define HAVE_MEMORY_H 1
| #define HAVE_STRINGS_H 1
| #define HAVE_INTTYPES_H 1
| #define HAVE_STDINT_H 1
| #define HAVE_UNISTD_H 1
| /* end confdefs.h.  */
| #include <stdio.h>
| #ifdef HAVE_SYS_TYPES_H
| # include <sys/types.h>
| #endif
| #ifdef HAVE_SYS_STAT_H
| # include <sys/stat.h>
| #endif
| #ifdef STDC_HEADERS
| # include <stdlib.h>
| # include <stddef.h>
| #else
| # ifdef HAVE_STDLIB_H
| #  include <stdlib.h>
| # endif
| #endif
| #ifdef HAVE_STRING_H
| # if !defined STDC_HEADERS && defined HAVE_MEMORY_H
| #  include <memory.h>
| # endif
| # include <string.h>
| #endif
| #ifdef HAVE_STRINGS_H
| # include <strings.h>
| #endif
| #ifdef HAVE_INTTYPES_H
| # include <inttypes.h>
| #endif
| #ifdef HAVE_STDINT_H
| # include <stdint.h>
| #endif
| #ifdef HAVE_UNISTD_H
| # include <unistd.h>
| #endif
| #include <minix/config.h>
configure:4995: result: no
configure:4995: checking minix/config.h presence
configure:4995: arm-unknown-linux-gnueabihf-gcc -E  conftest.c
conftest.c:21:10: fatal error: minix/config.h: No such file or directory
   21 | #include <minix/config.h>
      |          ^~~~~~~~~~~~~~~~
compilation terminated.
configure:4995: $? = 1
configure: failed program was:
| /* confdefs.h */
| #define PACKAGE_NAME "bfd"
| #define PACKAGE_TARNAME "bfd"
| #define PACKAGE_VERSION "2.42"
| #define PACKAGE_STRING "bfd 2.42"
| #define PACKAGE_BUGREPORT ""
| #define PACKAGE_URL ""
| #define PACKAGE "bfd"
| #define VERSION "2.42"
| #define STDC_HEADERS 1
| #define HAVE_SYS_TYPES_H 1
| #define HAVE_SYS_STAT_H 1
| #define HAVE_STDLIB_H 1
| #define HAVE_STRING_H 1
| #define HAVE_MEMORY_H 1
| #define HAVE_STRINGS_H 1
| #define HAVE_INTTYPES_H 1
| #define HAVE_STDINT_H 1
| #define HAVE_UNISTD_H 1
| /* end confdefs.h.  */
| #include <minix/config.h>
configure:4995: result: no
configure:4995: checking for minix/config.h
configure:4995: result: no
configure:5016: checking whether it is safe to define __EXTENSIONS__
configure:5034: arm-unknown-linux-gnueabihf-gcc -c -g -O2      conftest.c >&5
configure:5034: $? = 0
configure:5041: result: yes
configure:5104: checking how to print strings
configure:5131: result: printf
configure:5152: checking for a sed that does not truncate output
configure:5216: result: /usr/bin/sed
configure:5234: checking for fgrep
configure:5296: result: /usr/bin/grep -F
configure:5331: checking for ld used by arm-unknown-linux-gnueabihf-gcc
configure:5398: result: /home/dev/x-tools/arm-unknown-linux-gnueabihf/lib/gcc/arm-unknown-linux-gnueabihf/9.5.0/../../../../arm-unknown-linux-gnueabihf/bin/ld
configure:5405: checking if the linker (/home/dev/x-tools/arm-unknown-linux-gnueabihf/lib/gcc/arm-unknown-linux-gnueabihf/9.5.0/../../../../arm-unknown-linux-gnueabihf/bin/ld) is GNU ld
configure:5420: result: yes
configure:5432: checking for BSD- or MS-compatible name lister (nm)
configure:5488: result: /home/dev/x-tools/arm-unknown-linux-gnueabihf/bin/arm-unknown-linux-gnueabihf-nm -B
configure:5618: checking the name lister (/home/dev/x-tools/arm-unknown-linux-gnueabihf/bin/arm-unknown-linux-gnueabihf-nm -B) interface
configure:5625: arm-unknown-linux-gnueabihf-gcc -c -g -O2      conftest.c >&5
configure:5628: /home/dev/x-tools/arm-unknown-linux-gnueabihf/bin/arm-unknown-linux-gnueabihf-nm -B "conftest.o"
configure:5631: output
00000000 B some_variable
configure:5638: result: BSD nm
configure:5641: checking whether ln -s works
configure:5645: result: yes
configure:5653: checking the maximum length of command line arguments
configure:5778: result: 1572864
configure:5795: checking whether the shell understands some XSI constructs
configure:5805: result: yes
configure:5809: checking whether the shell understands "+="
configure:5815: result: yes
configure:5850: checking for /home/dev/x-tools/arm-unknown-linux-gnueabihf/lib/gcc/arm-unknown-linux-gnueabihf/9.5.0/../../../../arm-unknown-linux-gnueabihf/bin/ld option to reload object files
configure:5857: result: -r
configure:5886: checking for arm-unknown-linux-gnueabihf-objdump
configure:5913: result: arm-unknown-linux-gnueabihf-objdump
configure:5985: checking how to recognize dependent libraries
configure:6191: result: pass_all
configure:6224: checking for arm-unknown-linux-gnueabihf-ar
configure:6251: result: arm-unknown-linux-gnueabihf-ar 
configure:6319: WARNING: Failed: arm-unknown-linux-gnueabihf-ar  --plugin /home/dev/x-tools/arm-unknown-linux-gnueabihf/libexec/gcc/arm-unknown-linux-gnueabihf/9.5.0/liblto_plugin.so rc
configure:6342: checking for arm-unknown-linux-gnueabihf-strip
configure:6369: result: arm-unknown-linux-gnueabihf-strip
configure:6441: checking for arm-unknown-linux-gnueabihf-ranlib
configure:6468: result: arm-unknown-linux-gnueabihf-ranlib 
configure:6615: checking command to parse /home/dev/x-tools/arm-unknown-linux-gnueabihf/bin/arm-unknown-linux-gnueabihf-nm -B output from arm-unknown-linux-gnueabihf-gcc object
configure:6733: arm-unknown-linux-gnueabihf-gcc -c -g -O2      conftest.c >&5
configure:6736: $? = 0
configure:6740: /home/dev/x-tools/arm-unknown-linux-gnueabihf/bin/arm-unknown-linux-gnueabihf-nm -B conftest.o \| sed -n -e 's/^.*[ ]\([ABCDGIRSTW][ABCDGIRSTW]*\)[ ][ ]*\([_A-Za-z][_A-Za-z0-9]*\)$/\1 \2 \2/p' \> conftest.nm
configure:6743: $? = 0
configure:6797: arm-unknown-linux-gnueabihf-gcc -o conftest -g -O2        conftest.c conftstm.o >&5
configure:6800: $? = 0
configure:6838: result: ok
configure:7688: checking for dlfcn.h
configure:7688: arm-unknown-linux-gnueabihf-gcc -c -g -O2      conftest.c >&5
configure:7688: $? = 0
configure:7688: result: yes
configure:7844: checking for objdir
configure:7859: result: .libs
configure:8130: checking if arm-unknown-linux-gnueabihf-gcc supports -fno-rtti -fno-exceptions
configure:8148: arm-unknown-linux-gnueabihf-gcc -c -g -O2      -fno-rtti -fno-exceptions conftest.c >&5
cc1: warning: command line option '-fno-rtti' is valid for C++/D/ObjC++ but not for C
configure:8152: $? = 0
configure:8165: result: no
configure:8185: checking for arm-unknown-linux-gnueabihf-gcc option to produce PIC
configure:8471: result: -fPIC -DPIC
configure:8483: checking if arm-unknown-linux-gnueabihf-gcc PIC flag -fPIC -DPIC works
configure:8501: arm-unknown-linux-gnueabihf-gcc -c -g -O2      -fPIC -DPIC -DPIC conftest.c >&5
configure:8505: $? = 0
configure:8518: result: yes
configure:8542: checking if arm-unknown-linux-gnueabihf-gcc static flag -static works
configure:8570: result: yes
configure:8585: checking if arm-unknown-linux-gnueabihf-gcc supports -c -o file.o
configure:8606: arm-unknown-linux-gnueabihf-gcc -c -g -O2      -o out/conftest2.o conftest.c >&5
configure:8610: $? = 0
configure:8632: result: yes
configure:8640: checking if arm-unknown-linux-gnueabihf-gcc supports -c -o file.o
configure:8687: result: yes
configure:8720: checking whether the arm-unknown-linux-gnueabihf-gcc linker (/home/dev/x-tools/arm-unknown-linux-gnueabihf/lib/gcc/arm-unknown-linux-gnueabihf/9.5.0/../../../../arm-unknown-linux-gnueabihf/bin/ld) supports shared libraries
configure:9791: result: yes
configure:10036: checking dynamic linker characteristics
configure:10482: arm-unknown-linux-gnueabihf-gcc -o conftest -g -O2        -Wl,-rpath -Wl,/foo conftest.c  >&5
configure:10482: $? = 0
configure:10723: result: GNU/Linux ld.so
configure:10830: checking how to hardcode library paths into programs
configure:10855: result: immediate
configure:10949: checking for shl_load
configure:10949: arm-unknown-linux-gnueabihf-gcc -o conftest -g -O2        conftest.c  >&5
/home/dev/x-tools/arm-unknown-linux-gnueabihf/lib/gcc/arm-unknown-linux-gnueabihf/9.5.0/../../../../arm-unknown-linux-gnueabihf/bin/ld: /tmp/cc45N0in.o: in function `main':
/home/dev/Desktop/ClaraColour/python/crosstoolsng/binutils-2.42/bfd/conftest.c:62: undefined reference to `shl_load'
collect2: error: ld returned 1 exit status
configure:10949: $? = 1
configure: failed program was:
| /* confdefs.h */
| #define PACKAGE_NAME "bfd"
| #define PACKAGE_TARNAME "bfd"
| #define PACKAGE_VERSION "2.42"
| #define PACKAGE_STRING "bfd 2.42"
| #define PACKAGE_BUGREPORT ""
| #define PACKAGE_URL ""
| #define PACKAGE "bfd"
| #define VERSION "2.42"
| #define STDC_HEADERS 1
| #define HAVE_SYS_TYPES_H 1
| #define HAVE_SYS_STAT_H 1
| #define HAVE_STDLIB_H 1
| #define HAVE_STRING_H 1
| #define HAVE_MEMORY_H 1
| #define HAVE_STRINGS_H 1
| #define HAVE_INTTYPES_H 1
| #define HAVE_STDINT_H 1
| #define HAVE_UNISTD_H 1
| #define __EXTENSIONS__ 1
| #define _ALL_SOURCE 1
| #define _GNU_SOURCE 1
| #define _POSIX_PTHREAD_SEMANTICS 1
| #define _TANDEM_SOURCE 1
| #define HAVE_DLFCN_H 1
| #define LT_OBJDIR ".libs/"
| /* end confdefs.h.  */
| /* Define shl_load to an innocuous variant, in case <limits.h> declares shl_load.
|    For example, HP-UX 11i <limits.h> declares gettimeofday.  */
| #define shl_load innocuous_shl_load
| 
| /* System header to define __stub macros and hopefully few prototypes,
|     which can conflict with char shl_load (); below.
|     Prefer <limits.h> to <assert.h> if __STDC__ is defined, since
|     <limits.h> exists even on freestanding compilers.  */
| 
| #ifdef __STDC__
| # include <limits.h>
| #else
| # include <assert.h>
| #endif
| 
| #undef shl_load
| 
| /* Override any GCC internal prototype to avoid an error.
|    Use char because int might match the return type of a GCC
|    builtin and then its argument prototype would still apply.  */
| #ifdef __cplusplus
| extern "C"
| #endif
| char shl_load ();
| /* The GNU C library defines this for functions which it implements
|     to always fail with ENOSYS.  Some functions are actually named
|     something starting with __ and the normal name is an alias.  */
| #if defined __stub_shl_load || defined __stub___shl_load
| choke me
| #endif
| 
| int
| main ()
| {
| return shl_load ();
|   ;
|   return 0;
| }
configure:10949: result: no
configure:10953: checking for shl_load in -ldld
configure:10978: arm-unknown-linux-gnueabihf-gcc -o conftest -g -O2        conftest.c -ldld   >&5
/home/dev/x-tools/arm-unknown-linux-gnueabihf/lib/gcc/arm-unknown-linux-gnueabihf/9.5.0/../../../../arm-unknown-linux-gnueabihf/bin/ld: cannot find -ldld
collect2: error: ld returned 1 exit status
configure:10978: $? = 1
configure: failed program was:
| /* confdefs.h */
| #define PACKAGE_NAME "bfd"
| #define PACKAGE_TARNAME "bfd"
| #define PACKAGE_VERSION "2.42"
| #define PACKAGE_STRING "bfd 2.42"
| #define PACKAGE_BUGREPORT ""
| #define PACKAGE_URL ""
| #define PACKAGE "bfd"
| #define VERSION "2.42"
| #define STDC_HEADERS 1
| #define HAVE_SYS_TYPES_H 1
| #define HAVE_SYS_STAT_H 1
| #define HAVE_STDLIB_H 1
| #define HAVE_STRING_H 1
| #define HAVE_MEMORY_H 1
| #define HAVE_STRINGS_H 1
| #define HAVE_INTTYPES_H 1
| #define HAVE_STDINT_H 1
| #define HAVE_UNISTD_H 1
| #define __EXTENSIONS__ 1
| #define _ALL_SOURCE 1
| #define _GNU_SOURCE 1
| #define _POSIX_PTHREAD_SEMANTICS 1
| #define _TANDEM_SOURCE 1
| #define HAVE_DLFCN_H 1
| #define LT_OBJDIR ".libs/"
| /* end confdefs.h.  */
| 
| /* Override any GCC internal prototype to avoid an error.
|    Use char because int might match the return type of a GCC
|    builtin and then its argument prototype would still apply.  */
| #ifdef __cplusplus
| extern "C"
| #endif
| char shl_load ();
| int
| main ()
| {
| return shl_load ();
|   ;
|   return 0;
| }
configure:10987: result: no
configure:10992: checking for dlopen
configure:10992: arm-unknown-linux-gnueabihf-gcc -o conftest -g -O2        conftest.c  >&5
/home/dev/x-tools/arm-unknown-linux-gnueabihf/lib/gcc/arm-unknown-linux-gnueabihf/9.5.0/../../../../arm-unknown-linux-gnueabihf/bin/ld: /tmp/ccWE1P4J.o: in function `main':
/home/dev/Desktop/ClaraColour/python/crosstoolsng/binutils-2.42/bfd/conftest.c:62: undefined reference to `dlopen'
collect2: error: ld returned 1 exit status
configure:10992: $? = 1
configure: failed program was:
| /* confdefs.h */
| #define PACKAGE_NAME "bfd"
| #define PACKAGE_TARNAME "bfd"
| #define PACKAGE_VERSION "2.42"
| #define PACKAGE_STRING "bfd 2.42"
| #define PACKAGE_BUGREPORT ""
| #define PACKAGE_URL ""
| #define PACKAGE "bfd"
| #define VERSION "2.42"
| #define STDC_HEADERS 1
| #define HAVE_SYS_TYPES_H 1
| #define HAVE_SYS_STAT_H 1
| #define HAVE_STDLIB_H 1
| #define HAVE_STRING_H 1
| #define HAVE_MEMORY_H 1
| #define HAVE_STRINGS_H 1
| #define HAVE_INTTYPES_H 1
| #define HAVE_STDINT_H 1
| #define HAVE_UNISTD_H 1
| #define __EXTENSIONS__ 1
| #define _ALL_SOURCE 1
| #define _GNU_SOURCE 1
| #define _POSIX_PTHREAD_SEMANTICS 1
| #define _TANDEM_SOURCE 1
| #define HAVE_DLFCN_H 1
| #define LT_OBJDIR ".libs/"
| /* end confdefs.h.  */
| /* Define dlopen to an innocuous variant, in case <limits.h> declares dlopen.
|    For example, HP-UX 11i <limits.h> declares gettimeofday.  */
| #define dlopen innocuous_dlopen
| 
| /* System header to define __stub macros and hopefully few prototypes,
|     which can conflict with char dlopen (); below.
|     Prefer <limits.h> to <assert.h> if __STDC__ is defined, since
|     <limits.h> exists even on freestanding compilers.  */
| 
| #ifdef __STDC__
| # include <limits.h>
| #else
| # include <assert.h>
| #endif
| 
| #undef dlopen
| 
| /* Override any GCC internal prototype to avoid an error.
|    Use char because int might match the return type of a GCC
|    builtin and then its argument prototype would still apply.  */
| #ifdef __cplusplus
| extern "C"
| #endif
| char dlopen ();
| /* The GNU C library defines this for functions which it implements
|     to always fail with ENOSYS.  Some functions are actually named
|     something starting with __ and the normal name is an alias.  */
| #if defined __stub_dlopen || defined __stub___dlopen
| choke me
| #endif
| 
| int
| main ()
| {
| return dlopen ();
|   ;
|   return 0;
| }
configure:10992: result: no
configure:10996: checking for dlopen in -ldl
configure:11021: arm-unknown-linux-gnueabihf-gcc -o conftest -g -O2        conftest.c -ldl   >&5
configure:11021: $? = 0
configure:11030: result: yes
configure:11149: checking whether a program can dlopen itself
configure:11250: result: cross
configure:11395: checking whether stripping libraries is possible
configure:11400: result: yes
configure:11435: checking if libtool supports shared libraries
configure:11437: result: yes
configure:11440: checking whether to build shared libraries
configure:11461: result: no
configure:11464: checking whether to build static libraries
configure:11468: result: yes
configure:11518: checking for dlfcn.h
configure:11518: result: yes
configure:11531: checking for windows.h
configure:11531: arm-unknown-linux-gnueabihf-gcc -c -g -O2      conftest.c >&5
conftest.c:63:10: fatal error: windows.h: No such file or directory
   63 | #include <windows.h>
      |          ^~~~~~~~~~~
compilation terminated.
configure:11531: $? = 1
configure: failed program was:
| /* confdefs.h */
| #define PACKAGE_NAME "bfd"
| #define PACKAGE_TARNAME "bfd"
| #define PACKAGE_VERSION "2.42"
| #define PACKAGE_STRING "bfd 2.42"
| #define PACKAGE_BUGREPORT ""
| #define PACKAGE_URL ""
| #define PACKAGE "bfd"
| #define VERSION "2.42"
| #define STDC_HEADERS 1
| #define HAVE_SYS_TYPES_H 1
| #define HAVE_SYS_STAT_H 1
| #define HAVE_STDLIB_H 1
| #define HAVE_STRING_H 1
| #define HAVE_MEMORY_H 1
| #define HAVE_STRINGS_H 1
| #define HAVE_INTTYPES_H 1
| #define HAVE_STDINT_H 1
| #define HAVE_UNISTD_H 1
| #define __EXTENSIONS__ 1
| #define _ALL_SOURCE 1
| #define _GNU_SOURCE 1
| #define _POSIX_PTHREAD_SEMANTICS 1
| #define _TANDEM_SOURCE 1
| #define HAVE_DLFCN_H 1
| #define LT_OBJDIR ".libs/"
| #define HAVE_DLFCN_H 1
| /* end confdefs.h.  */
| #include <stdio.h>
| #ifdef HAVE_SYS_TYPES_H
| # include <sys/types.h>
| #endif
| #ifdef HAVE_SYS_STAT_H
| # include <sys/stat.h>
| #endif
| #ifdef STDC_HEADERS
| # include <stdlib.h>
| # include <stddef.h>
| #else
| # ifdef HAVE_STDLIB_H
| #  include <stdlib.h>
| # endif
| #endif
| #ifdef HAVE_STRING_H
| # if !defined STDC_HEADERS && defined HAVE_MEMORY_H
| #  include <memory.h>
| # endif
| # include <string.h>
| #endif
| #ifdef HAVE_STRINGS_H
| # include <strings.h>
| #endif
| #ifdef HAVE_INTTYPES_H
| # include <inttypes.h>
| #endif
| #ifdef HAVE_STDINT_H
| # include <stdint.h>
| #endif
| #ifdef HAVE_UNISTD_H
| # include <unistd.h>
| #endif
| 
| #include <windows.h>
configure:11531: result: no
configure:11558: checking for library containing dlsym
configure:11589: arm-unknown-linux-gnueabihf-gcc -o conftest -g -O2        conftest.c  >&5
/home/dev/x-tools/arm-unknown-linux-gnueabihf/lib/gcc/arm-unknown-linux-gnueabihf/9.5.0/../../../../arm-unknown-linux-gnueabihf/bin/ld: /tmp/ccaHCXfC.o: in function `main':
/home/dev/Desktop/ClaraColour/python/crosstoolsng/binutils-2.42/bfd/conftest.c:40: undefined reference to `dlsym'
collect2: error: ld returned 1 exit status
configure:11589: $? = 1
configure: failed program was:
| /* confdefs.h */
| #define PACKAGE_NAME "bfd"
| #define PACKAGE_TARNAME "bfd"
| #define PACKAGE_VERSION "2.42"
| #define PACKAGE_STRING "bfd 2.42"
| #define PACKAGE_BUGREPORT ""
| #define PACKAGE_URL ""
| #define PACKAGE "bfd"
| #define VERSION "2.42"
| #define STDC_HEADERS 1
| #define HAVE_SYS_TYPES_H 1
| #define HAVE_SYS_STAT_H 1
| #define HAVE_STDLIB_H 1
| #define HAVE_STRING_H 1
| #define HAVE_MEMORY_H 1
| #define HAVE_STRINGS_H 1
| #define HAVE_INTTYPES_H 1
| #define HAVE_STDINT_H 1
| #define HAVE_UNISTD_H 1
| #define __EXTENSIONS__ 1
| #define _ALL_SOURCE 1
| #define _GNU_SOURCE 1
| #define _POSIX_PTHREAD_SEMANTICS 1
| #define _TANDEM_SOURCE 1
| #define HAVE_DLFCN_H 1
| #define LT_OBJDIR ".libs/"
| #define HAVE_DLFCN_H 1
| /* end confdefs.h.  */
| 
| /* Override any GCC internal prototype to avoid an error.
|    Use char because int might match the return type of a GCC
|    builtin and then its argument prototype would still apply.  */
| #ifdef __cplusplus
| extern "C"
| #endif
| char dlsym ();
| int
| main ()
| {
| return dlsym ();
|   ;
|   return 0;
| }
configure:11589: arm-unknown-linux-gnueabihf-gcc -o conftest -g -O2        conftest.c -ldl   >&5
configure:11589: $? = 0
configure:11606: result: -ldl
configure:11678: checking for special C compiler options needed for large files
configure:11723: result: no
configure:11729: checking for _FILE_OFFSET_BITS value needed for large files
configure:11754: arm-unknown-linux-gnueabihf-gcc -c -g -O2      conftest.c >&5
conftest.c:34:33: warning: left shift count >= width of type [-Wshift-count-overflow]
   34 | #define LARGE_OFF_T (((off_t) 1 << 62) - 1 + ((off_t) 1 << 62))
      |                                 ^~
conftest.c:35:23: note: in expansion of macro 'LARGE_OFF_T'
   35 |   int off_t_is_large[(LARGE_OFF_T % 2147483629 == 721
      |                       ^~~~~~~~~~~
conftest.c:34:57: warning: left shift count >= width of type [-Wshift-count-overflow]
   34 | #define LARGE_OFF_T (((off_t) 1 << 62) - 1 + ((off_t) 1 << 62))
      |                                                         ^~
conftest.c:35:23: note: in expansion of macro 'LARGE_OFF_T'
   35 |   int off_t_is_large[(LARGE_OFF_T % 2147483629 == 721
      |                       ^~~~~~~~~~~
conftest.c:34:33: warning: left shift count >= width of type [-Wshift-count-overflow]
   34 | #define LARGE_OFF_T (((off_t) 1 << 62) - 1 + ((off_t) 1 << 62))
      |                                 ^~
conftest.c:36:13: note: in expansion of macro 'LARGE_OFF_T'
   36 |          && LARGE_OFF_T % 2147483647 == 1)
      |             ^~~~~~~~~~~
conftest.c:34:57: warning: left shift count >= width of type [-Wshift-count-overflow]
   34 | #define LARGE_OFF_T (((off_t) 1 << 62) - 1 + ((off_t) 1 << 62))
      |                                                         ^~
conftest.c:36:13: note: in expansion of macro 'LARGE_OFF_T'
   36 |          && LARGE_OFF_T % 2147483647 == 1)
      |             ^~~~~~~~~~~
conftest.c:35:7: error: variably modified 'off_t_is_large' at file scope
   35 |   int off_t_is_large[(LARGE_OFF_T % 2147483629 == 721
      |       ^~~~~~~~~~~~~~
configure:11754: $? = 1
configure: failed program was:
| /* confdefs.h */
| #define PACKAGE_NAME "bfd"
| #define PACKAGE_TARNAME "bfd"
| #define PACKAGE_VERSION "2.42"
| #define PACKAGE_STRING "bfd 2.42"
| #define PACKAGE_BUGREPORT ""
| #define PACKAGE_URL ""
| #define PACKAGE "bfd"
| #define VERSION "2.42"
| #define STDC_HEADERS 1
| #define HAVE_SYS_TYPES_H 1
| #define HAVE_SYS_STAT_H 1
| #define HAVE_STDLIB_H 1
| #define HAVE_STRING_H 1
| #define HAVE_MEMORY_H 1
| #define HAVE_STRINGS_H 1
| #define HAVE_INTTYPES_H 1
| #define HAVE_STDINT_H 1
| #define HAVE_UNISTD_H 1
| #define __EXTENSIONS__ 1
| #define _ALL_SOURCE 1
| #define _GNU_SOURCE 1
| #define _POSIX_PTHREAD_SEMANTICS 1
| #define _TANDEM_SOURCE 1
| #define HAVE_DLFCN_H 1
| #define LT_OBJDIR ".libs/"
| #define HAVE_DLFCN_H 1
| /* end confdefs.h.  */
| #include <sys/types.h>
|  /* Check that off_t can represent 2**63 - 1 correctly.
|     We can't simply define LARGE_OFF_T to be 9223372036854775807,
|     since some C++ compilers masquerading as C compilers
|     incorrectly reject 9223372036854775807.  */
| #define LARGE_OFF_T (((off_t) 1 << 62) - 1 + ((off_t) 1 << 62))
|   int off_t_is_large[(LARGE_OFF_T % 2147483629 == 721
| 		       && LARGE_OFF_T % 2147483647 == 1)
| 		      ? 1 : -1];
| int
| main ()
| {
| 
|   ;
|   return 0;
| }
configure:11778: arm-unknown-linux-gnueabihf-gcc -c -g -O2      conftest.c >&5
configure:11778: $? = 0
configure:11786: result: 64
configure:11941: checking size of void *
configure:11946: arm-unknown-linux-gnueabihf-gcc -c -g -O2      conftest.c >&5
configure:11946: $? = 0
configure:11946: arm-unknown-linux-gnueabihf-gcc -c -g -O2      conftest.c >&5
conftest.c: In function 'main':
conftest.c:66:12: error: size of array 'test_array' is negative
   66 | static int test_array [1 - 2 * !(((long int) (sizeof (void *))) <= 0)];
      |            ^~~~~~~~~~
configure:11946: $? = 1
configure: failed program was:
| /* confdefs.h */
| #define PACKAGE_NAME "bfd"
| #define PACKAGE_TARNAME "bfd"
| #define PACKAGE_VERSION "2.42"
| #define PACKAGE_STRING "bfd 2.42"
| #define PACKAGE_BUGREPORT ""
| #define PACKAGE_URL ""
| #define PACKAGE "bfd"
| #define VERSION "2.42"
| #define STDC_HEADERS 1
| #define HAVE_SYS_TYPES_H 1
| #define HAVE_SYS_STAT_H 1
| #define HAVE_STDLIB_H 1
| #define HAVE_STRING_H 1
| #define HAVE_MEMORY_H 1
| #define HAVE_STRINGS_H 1
| #define HAVE_INTTYPES_H 1
| #define HAVE_STDINT_H 1
| #define HAVE_UNISTD_H 1
| #define __EXTENSIONS__ 1
| #define _ALL_SOURCE 1
| #define _GNU_SOURCE 1
| #define _POSIX_PTHREAD_SEMANTICS 1
| #define _TANDEM_SOURCE 1
| #define HAVE_DLFCN_H 1
| #define LT_OBJDIR ".libs/"
| #define HAVE_DLFCN_H 1
| #define _FILE_OFFSET_BITS 64
| /* end confdefs.h.  */
| #include <stdio.h>
| #ifdef HAVE_SYS_TYPES_H
| # include <sys/types.h>
| #endif
| #ifdef HAVE_SYS_STAT_H
| # include <sys/stat.h>
| #endif
| #ifdef STDC_HEADERS
| # include <stdlib.h>
| # include <stddef.h>
| #else
| # ifdef HAVE_STDLIB_H
| #  include <stdlib.h>
| # endif
| #endif
| #ifdef HAVE_STRING_H
| # if !defined STDC_HEADERS && defined HAVE_MEMORY_H
| #  include <memory.h>
| # endif
| # include <string.h>
| #endif
| #ifdef HAVE_STRINGS_H
| # include <strings.h>
| #endif
| #ifdef HAVE_INTTYPES_H
| # include <inttypes.h>
| #endif
| #ifdef HAVE_STDINT_H
| # include <stdint.h>
| #endif
| #ifdef HAVE_UNISTD_H
| # include <unistd.h>
| #endif
| int
| main ()
| {
| static int test_array [1 - 2 * !(((long int) (sizeof (void *))) <= 0)];
| test_array [0] = 0;
| return test_array [0];
| 
|   ;
|   return 0;
| }
configure:11946: arm-unknown-linux-gnueabihf-gcc -c -g -O2      conftest.c >&5
conftest.c: In function 'main':
conftest.c:66:12: error: size of array 'test_array' is negative
   66 | static int test_array [1 - 2 * !(((long int) (sizeof (void *))) <= 1)];
      |            ^~~~~~~~~~
configure:11946: $? = 1
configure: failed program was:
| /* confdefs.h */
| #define PACKAGE_NAME "bfd"
| #define PACKAGE_TARNAME "bfd"
| #define PACKAGE_VERSION "2.42"
| #define PACKAGE_STRING "bfd 2.42"
| #define PACKAGE_BUGREPORT ""
| #define PACKAGE_URL ""
| #define PACKAGE "bfd"
| #define VERSION "2.42"
| #define STDC_HEADERS 1
| #define HAVE_SYS_TYPES_H 1
| #define HAVE_SYS_STAT_H 1
| #define HAVE_STDLIB_H 1
| #define HAVE_STRING_H 1
| #define HAVE_MEMORY_H 1
| #define HAVE_STRINGS_H 1
| #define HAVE_INTTYPES_H 1
| #define HAVE_STDINT_H 1
| #define HAVE_UNISTD_H 1
| #define __EXTENSIONS__ 1
| #define _ALL_SOURCE 1
| #define _GNU_SOURCE 1
| #define _POSIX_PTHREAD_SEMANTICS 1
| #define _TANDEM_SOURCE 1
| #define HAVE_DLFCN_H 1
| #define LT_OBJDIR ".libs/"
| #define HAVE_DLFCN_H 1
| #define _FILE_OFFSET_BITS 64
| /* end confdefs.h.  */
| #include <stdio.h>
| #ifdef HAVE_SYS_TYPES_H
| # include <sys/types.h>
| #endif
| #ifdef HAVE_SYS_STAT_H
| # include <sys/stat.h>
| #endif
| #ifdef STDC_HEADERS
| # include <stdlib.h>
| # include <stddef.h>
| #else
| # ifdef HAVE_STDLIB_H
| #  include <stdlib.h>
| # endif
| #endif
| #ifdef HAVE_STRING_H
| # if !defined STDC_HEADERS && defined HAVE_MEMORY_H
| #  include <memory.h>
| # endif
| # include <string.h>
| #endif
| #ifdef HAVE_STRINGS_H
| # include <strings.h>
| #endif
| #ifdef HAVE_INTTYPES_H
| # include <inttypes.h>
| #endif
| #ifdef HAVE_STDINT_H
| # include <stdint.h>
| #endif
| #ifdef HAVE_UNISTD_H
| # include <unistd.h>
| #endif
| int
| main ()
| {
| static int test_array [1 - 2 * !(((long int) (sizeof (void *))) <= 1)];
| test_array [0] = 0;
| return test_array [0];
| 
|   ;
|   return 0;
| }
configure:11946: arm-unknown-linux-gnueabihf-gcc -c -g -O2      conftest.c >&5
conftest.c: In function 'main':
conftest.c:66:12: error: size of array 'test_array' is negative
   66 | static int test_array [1 - 2 * !(((long int) (sizeof (void *))) <= 3)];
      |            ^~~~~~~~~~
configure:11946: $? = 1
configure: failed program was:
| /* confdefs.h */
| #define PACKAGE_NAME "bfd"
| #define PACKAGE_TARNAME "bfd"
| #define PACKAGE_VERSION "2.42"
| #define PACKAGE_STRING "bfd 2.42"
| #define PACKAGE_BUGREPORT ""
| #define PACKAGE_URL ""
| #define PACKAGE "bfd"
| #define VERSION "2.42"
| #define STDC_HEADERS 1
| #define HAVE_SYS_TYPES_H 1
| #define HAVE_SYS_STAT_H 1
| #define HAVE_STDLIB_H 1
| #define HAVE_STRING_H 1
| #define HAVE_MEMORY_H 1
| #define HAVE_STRINGS_H 1
| #define HAVE_INTTYPES_H 1
| #define HAVE_STDINT_H 1
| #define HAVE_UNISTD_H 1
| #define __EXTENSIONS__ 1
| #define _ALL_SOURCE 1
| #define _GNU_SOURCE 1
| #define _POSIX_PTHREAD_SEMANTICS 1
| #define _TANDEM_SOURCE 1
| #define HAVE_DLFCN_H 1
| #define LT_OBJDIR ".libs/"
| #define HAVE_DLFCN_H 1
| #define _FILE_OFFSET_BITS 64
| /* end confdefs.h.  */
| #include <stdio.h>
| #ifdef HAVE_SYS_TYPES_H
| # include <sys/types.h>
| #endif
| #ifdef HAVE_SYS_STAT_H
| # include <sys/stat.h>
| #endif
| #ifdef STDC_HEADERS
| # include <stdlib.h>
| # include <stddef.h>
| #else
| # ifdef HAVE_STDLIB_H
| #  include <stdlib.h>
| # endif
| #endif
| #ifdef HAVE_STRING_H
| # if !defined STDC_HEADERS && defined HAVE_MEMORY_H
| #  include <memory.h>
| # endif
| # include <string.h>
| #endif
| #ifdef HAVE_STRINGS_H
| # include <strings.h>
| #endif
| #ifdef HAVE_INTTYPES_H
| # include <inttypes.h>
| #endif
| #ifdef HAVE_STDINT_H
| # include <stdint.h>
| #endif
| #ifdef HAVE_UNISTD_H
| # include <unistd.h>
| #endif
| int
| main ()
| {
| static int test_array [1 - 2 * !(((long int) (sizeof (void *))) <= 3)];
| test_array [0] = 0;
| return test_array [0];
| 
|   ;
|   return 0;
| }
configure:11946: arm-unknown-linux-gnueabihf-gcc -c -g -O2      conftest.c >&5
configure:11946: $? = 0
configure:11946: arm-unknown-linux-gnueabihf-gcc -c -g -O2      conftest.c >&5
configure:11946: $? = 0
configure:11946: arm-unknown-linux-gnueabihf-gcc -c -g -O2      conftest.c >&5
configure:11946: $? = 0
configure:11960: result: 4
configure:12315: checking whether to enable maintainer-specific portions of Makefiles
configure:12324: result: no
configure:12360: checking whether to install libbfd
configure:12373: result: yes
configure:12403: checking whether byte ordering is bigendian
configure:12418: arm-unknown-linux-gnueabihf-gcc -c -g -O2      conftest.c >&5
conftest.c:34:9: error: unknown type name 'not'
   34 |         not a universal capable compiler
      |         ^~~
conftest.c:34:15: error: expected '=', ',', ';', 'asm' or '__attribute__' before 'universal'
   34 |         not a universal capable compiler
      |               ^~~~~~~~~
conftest.c:34:15: error: unknown type name 'universal'
configure:12418: $? = 1
configure: failed program was:
| /* confdefs.h */
| #define PACKAGE_NAME "bfd"
| #define PACKAGE_TARNAME "bfd"
| #define PACKAGE_VERSION "2.42"
| #define PACKAGE_STRING "bfd 2.42"
| #define PACKAGE_BUGREPORT ""
| #define PACKAGE_URL ""
| #define PACKAGE "bfd"
| #define VERSION "2.42"
| #define STDC_HEADERS 1
| #define HAVE_SYS_TYPES_H 1
| #define HAVE_SYS_STAT_H 1
| #define HAVE_STDLIB_H 1
| #define HAVE_STRING_H 1
| #define HAVE_MEMORY_H 1
| #define HAVE_STRINGS_H 1
| #define HAVE_INTTYPES_H 1
| #define HAVE_STDINT_H 1
| #define HAVE_UNISTD_H 1
| #define __EXTENSIONS__ 1
| #define _ALL_SOURCE 1
| #define _GNU_SOURCE 1
| #define _POSIX_PTHREAD_SEMANTICS 1
| #define _TANDEM_SOURCE 1
| #define HAVE_DLFCN_H 1
| #define LT_OBJDIR ".libs/"
| #define HAVE_DLFCN_H 1
| #define _FILE_OFFSET_BITS 64
| #define SIZEOF_VOID_P 4
| #define USE_SECUREPLT 1
| #define DEFAULT_LD_Z_SEPARATE_CODE 0
| /* end confdefs.h.  */
| #ifndef __APPLE_CC__
| 	       not a universal capable compiler
| 	     #endif
| 	     typedef int dummy;
| 
configure:12463: arm-unknown-linux-gnueabihf-gcc -c -g -O2      conftest.c >&5
configure:12463: $? = 0
configure:12481: arm-unknown-linux-gnueabihf-gcc -c -g -O2      conftest.c >&5
conftest.c: In function 'main':
conftest.c:40:4: error: unknown type name 'not'; did you mean 'ino_t'?
   40 |    not big endian
      |    ^~~
      |    ino_t
conftest.c:40:12: error: expected '=', ',', ';', 'asm' or '__attribute__' before 'endian'
   40 |    not big endian
      |            ^~~~~~
configure:12481: $? = 1
configure: failed program was:
| /* confdefs.h */
| #define PACKAGE_NAME "bfd"
| #define PACKAGE_TARNAME "bfd"
| #define PACKAGE_VERSION "2.42"
| #define PACKAGE_STRING "bfd 2.42"
| #define PACKAGE_BUGREPORT ""
| #define PACKAGE_URL ""
| #define PACKAGE "bfd"
| #define VERSION "2.42"
| #define STDC_HEADERS 1
| #define HAVE_SYS_TYPES_H 1
| #define HAVE_SYS_STAT_H 1
| #define HAVE_STDLIB_H 1
| #define HAVE_STRING_H 1
| #define HAVE_MEMORY_H 1
| #define HAVE_STRINGS_H 1
| #define HAVE_INTTYPES_H 1
| #define HAVE_STDINT_H 1
| #define HAVE_UNISTD_H 1
| #define __EXTENSIONS__ 1
| #define _ALL_SOURCE 1
| #define _GNU_SOURCE 1
| #define _POSIX_PTHREAD_SEMANTICS 1
| #define _TANDEM_SOURCE 1
| #define HAVE_DLFCN_H 1
| #define LT_OBJDIR ".libs/"
| #define HAVE_DLFCN_H 1
| #define _FILE_OFFSET_BITS 64
| #define SIZEOF_VOID_P 4
| #define USE_SECUREPLT 1
| #define DEFAULT_LD_Z_SEPARATE_CODE 0
| /* end confdefs.h.  */
| #include <sys/types.h>
| 		#include <sys/param.h>
| 
| int
| main ()
| {
| #if BYTE_ORDER != BIG_ENDIAN
| 		 not big endian
| 		#endif
| 
|   ;
|   return 0;
| }
configure:12609: result: no
configure:12649: checking whether NLS is requested
configure:12658: result: yes
configure:12696: checking for msgfmt
configure:12727: result: /usr/bin/msgfmt
configure:12736: checking for gmsgfmt
configure:12767: result: /usr/bin/msgfmt
configure:12807: checking for xgettext
configure:12838: result: /usr/bin/xgettext
configure:12878: checking for msgmerge
configure:12908: result: /usr/bin/msgmerge
configure:12983: checking for ld used by GCC
configure:13046: result: /home/dev/x-tools/arm-unknown-linux-gnueabihf/lib/gcc/arm-unknown-linux-gnueabihf/9.5.0/../../../../arm-unknown-linux-gnueabihf/bin/ld
configure:13053: checking if the linker (/home/dev/x-tools/arm-unknown-linux-gnueabihf/lib/gcc/arm-unknown-linux-gnueabihf/9.5.0/../../../../arm-unknown-linux-gnueabihf/bin/ld) is GNU ld
GNU ld (crosstool-NG 1.29.0.3_2e5d0b8) 2.32
configure:13065: result: yes
configure:13071: checking for shared library run path origin
configure:13084: result: done
configure:13531: checking for CFPreferencesCopyAppValue
configure:13549: arm-unknown-linux-gnueabihf-gcc -o conftest -g -O2        conftest.c -ldl  -Wl,-framework -Wl,CoreFoundation >&5
conftest.c:33:10: fatal error: CoreFoundation/CFPreferences.h: No such file or directory
   33 | #include <CoreFoundation/CFPreferences.h>
      |          ^~~~~~~~~~~~~~~~~~~~~~~~~~~~~~~~
compilation terminated.
configure:13549: $? = 1
configure: failed program was:
| /* confdefs.h */
| #define PACKAGE_NAME "bfd"
| #define PACKAGE_TARNAME "bfd"
| #define PACKAGE_VERSION "2.42"
| #define PACKAGE_STRING "bfd 2.42"
| #define PACKAGE_BUGREPORT ""
| #define PACKAGE_URL ""
| #define PACKAGE "bfd"
| #define VERSION "2.42"
| #define STDC_HEADERS 1
| #define HAVE_SYS_TYPES_H 1
| #define HAVE_SYS_STAT_H 1
| #define HAVE_STDLIB_H 1
| #define HAVE_STRING_H 1
| #define HAVE_MEMORY_H 1
| #define HAVE_STRINGS_H 1
| #define HAVE_INTTYPES_H 1
| #define HAVE_STDINT_H 1
| #define HAVE_UNISTD_H 1
| #define __EXTENSIONS__ 1
| #define _ALL_SOURCE 1
| #define _GNU_SOURCE 1
| #define _POSIX_PTHREAD_SEMANTICS 1
| #define _TANDEM_SOURCE 1
| #define HAVE_DLFCN_H 1
| #define LT_OBJDIR ".libs/"
| #define HAVE_DLFCN_H 1
| #define _FILE_OFFSET_BITS 64
| #define SIZEOF_VOID_P 4
| #define USE_SECUREPLT 1
| #define DEFAULT_LD_Z_SEPARATE_CODE 0
| /* end confdefs.h.  */
| #include <CoreFoundation/CFPreferences.h>
| int
| main ()
| {
| CFPreferencesCopyAppValue(NULL, NULL)
|   ;
|   return 0;
| }
configure:13558: result: no
configure:13565: checking for CFLocaleCopyPreferredLanguages
configure:13583: arm-unknown-linux-gnueabihf-gcc -o conftest -g -O2        conftest.c -ldl  -Wl,-framework -Wl,CoreFoundation >&5
conftest.c:33:10: fatal error: CoreFoundation/CFLocale.h: No such file or directory
   33 | #include <CoreFoundation/CFLocale.h>
      |          ^~~~~~~~~~~~~~~~~~~~~~~~~~~
compilation terminated.
configure:13583: $? = 1
configure: failed program was:
| /* confdefs.h */
| #define PACKAGE_NAME "bfd"
| #define PACKAGE_TARNAME "bfd"
| #define PACKAGE_VERSION "2.42"
| #define PACKAGE_STRING "bfd 2.42"
| #define PACKAGE_BUGREPORT ""
| #define PACKAGE_URL ""
| #define PACKAGE "bfd"
| #define VERSION "2.42"
| #define STDC_HEADERS 1
| #define HAVE_SYS_TYPES_H 1
| #define HAVE_SYS_STAT_H 1
| #define HAVE_STDLIB_H 1
| #define HAVE_STRING_H 1
| #define HAVE_MEMORY_H 1
| #define HAVE_STRINGS_H 1
| #define HAVE_INTTYPES_H 1
| #define HAVE_STDINT_H 1
| #define HAVE_UNISTD_H 1
| #define __EXTENSIONS__ 1
| #define _ALL_SOURCE 1
| #define _GNU_SOURCE 1
| #define _POSIX_PTHREAD_SEMANTICS 1
| #define _TANDEM_SOURCE 1
| #define HAVE_DLFCN_H 1
| #define LT_OBJDIR ".libs/"
| #define HAVE_DLFCN_H 1
| #define _FILE_OFFSET_BITS 64
| #define SIZEOF_VOID_P 4
| #define USE_SECUREPLT 1
| #define DEFAULT_LD_Z_SEPARATE_CODE 0
| /* end confdefs.h.  */
| #include <CoreFoundation/CFLocale.h>
| int
| main ()
| {
| CFLocaleCopyPreferredLanguages();
|   ;
|   return 0;
| }
configure:13592: result: no
configure:13642: checking for GNU gettext in libc
configure:13671: arm-unknown-linux-gnueabihf-gcc -o conftest -g -O2        conftest.c -ldl  >&5
configure:13671: $? = 0
configure:13680: result: yes
configure:14472: checking whether to use NLS
configure:14474: result: yes
configure:14477: checking where the gettext function comes from
configure:14488: result: libc
configure:14557: checking whether NLS is requested
configure:14563: result: yes
configure:14569: checking for catalogs to be installed
configure:14601: result:  da es fi fr hr id ja ka pt ro ru rw sr sv tr uk vi zh_CN da es fi fr hr id ja ka pt ro ru rw sr sv tr uk vi zh_CN
configure:14648: checking for msgfmt
configure:14679: result: /usr/bin/msgfmt
configure:14688: checking for gmsgfmt
configure:14719: result: /usr/bin/msgfmt
configure:14759: checking for xgettext
configure:14790: result: /usr/bin/xgettext
configure:14830: checking for msgmerge
configure:14860: result: /usr/bin/msgmerge
configure:14906: checking size of long long
configure:14911: arm-unknown-linux-gnueabihf-gcc -c -g -O2      conftest.c >&5
configure:14911: $? = 0
configure:14911: arm-unknown-linux-gnueabihf-gcc -c -g -O2      conftest.c >&5
conftest.c: In function 'main':
conftest.c:73:12: error: size of array 'test_array' is negative
   73 | static int test_array [1 - 2 * !(((long int) (sizeof (long long))) <= 0)];
      |            ^~~~~~~~~~
configure:14911: $? = 1
configure: failed program was:
| /* confdefs.h */
| #define PACKAGE_NAME "bfd"
| #define PACKAGE_TARNAME "bfd"
| #define PACKAGE_VERSION "2.42"
| #define PACKAGE_STRING "bfd 2.42"
| #define PACKAGE_BUGREPORT ""
| #define PACKAGE_URL ""
| #define PACKAGE "bfd"
| #define VERSION "2.42"
| #define STDC_HEADERS 1
| #define HAVE_SYS_TYPES_H 1
| #define HAVE_SYS_STAT_H 1
| #define HAVE_STDLIB_H 1
| #define HAVE_STRING_H 1
| #define HAVE_MEMORY_H 1
| #define HAVE_STRINGS_H 1
| #define HAVE_INTTYPES_H 1
| #define HAVE_STDINT_H 1
| #define HAVE_UNISTD_H 1
| #define __EXTENSIONS__ 1
| #define _ALL_SOURCE 1
| #define _GNU_SOURCE 1
| #define _POSIX_PTHREAD_SEMANTICS 1
| #define _TANDEM_SOURCE 1
| #define HAVE_DLFCN_H 1
| #define LT_OBJDIR ".libs/"
| #define HAVE_DLFCN_H 1
| #define _FILE_OFFSET_BITS 64
| #define SIZEOF_VOID_P 4
| #define USE_SECUREPLT 1
| #define DEFAULT_LD_Z_SEPARATE_CODE 0
| #define ENABLE_NLS 1
| #define HAVE_GETTEXT 1
| #define HAVE_DCGETTEXT 1
| #define ENABLE_NLS 1
| /* end confdefs.h.  */
| #include <stdio.h>
| #ifdef HAVE_SYS_TYPES_H
| # include <sys/types.h>
| #endif
| #ifdef HAVE_SYS_STAT_H
| # include <sys/stat.h>
| #endif
| #ifdef STDC_HEADERS
| # include <stdlib.h>
| # include <stddef.h>
| #else
| # ifdef HAVE_STDLIB_H
| #  include <stdlib.h>
| # endif
| #endif
| #ifdef HAVE_STRING_H
| # if !defined STDC_HEADERS && defined HAVE_MEMORY_H
| #  include <memory.h>
| # endif
| # include <string.h>
| #endif
| #ifdef HAVE_STRINGS_H
| # include <strings.h>
| #endif
| #ifdef HAVE_INTTYPES_H
| # include <inttypes.h>
| #endif
| #ifdef HAVE_STDINT_H
| # include <stdint.h>
| #endif
| #ifdef HAVE_UNISTD_H
| # include <unistd.h>
| #endif
| int
| main ()
| {
| static int test_array [1 - 2 * !(((long int) (sizeof (long long))) <= 0)];
| test_array [0] = 0;
| return test_array [0];
| 
|   ;
|   return 0;
| }
configure:14911: arm-unknown-linux-gnueabihf-gcc -c -g -O2      conftest.c >&5
conftest.c: In function 'main':
conftest.c:73:12: error: size of array 'test_array' is negative
   73 | static int test_array [1 - 2 * !(((long int) (sizeof (long long))) <= 1)];
      |            ^~~~~~~~~~
configure:14911: $? = 1
configure: failed program was:
| /* confdefs.h */
| #define PACKAGE_NAME "bfd"
| #define PACKAGE_TARNAME "bfd"
| #define PACKAGE_VERSION "2.42"
| #define PACKAGE_STRING "bfd 2.42"
| #define PACKAGE_BUGREPORT ""
| #define PACKAGE_URL ""
| #define PACKAGE "bfd"
| #define VERSION "2.42"
| #define STDC_HEADERS 1
| #define HAVE_SYS_TYPES_H 1
| #define HAVE_SYS_STAT_H 1
| #define HAVE_STDLIB_H 1
| #define HAVE_STRING_H 1
| #define HAVE_MEMORY_H 1
| #define HAVE_STRINGS_H 1
| #define HAVE_INTTYPES_H 1
| #define HAVE_STDINT_H 1
| #define HAVE_UNISTD_H 1
| #define __EXTENSIONS__ 1
| #define _ALL_SOURCE 1
| #define _GNU_SOURCE 1
| #define _POSIX_PTHREAD_SEMANTICS 1
| #define _TANDEM_SOURCE 1
| #define HAVE_DLFCN_H 1
| #define LT_OBJDIR ".libs/"
| #define HAVE_DLFCN_H 1
| #define _FILE_OFFSET_BITS 64
| #define SIZEOF_VOID_P 4
| #define USE_SECUREPLT 1
| #define DEFAULT_LD_Z_SEPARATE_CODE 0
| #define ENABLE_NLS 1
| #define HAVE_GETTEXT 1
| #define HAVE_DCGETTEXT 1
| #define ENABLE_NLS 1
| /* end confdefs.h.  */
| #include <stdio.h>
| #ifdef HAVE_SYS_TYPES_H
| # include <sys/types.h>
| #endif
| #ifdef HAVE_SYS_STAT_H
| # include <sys/stat.h>
| #endif
| #ifdef STDC_HEADERS
| # include <stdlib.h>
| # include <stddef.h>
| #else
| # ifdef HAVE_STDLIB_H
| #  include <stdlib.h>
| # endif
| #endif
| #ifdef HAVE_STRING_H
| # if !defined STDC_HEADERS && defined HAVE_MEMORY_H
| #  include <memory.h>
| # endif
| # include <string.h>
| #endif
| #ifdef HAVE_STRINGS_H
| # include <strings.h>
| #endif
| #ifdef HAVE_INTTYPES_H
| # include <inttypes.h>
| #endif
| #ifdef HAVE_STDINT_H
| # include <stdint.h>
| #endif
| #ifdef HAVE_UNISTD_H
| # include <unistd.h>
| #endif
| int
| main ()
| {
| static int test_array [1 - 2 * !(((long int) (sizeof (long long))) <= 1)];
| test_array [0] = 0;
| return test_array [0];
| 
|   ;
|   return 0;
| }
configure:14911: arm-unknown-linux-gnueabihf-gcc -c -g -O2      conftest.c >&5
conftest.c: In function 'main':
conftest.c:73:12: error: size of array 'test_array' is negative
   73 | static int test_array [1 - 2 * !(((long int) (sizeof (long long))) <= 3)];
      |            ^~~~~~~~~~
configure:14911: $? = 1
configure: failed program was:
| /* confdefs.h */
| #define PACKAGE_NAME "bfd"
| #define PACKAGE_TARNAME "bfd"
| #define PACKAGE_VERSION "2.42"
| #define PACKAGE_STRING "bfd 2.42"
| #define PACKAGE_BUGREPORT ""
| #define PACKAGE_URL ""
| #define PACKAGE "bfd"
| #define VERSION "2.42"
| #define STDC_HEADERS 1
| #define HAVE_SYS_TYPES_H 1
| #define HAVE_SYS_STAT_H 1
| #define HAVE_STDLIB_H 1
| #define HAVE_STRING_H 1
| #define HAVE_MEMORY_H 1
| #define HAVE_STRINGS_H 1
| #define HAVE_INTTYPES_H 1
| #define HAVE_STDINT_H 1
| #define HAVE_UNISTD_H 1
| #define __EXTENSIONS__ 1
| #define _ALL_SOURCE 1
| #define _GNU_SOURCE 1
| #define _POSIX_PTHREAD_SEMANTICS 1
| #define _TANDEM_SOURCE 1
| #define HAVE_DLFCN_H 1
| #define LT_OBJDIR ".libs/"
| #define HAVE_DLFCN_H 1
| #define _FILE_OFFSET_BITS 64
| #define SIZEOF_VOID_P 4
| #define USE_SECUREPLT 1
| #define DEFAULT_LD_Z_SEPARATE_CODE 0
| #define ENABLE_NLS 1
| #define HAVE_GETTEXT 1
| #define HAVE_DCGETTEXT 1
| #define ENABLE_NLS 1
| /* end confdefs.h.  */
| #include <stdio.h>
| #ifdef HAVE_SYS_TYPES_H
| # include <sys/types.h>
| #endif
| #ifdef HAVE_SYS_STAT_H
| # include <sys/stat.h>
| #endif
| #ifdef STDC_HEADERS
| # include <stdlib.h>
| # include <stddef.h>
| #else
| # ifdef HAVE_STDLIB_H
| #  include <stdlib.h>
| # endif
| #endif
| #ifdef HAVE_STRING_H
| # if !defined STDC_HEADERS && defined HAVE_MEMORY_H
| #  include <memory.h>
| # endif
| # include <string.h>
| #endif
| #ifdef HAVE_STRINGS_H
| # include <strings.h>
| #endif
| #ifdef HAVE_INTTYPES_H
| # include <inttypes.h>
| #endif
| #ifdef HAVE_STDINT_H
| # include <stdint.h>
| #endif
| #ifdef HAVE_UNISTD_H
| # include <unistd.h>
| #endif
| int
| main ()
| {
| static int test_array [1 - 2 * !(((long int) (sizeof (long long))) <= 3)];
| test_array [0] = 0;
| return test_array [0];
| 
|   ;
|   return 0;
| }
configure:14911: arm-unknown-linux-gnueabihf-gcc -c -g -O2      conftest.c >&5
conftest.c: In function 'main':
conftest.c:73:12: error: size of array 'test_array' is negative
   73 | static int test_array [1 - 2 * !(((long int) (sizeof (long long))) <= 7)];
      |            ^~~~~~~~~~
configure:14911: $? = 1
configure: failed program was:
| /* confdefs.h */
| #define PACKAGE_NAME "bfd"
| #define PACKAGE_TARNAME "bfd"
| #define PACKAGE_VERSION "2.42"
| #define PACKAGE_STRING "bfd 2.42"
| #define PACKAGE_BUGREPORT ""
| #define PACKAGE_URL ""
| #define PACKAGE "bfd"
| #define VERSION "2.42"
| #define STDC_HEADERS 1
| #define HAVE_SYS_TYPES_H 1
| #define HAVE_SYS_STAT_H 1
| #define HAVE_STDLIB_H 1
| #define HAVE_STRING_H 1
| #define HAVE_MEMORY_H 1
| #define HAVE_STRINGS_H 1
| #define HAVE_INTTYPES_H 1
| #define HAVE_STDINT_H 1
| #define HAVE_UNISTD_H 1
| #define __EXTENSIONS__ 1
| #define _ALL_SOURCE 1
| #define _GNU_SOURCE 1
| #define _POSIX_PTHREAD_SEMANTICS 1
| #define _TANDEM_SOURCE 1
| #define HAVE_DLFCN_H 1
| #define LT_OBJDIR ".libs/"
| #define HAVE_DLFCN_H 1
| #define _FILE_OFFSET_BITS 64
| #define SIZEOF_VOID_P 4
| #define USE_SECUREPLT 1
| #define DEFAULT_LD_Z_SEPARATE_CODE 0
| #define ENABLE_NLS 1
| #define HAVE_GETTEXT 1
| #define HAVE_DCGETTEXT 1
| #define ENABLE_NLS 1
| /* end confdefs.h.  */
| #include <stdio.h>
| #ifdef HAVE_SYS_TYPES_H
| # include <sys/types.h>
| #endif
| #ifdef HAVE_SYS_STAT_H
| # include <sys/stat.h>
| #endif
| #ifdef STDC_HEADERS
| # include <stdlib.h>
| # include <stddef.h>
| #else
| # ifdef HAVE_STDLIB_H
| #  include <stdlib.h>
| # endif
| #endif
| #ifdef HAVE_STRING_H
| # if !defined STDC_HEADERS && defined HAVE_MEMORY_H
| #  include <memory.h>
| # endif
| # include <string.h>
| #endif
| #ifdef HAVE_STRINGS_H
| # include <strings.h>
| #endif
| #ifdef HAVE_INTTYPES_H
| # include <inttypes.h>
| #endif
| #ifdef HAVE_STDINT_H
| # include <stdint.h>
| #endif
| #ifdef HAVE_UNISTD_H
| # include <unistd.h>
| #endif
| int
| main ()
| {
| static int test_array [1 - 2 * !(((long int) (sizeof (long long))) <= 7)];
| test_array [0] = 0;
| return test_array [0];
| 
|   ;
|   return 0;
| }
configure:14911: arm-unknown-linux-gnueabihf-gcc -c -g -O2      conftest.c >&5
configure:14911: $? = 0
configure:14911: arm-unknown-linux-gnueabihf-gcc -c -g -O2      conftest.c >&5
configure:14911: $? = 0
configure:14911: arm-unknown-linux-gnueabihf-gcc -c -g -O2      conftest.c >&5
configure:14911: $? = 0
configure:14911: arm-unknown-linux-gnueabihf-gcc -c -g -O2      conftest.c >&5
configure:14911: $? = 0
configure:14925: result: 8
configure:14939: checking size of void *
configure:14958: result: 4
configure:14972: checking size of long
configure:14977: arm-unknown-linux-gnueabihf-gcc -c -g -O2      conftest.c >&5
configure:14977: $? = 0
configure:14977: arm-unknown-linux-gnueabihf-gcc -c -g -O2      conftest.c >&5
conftest.c: In function 'main':
conftest.c:75:12: error: size of array 'test_array' is negative
   75 | static int test_array [1 - 2 * !(((long int) (sizeof (long))) <= 0)];
      |            ^~~~~~~~~~
configure:14977: $? = 1
configure: failed program was:
| /* confdefs.h */
| #define PACKAGE_NAME "bfd"
| #define PACKAGE_TARNAME "bfd"
| #define PACKAGE_VERSION "2.42"
| #define PACKAGE_STRING "bfd 2.42"
| #define PACKAGE_BUGREPORT ""
| #define PACKAGE_URL ""
| #define PACKAGE "bfd"
| #define VERSION "2.42"
| #define STDC_HEADERS 1
| #define HAVE_SYS_TYPES_H 1
| #define HAVE_SYS_STAT_H 1
| #define HAVE_STDLIB_H 1
| #define HAVE_STRING_H 1
| #define HAVE_MEMORY_H 1
| #define HAVE_STRINGS_H 1
| #define HAVE_INTTYPES_H 1
| #define HAVE_STDINT_H 1
| #define HAVE_UNISTD_H 1
| #define __EXTENSIONS__ 1
| #define _ALL_SOURCE 1
| #define _GNU_SOURCE 1
| #define _POSIX_PTHREAD_SEMANTICS 1
| #define _TANDEM_SOURCE 1
| #define HAVE_DLFCN_H 1
| #define LT_OBJDIR ".libs/"
| #define HAVE_DLFCN_H 1
| #define _FILE_OFFSET_BITS 64
| #define SIZEOF_VOID_P 4
| #define USE_SECUREPLT 1
| #define DEFAULT_LD_Z_SEPARATE_CODE 0
| #define ENABLE_NLS 1
| #define HAVE_GETTEXT 1
| #define HAVE_DCGETTEXT 1
| #define ENABLE_NLS 1
| #define SIZEOF_LONG_LONG 8
| #define SIZEOF_VOID_P 4
| /* end confdefs.h.  */
| #include <stdio.h>
| #ifdef HAVE_SYS_TYPES_H
| # include <sys/types.h>
| #endif
| #ifdef HAVE_SYS_STAT_H
| # include <sys/stat.h>
| #endif
| #ifdef STDC_HEADERS
| # include <stdlib.h>
| # include <stddef.h>
| #else
| # ifdef HAVE_STDLIB_H
| #  include <stdlib.h>
| # endif
| #endif
| #ifdef HAVE_STRING_H
| # if !defined STDC_HEADERS && defined HAVE_MEMORY_H
| #  include <memory.h>
| # endif
| # include <string.h>
| #endif
| #ifdef HAVE_STRINGS_H
| # include <strings.h>
| #endif
| #ifdef HAVE_INTTYPES_H
| # include <inttypes.h>
| #endif
| #ifdef HAVE_STDINT_H
| # include <stdint.h>
| #endif
| #ifdef HAVE_UNISTD_H
| # include <unistd.h>
| #endif
| int
| main ()
| {
| static int test_array [1 - 2 * !(((long int) (sizeof (long))) <= 0)];
| test_array [0] = 0;
| return test_array [0];
| 
|   ;
|   return 0;
| }
configure:14977: arm-unknown-linux-gnueabihf-gcc -c -g -O2      conftest.c >&5
conftest.c: In function 'main':
conftest.c:75:12: error: size of array 'test_array' is negative
   75 | static int test_array [1 - 2 * !(((long int) (sizeof (long))) <= 1)];
      |            ^~~~~~~~~~
configure:14977: $? = 1
configure: failed program was:
| /* confdefs.h */
| #define PACKAGE_NAME "bfd"
| #define PACKAGE_TARNAME "bfd"
| #define PACKAGE_VERSION "2.42"
| #define PACKAGE_STRING "bfd 2.42"
| #define PACKAGE_BUGREPORT ""
| #define PACKAGE_URL ""
| #define PACKAGE "bfd"
| #define VERSION "2.42"
| #define STDC_HEADERS 1
| #define HAVE_SYS_TYPES_H 1
| #define HAVE_SYS_STAT_H 1
| #define HAVE_STDLIB_H 1
| #define HAVE_STRING_H 1
| #define HAVE_MEMORY_H 1
| #define HAVE_STRINGS_H 1
| #define HAVE_INTTYPES_H 1
| #define HAVE_STDINT_H 1
| #define HAVE_UNISTD_H 1
| #define __EXTENSIONS__ 1
| #define _ALL_SOURCE 1
| #define _GNU_SOURCE 1
| #define _POSIX_PTHREAD_SEMANTICS 1
| #define _TANDEM_SOURCE 1
| #define HAVE_DLFCN_H 1
| #define LT_OBJDIR ".libs/"
| #define HAVE_DLFCN_H 1
| #define _FILE_OFFSET_BITS 64
| #define SIZEOF_VOID_P 4
| #define USE_SECUREPLT 1
| #define DEFAULT_LD_Z_SEPARATE_CODE 0
| #define ENABLE_NLS 1
| #define HAVE_GETTEXT 1
| #define HAVE_DCGETTEXT 1
| #define ENABLE_NLS 1
| #define SIZEOF_LONG_LONG 8
| #define SIZEOF_VOID_P 4
| /* end confdefs.h.  */
| #include <stdio.h>
| #ifdef HAVE_SYS_TYPES_H
| # include <sys/types.h>
| #endif
| #ifdef HAVE_SYS_STAT_H
| # include <sys/stat.h>
| #endif
| #ifdef STDC_HEADERS
| # include <stdlib.h>
| # include <stddef.h>
| #else
| # ifdef HAVE_STDLIB_H
| #  include <stdlib.h>
| # endif
| #endif
| #ifdef HAVE_STRING_H
| # if !defined STDC_HEADERS && defined HAVE_MEMORY_H
| #  include <memory.h>
| # endif
| # include <string.h>
| #endif
| #ifdef HAVE_STRINGS_H
| # include <strings.h>
| #endif
| #ifdef HAVE_INTTYPES_H
| # include <inttypes.h>
| #endif
| #ifdef HAVE_STDINT_H
| # include <stdint.h>
| #endif
| #ifdef HAVE_UNISTD_H
| # include <unistd.h>
| #endif
| int
| main ()
| {
| static int test_array [1 - 2 * !(((long int) (sizeof (long))) <= 1)];
| test_array [0] = 0;
| return test_array [0];
| 
|   ;
|   return 0;
| }
configure:14977: arm-unknown-linux-gnueabihf-gcc -c -g -O2      conftest.c >&5
conftest.c: In function 'main':
conftest.c:75:12: error: size of array 'test_array' is negative
   75 | static int test_array [1 - 2 * !(((long int) (sizeof (long))) <= 3)];
      |            ^~~~~~~~~~
configure:14977: $? = 1
configure: failed program was:
| /* confdefs.h */
| #define PACKAGE_NAME "bfd"
| #define PACKAGE_TARNAME "bfd"
| #define PACKAGE_VERSION "2.42"
| #define PACKAGE_STRING "bfd 2.42"
| #define PACKAGE_BUGREPORT ""
| #define PACKAGE_URL ""
| #define PACKAGE "bfd"
| #define VERSION "2.42"
| #define STDC_HEADERS 1
| #define HAVE_SYS_TYPES_H 1
| #define HAVE_SYS_STAT_H 1
| #define HAVE_STDLIB_H 1
| #define HAVE_STRING_H 1
| #define HAVE_MEMORY_H 1
| #define HAVE_STRINGS_H 1
| #define HAVE_INTTYPES_H 1
| #define HAVE_STDINT_H 1
| #define HAVE_UNISTD_H 1
| #define __EXTENSIONS__ 1
| #define _ALL_SOURCE 1
| #define _GNU_SOURCE 1
| #define _POSIX_PTHREAD_SEMANTICS 1
| #define _TANDEM_SOURCE 1
| #define HAVE_DLFCN_H 1
| #define LT_OBJDIR ".libs/"
| #define HAVE_DLFCN_H 1
| #define _FILE_OFFSET_BITS 64
| #define SIZEOF_VOID_P 4
| #define USE_SECUREPLT 1
| #define DEFAULT_LD_Z_SEPARATE_CODE 0
| #define ENABLE_NLS 1
| #define HAVE_GETTEXT 1
| #define HAVE_DCGETTEXT 1
| #define ENABLE_NLS 1
| #define SIZEOF_LONG_LONG 8
| #define SIZEOF_VOID_P 4
| /* end confdefs.h.  */
| #include <stdio.h>
| #ifdef HAVE_SYS_TYPES_H
| # include <sys/types.h>
| #endif
| #ifdef HAVE_SYS_STAT_H
| # include <sys/stat.h>
| #endif
| #ifdef STDC_HEADERS
| # include <stdlib.h>
| # include <stddef.h>
| #else
| # ifdef HAVE_STDLIB_H
| #  include <stdlib.h>
| # endif
| #endif
| #ifdef HAVE_STRING_H
| # if !defined STDC_HEADERS && defined HAVE_MEMORY_H
| #  include <memory.h>
| # endif
| # include <string.h>
| #endif
| #ifdef HAVE_STRINGS_H
| # include <strings.h>
| #endif
| #ifdef HAVE_INTTYPES_H
| # include <inttypes.h>
| #endif
| #ifdef HAVE_STDINT_H
| # include <stdint.h>
| #endif
| #ifdef HAVE_UNISTD_H
| # include <unistd.h>
| #endif
| int
| main ()
| {
| static int test_array [1 - 2 * !(((long int) (sizeof (long))) <= 3)];
| test_array [0] = 0;
| return test_array [0];
| 
|   ;
|   return 0;
| }
configure:14977: arm-unknown-linux-gnueabihf-gcc -c -g -O2      conftest.c >&5
configure:14977: $? = 0
configure:14977: arm-unknown-linux-gnueabihf-gcc -c -g -O2      conftest.c >&5
configure:14977: $? = 0
configure:14977: arm-unknown-linux-gnueabihf-gcc -c -g -O2      conftest.c >&5
configure:14977: $? = 0
configure:14991: result: 4
configure:15005: checking size of int
configure:15010: arm-unknown-linux-gnueabihf-gcc -c -g -O2      conftest.c >&5
configure:15010: $? = 0
configure:15010: arm-unknown-linux-gnueabihf-gcc -c -g -O2      conftest.c >&5
conftest.c: In function 'main':
conftest.c:76:12: error: size of array 'test_array' is negative
   76 | static int test_array [1 - 2 * !(((long int) (sizeof (int))) <= 0)];
      |            ^~~~~~~~~~
configure:15010: $? = 1
configure: failed program was:
| /* confdefs.h */
| #define PACKAGE_NAME "bfd"
| #define PACKAGE_TARNAME "bfd"
| #define PACKAGE_VERSION "2.42"
| #define PACKAGE_STRING "bfd 2.42"
| #define PACKAGE_BUGREPORT ""
| #define PACKAGE_URL ""
| #define PACKAGE "bfd"
| #define VERSION "2.42"
| #define STDC_HEADERS 1
| #define HAVE_SYS_TYPES_H 1
| #define HAVE_SYS_STAT_H 1
| #define HAVE_STDLIB_H 1
| #define HAVE_STRING_H 1
| #define HAVE_MEMORY_H 1
| #define HAVE_STRINGS_H 1
| #define HAVE_INTTYPES_H 1
| #define HAVE_STDINT_H 1
| #define HAVE_UNISTD_H 1
| #define __EXTENSIONS__ 1
| #define _ALL_SOURCE 1
| #define _GNU_SOURCE 1
| #define _POSIX_PTHREAD_SEMANTICS 1
| #define _TANDEM_SOURCE 1
| #define HAVE_DLFCN_H 1
| #define LT_OBJDIR ".libs/"
| #define HAVE_DLFCN_H 1
| #define _FILE_OFFSET_BITS 64
| #define SIZEOF_VOID_P 4
| #define USE_SECUREPLT 1
| #define DEFAULT_LD_Z_SEPARATE_CODE 0
| #define ENABLE_NLS 1
| #define HAVE_GETTEXT 1
| #define HAVE_DCGETTEXT 1
| #define ENABLE_NLS 1
| #define SIZEOF_LONG_LONG 8
| #define SIZEOF_VOID_P 4
| #define SIZEOF_LONG 4
| /* end confdefs.h.  */
| #include <stdio.h>
| #ifdef HAVE_SYS_TYPES_H
| # include <sys/types.h>
| #endif
| #ifdef HAVE_SYS_STAT_H
| # include <sys/stat.h>
| #endif
| #ifdef STDC_HEADERS
| # include <stdlib.h>
| # include <stddef.h>
| #else
| # ifdef HAVE_STDLIB_H
| #  include <stdlib.h>
| # endif
| #endif
| #ifdef HAVE_STRING_H
| # if !defined STDC_HEADERS && defined HAVE_MEMORY_H
| #  include <memory.h>
| # endif
| # include <string.h>
| #endif
| #ifdef HAVE_STRINGS_H
| # include <strings.h>
| #endif
| #ifdef HAVE_INTTYPES_H
| # include <inttypes.h>
| #endif
| #ifdef HAVE_STDINT_H
| # include <stdint.h>
| #endif
| #ifdef HAVE_UNISTD_H
| # include <unistd.h>
| #endif
| int
| main ()
| {
| static int test_array [1 - 2 * !(((long int) (sizeof (int))) <= 0)];
| test_array [0] = 0;
| return test_array [0];
| 
|   ;
|   return 0;
| }
configure:15010: arm-unknown-linux-gnueabihf-gcc -c -g -O2      conftest.c >&5
conftest.c: In function 'main':
conftest.c:76:12: error: size of array 'test_array' is negative
   76 | static int test_array [1 - 2 * !(((long int) (sizeof (int))) <= 1)];
      |            ^~~~~~~~~~
configure:15010: $? = 1
configure: failed program was:
| /* confdefs.h */
| #define PACKAGE_NAME "bfd"
| #define PACKAGE_TARNAME "bfd"
| #define PACKAGE_VERSION "2.42"
| #define PACKAGE_STRING "bfd 2.42"
| #define PACKAGE_BUGREPORT ""
| #define PACKAGE_URL ""
| #define PACKAGE "bfd"
| #define VERSION "2.42"
| #define STDC_HEADERS 1
| #define HAVE_SYS_TYPES_H 1
| #define HAVE_SYS_STAT_H 1
| #define HAVE_STDLIB_H 1
| #define HAVE_STRING_H 1
| #define HAVE_MEMORY_H 1
| #define HAVE_STRINGS_H 1
| #define HAVE_INTTYPES_H 1
| #define HAVE_STDINT_H 1
| #define HAVE_UNISTD_H 1
| #define __EXTENSIONS__ 1
| #define _ALL_SOURCE 1
| #define _GNU_SOURCE 1
| #define _POSIX_PTHREAD_SEMANTICS 1
| #define _TANDEM_SOURCE 1
| #define HAVE_DLFCN_H 1
| #define LT_OBJDIR ".libs/"
| #define HAVE_DLFCN_H 1
| #define _FILE_OFFSET_BITS 64
| #define SIZEOF_VOID_P 4
| #define USE_SECUREPLT 1
| #define DEFAULT_LD_Z_SEPARATE_CODE 0
| #define ENABLE_NLS 1
| #define HAVE_GETTEXT 1
| #define HAVE_DCGETTEXT 1
| #define ENABLE_NLS 1
| #define SIZEOF_LONG_LONG 8
| #define SIZEOF_VOID_P 4
| #define SIZEOF_LONG 4
| /* end confdefs.h.  */
| #include <stdio.h>
| #ifdef HAVE_SYS_TYPES_H
| # include <sys/types.h>
| #endif
| #ifdef HAVE_SYS_STAT_H
| # include <sys/stat.h>
| #endif
| #ifdef STDC_HEADERS
| # include <stdlib.h>
| # include <stddef.h>
| #else
| # ifdef HAVE_STDLIB_H
| #  include <stdlib.h>
| # endif
| #endif
| #ifdef HAVE_STRING_H
| # if !defined STDC_HEADERS && defined HAVE_MEMORY_H
| #  include <memory.h>
| # endif
| # include <string.h>
| #endif
| #ifdef HAVE_STRINGS_H
| # include <strings.h>
| #endif
| #ifdef HAVE_INTTYPES_H
| # include <inttypes.h>
| #endif
| #ifdef HAVE_STDINT_H
| # include <stdint.h>
| #endif
| #ifdef HAVE_UNISTD_H
| # include <unistd.h>
| #endif
| int
| main ()
| {
| static int test_array [1 - 2 * !(((long int) (sizeof (int))) <= 1)];
| test_array [0] = 0;
| return test_array [0];
| 
|   ;
|   return 0;
| }
configure:15010: arm-unknown-linux-gnueabihf-gcc -c -g -O2      conftest.c >&5
conftest.c: In function 'main':
conftest.c:76:12: error: size of array 'test_array' is negative
   76 | static int test_array [1 - 2 * !(((long int) (sizeof (int))) <= 3)];
      |            ^~~~~~~~~~
configure:15010: $? = 1
configure: failed program was:
| /* confdefs.h */
| #define PACKAGE_NAME "bfd"
| #define PACKAGE_TARNAME "bfd"
| #define PACKAGE_VERSION "2.42"
| #define PACKAGE_STRING "bfd 2.42"
| #define PACKAGE_BUGREPORT ""
| #define PACKAGE_URL ""
| #define PACKAGE "bfd"
| #define VERSION "2.42"
| #define STDC_HEADERS 1
| #define HAVE_SYS_TYPES_H 1
| #define HAVE_SYS_STAT_H 1
| #define HAVE_STDLIB_H 1
| #define HAVE_STRING_H 1
| #define HAVE_MEMORY_H 1
| #define HAVE_STRINGS_H 1
| #define HAVE_INTTYPES_H 1
| #define HAVE_STDINT_H 1
| #define HAVE_UNISTD_H 1
| #define __EXTENSIONS__ 1
| #define _ALL_SOURCE 1
| #define _GNU_SOURCE 1
| #define _POSIX_PTHREAD_SEMANTICS 1
| #define _TANDEM_SOURCE 1
| #define HAVE_DLFCN_H 1
| #define LT_OBJDIR ".libs/"
| #define HAVE_DLFCN_H 1
| #define _FILE_OFFSET_BITS 64
| #define SIZEOF_VOID_P 4
| #define USE_SECUREPLT 1
| #define DEFAULT_LD_Z_SEPARATE_CODE 0
| #define ENABLE_NLS 1
| #define HAVE_GETTEXT 1
| #define HAVE_DCGETTEXT 1
| #define ENABLE_NLS 1
| #define SIZEOF_LONG_LONG 8
| #define SIZEOF_VOID_P 4
| #define SIZEOF_LONG 4
| /* end confdefs.h.  */
| #include <stdio.h>
| #ifdef HAVE_SYS_TYPES_H
| # include <sys/types.h>
| #endif
| #ifdef HAVE_SYS_STAT_H
| # include <sys/stat.h>
| #endif
| #ifdef STDC_HEADERS
| # include <stdlib.h>
| # include <stddef.h>
| #else
| # ifdef HAVE_STDLIB_H
| #  include <stdlib.h>
| # endif
| #endif
| #ifdef HAVE_STRING_H
| # if !defined STDC_HEADERS && defined HAVE_MEMORY_H
| #  include <memory.h>
| # endif
| # include <string.h>
| #endif
| #ifdef HAVE_STRINGS_H
| # include <strings.h>
| #endif
| #ifdef HAVE_INTTYPES_H
| # include <inttypes.h>
| #endif
| #ifdef HAVE_STDINT_H
| # include <stdint.h>
| #endif
| #ifdef HAVE_UNISTD_H
| # include <unistd.h>
| #endif
| int
| main ()
| {
| static int test_array [1 - 2 * !(((long int) (sizeof (int))) <= 3)];
| test_array [0] = 0;
| return test_array [0];
| 
|   ;
|   return 0;
| }
configure:15010: arm-unknown-linux-gnueabihf-gcc -c -g -O2      conftest.c >&5
configure:15010: $? = 0
configure:15010: arm-unknown-linux-gnueabihf-gcc -c -g -O2      conftest.c >&5
configure:15010: $? = 0
configure:15010: arm-unknown-linux-gnueabihf-gcc -c -g -O2      conftest.c >&5
configure:15010: $? = 0
configure:15024: result: 4
configure:15052: checking for build system executable suffix
configure:15070: result: no
configure:15081: checking fcntl.h usability
configure:15081: arm-unknown-linux-gnueabihf-gcc -c -g -O2      conftest.c >&5
configure:15081: $? = 0
configure:15081: result: yes
configure:15081: checking fcntl.h presence
configure:15081: arm-unknown-linux-gnueabihf-gcc -E  conftest.c
configure:15081: $? = 0
configure:15081: result: yes
configure:15081: checking for fcntl.h
configure:15081: result: yes
configure:15081: checking sys/file.h usability
configure:15081: arm-unknown-linux-gnueabihf-gcc -c -g -O2      conftest.c >&5
configure:15081: $? = 0
configure:15081: result: yes
configure:15081: checking sys/file.h presence
configure:15081: arm-unknown-linux-gnueabihf-gcc -E  conftest.c
configure:15081: $? = 0
configure:15081: result: yes
configure:15081: checking for sys/file.h
configure:15081: result: yes
configure:15081: checking sys/resource.h usability
configure:15081: arm-unknown-linux-gnueabihf-gcc -c -g -O2      conftest.c >&5
configure:15081: $? = 0
configure:15081: result: yes
configure:15081: checking sys/resource.h presence
configure:15081: arm-unknown-linux-gnueabihf-gcc -E  conftest.c
configure:15081: $? = 0
configure:15081: result: yes
configure:15081: checking for sys/resource.h
configure:15081: result: yes
configure:15081: checking for sys/stat.h
configure:15081: result: yes
configure:15081: checking for sys/types.h
configure:15081: result: yes
configure:15081: checking for unistd.h
configure:15081: result: yes
configure:15096: checking for fcntl
configure:15096: arm-unknown-linux-gnueabihf-gcc -o conftest -g -O2        conftest.c -ldl  >&5
configure:15096: $? = 0
configure:15096: result: yes
configure:15096: checking for fdopen
configure:15096: arm-unknown-linux-gnueabihf-gcc -o conftest -g -O2        conftest.c -ldl  >&5
configure:15096: $? = 0
configure:15096: result: yes
configure:15096: checking for fileno
configure:15096: arm-unknown-linux-gnueabihf-gcc -o conftest -g -O2        conftest.c -ldl  >&5
configure:15096: $? = 0
configure:15096: result: yes
configure:15096: checking for fls
configure:15096: arm-unknown-linux-gnueabihf-gcc -o conftest -g -O2        conftest.c -ldl  >&5
/home/dev/x-tools/arm-unknown-linux-gnueabihf/lib/gcc/arm-unknown-linux-gnueabihf/9.5.0/../../../../arm-unknown-linux-gnueabihf/bin/ld: /tmp/ccY0asA8.o: in function `main':
/home/dev/Desktop/ClaraColour/python/crosstoolsng/binutils-2.42/bfd/conftest.c:84: undefined reference to `fls'
collect2: error: ld returned 1 exit status
configure:15096: $? = 1
configure: failed program was:
| /* confdefs.h */
| #define PACKAGE_NAME "bfd"
| #define PACKAGE_TARNAME "bfd"
| #define PACKAGE_VERSION "2.42"
| #define PACKAGE_STRING "bfd 2.42"
| #define PACKAGE_BUGREPORT ""
| #define PACKAGE_URL ""
| #define PACKAGE "bfd"
| #define VERSION "2.42"
| #define STDC_HEADERS 1
| #define HAVE_SYS_TYPES_H 1
| #define HAVE_SYS_STAT_H 1
| #define HAVE_STDLIB_H 1
| #define HAVE_STRING_H 1
| #define HAVE_MEMORY_H 1
| #define HAVE_STRINGS_H 1
| #define HAVE_INTTYPES_H 1
| #define HAVE_STDINT_H 1
| #define HAVE_UNISTD_H 1
| #define __EXTENSIONS__ 1
| #define _ALL_SOURCE 1
| #define _GNU_SOURCE 1
| #define _POSIX_PTHREAD_SEMANTICS 1
| #define _TANDEM_SOURCE 1
| #define HAVE_DLFCN_H 1
| #define LT_OBJDIR ".libs/"
| #define HAVE_DLFCN_H 1
| #define _FILE_OFFSET_BITS 64
| #define SIZEOF_VOID_P 4
| #define USE_SECUREPLT 1
| #define DEFAULT_LD_Z_SEPARATE_CODE 0
| #define ENABLE_NLS 1
| #define HAVE_GETTEXT 1
| #define HAVE_DCGETTEXT 1
| #define ENABLE_NLS 1
| #define SIZEOF_LONG_LONG 8
| #define SIZEOF_VOID_P 4
| #define SIZEOF_LONG 4
| #define SIZEOF_INT 4
| #define HAVE_FCNTL_H 1
| #define HAVE_SYS_FILE_H 1
| #define HAVE_SYS_RESOURCE_H 1
| #define HAVE_SYS_STAT_H 1
| #define HAVE_SYS_TYPES_H 1
| #define HAVE_UNISTD_H 1
| #define HAVE_FCNTL 1
| #define HAVE_FDOPEN 1
| #define HAVE_FILENO 1
| /* end confdefs.h.  */
| /* Define fls to an innocuous variant, in case <limits.h> declares fls.
|    For example, HP-UX 11i <limits.h> declares gettimeofday.  */
| #define fls innocuous_fls
| 
| /* System header to define __stub macros and hopefully few prototypes,
|     which can conflict with char fls (); below.
|     Prefer <limits.h> to <assert.h> if __STDC__ is defined, since
|     <limits.h> exists even on freestanding compilers.  */
| 
| #ifdef __STDC__
| # include <limits.h>
| #else
| # include <assert.h>
| #endif
| 
| #undef fls
| 
| /* Override any GCC internal prototype to avoid an error.
|    Use char because int might match the return type of a GCC
|    builtin and then its argument prototype would still apply.  */
| #ifdef __cplusplus
| extern "C"
| #endif
| char fls ();
| /* The GNU C library defines this for functions which it implements
|     to always fail with ENOSYS.  Some functions are actually named
|     something starting with __ and the normal name is an alias.  */
| #if defined __stub_fls || defined __stub___fls
| choke me
| #endif
| 
| int
| main ()
| {
| return fls ();
|   ;
|   return 0;
| }
configure:15096: result: no
configure:15096: checking for getgid
configure:15096: arm-unknown-linux-gnueabihf-gcc -o conftest -g -O2        conftest.c -ldl  >&5
configure:15096: $? = 0
configure:15096: result: yes
configure:15096: checking for getpagesize
configure:15096: arm-unknown-linux-gnueabihf-gcc -o conftest -g -O2        conftest.c -ldl  >&5
configure:15096: $? = 0
configure:15096: result: yes
configure:15096: checking for getrlimit
configure:15096: arm-unknown-linux-gnueabihf-gcc -o conftest -g -O2        conftest.c -ldl  >&5
configure:15096: $? = 0
configure:15096: result: yes
configure:15096: checking for getuid
configure:15096: arm-unknown-linux-gnueabihf-gcc -o conftest -g -O2        conftest.c -ldl  >&5
configure:15096: $? = 0
configure:15096: result: yes
configure:15096: checking for sysconf
configure:15096: arm-unknown-linux-gnueabihf-gcc -o conftest -g -O2        conftest.c -ldl  >&5
configure:15096: $? = 0
configure:15096: result: yes
configure:15106: checking whether basename is declared
configure:15106: arm-unknown-linux-gnueabihf-gcc -c -g -O2      conftest.c >&5
configure:15106: $? = 0
configure:15106: result: yes
configure:15116: checking whether ffs is declared
configure:15116: arm-unknown-linux-gnueabihf-gcc -c -g -O2      conftest.c >&5
configure:15116: $? = 0
configure:15116: result: yes
configure:15126: checking whether stpcpy is declared
configure:15126: arm-unknown-linux-gnueabihf-gcc -c -g -O2      conftest.c >&5
configure:15126: $? = 0
configure:15126: result: yes
configure:15136: checking whether asprintf is declared
configure:15136: arm-unknown-linux-gnueabihf-gcc -c -g -O2      conftest.c >&5
configure:15136: $? = 0
configure:15136: result: yes
configure:15146: checking whether vasprintf is declared
configure:15146: arm-unknown-linux-gnueabihf-gcc -c -g -O2      conftest.c >&5
configure:15146: $? = 0
configure:15146: result: yes
configure:15156: checking whether strnlen is declared
configure:15156: arm-unknown-linux-gnueabihf-gcc -c -g -O2      conftest.c >&5
configure:15156: $? = 0
configure:15156: result: yes
configure:15167: checking whether ___lc_codepage_func is declared
configure:15167: arm-unknown-linux-gnueabihf-gcc -c -g -O2      conftest.c >&5
conftest.c: In function 'main':
conftest.c:70:10: error: '___lc_codepage_func' undeclared (first use in this function)
   70 |   (void) ___lc_codepage_func;
      |          ^~~~~~~~~~~~~~~~~~~
conftest.c:70:10: note: each undeclared identifier is reported only once for each function it appears in
configure:15167: $? = 1
configure: failed program was:
| /* confdefs.h */
| #define PACKAGE_NAME "bfd"
| #define PACKAGE_TARNAME "bfd"
| #define PACKAGE_VERSION "2.42"
| #define PACKAGE_STRING "bfd 2.42"
| #define PACKAGE_BUGREPORT ""
| #define PACKAGE_URL ""
| #define PACKAGE "bfd"
| #define VERSION "2.42"
| #define STDC_HEADERS 1
| #define HAVE_SYS_TYPES_H 1
| #define HAVE_SYS_STAT_H 1
| #define HAVE_STDLIB_H 1
| #define HAVE_STRING_H 1
| #define HAVE_MEMORY_H 1
| #define HAVE_STRINGS_H 1
| #define HAVE_INTTYPES_H 1
| #define HAVE_STDINT_H 1
| #define HAVE_UNISTD_H 1
| #define __EXTENSIONS__ 1
| #define _ALL_SOURCE 1
| #define _GNU_SOURCE 1
| #define _POSIX_PTHREAD_SEMANTICS 1
| #define _TANDEM_SOURCE 1
| #define HAVE_DLFCN_H 1
| #define LT_OBJDIR ".libs/"
| #define HAVE_DLFCN_H 1
| #define _FILE_OFFSET_BITS 64
| #define SIZEOF_VOID_P 4
| #define USE_SECUREPLT 1
| #define DEFAULT_LD_Z_SEPARATE_CODE 0
| #define ENABLE_NLS 1
| #define HAVE_GETTEXT 1
| #define HAVE_DCGETTEXT 1
| #define ENABLE_NLS 1
| #define SIZEOF_LONG_LONG 8
| #define SIZEOF_VOID_P 4
| #define SIZEOF_LONG 4
| #define SIZEOF_INT 4
| #define HAVE_FCNTL_H 1
| #define HAVE_SYS_FILE_H 1
| #define HAVE_SYS_RESOURCE_H 1
| #define HAVE_SYS_STAT_H 1
| #define HAVE_SYS_TYPES_H 1
| #define HAVE_UNISTD_H 1
| #define HAVE_FCNTL 1
| #define HAVE_FDOPEN 1
| #define HAVE_FILENO 1
| #define HAVE_GETGID 1
| #define HAVE_GETPAGESIZE 1
| #define HAVE_GETRLIMIT 1
| #define HAVE_GETUID 1
| #define HAVE_SYSCONF 1
| #define HAVE_DECL_BASENAME 1
| #define HAVE_DECL_FFS 1
| #define HAVE_DECL_STPCPY 1
| #define HAVE_DECL_ASPRINTF 1
| #define HAVE_DECL_VASPRINTF 1
| #define HAVE_DECL_STRNLEN 1
| /* end confdefs.h.  */
| #include <locale.h>
| 
| int
| main ()
| {
| #ifndef ___lc_codepage_func
| #ifdef __cplusplus
|   (void) ___lc_codepage_func;
| #else
|   (void) ___lc_codepage_func;
| #endif
| #endif
| 
|   ;
|   return 0;
| }
configure:15167: result: no
configure:15189: checking for thread local storage (TLS) class
configure:15211: arm-unknown-linux-gnueabihf-gcc -c -g -O2      conftest.c >&5
conftest.c: In function 'main':
conftest.c:66:21: error: expected ';' before 'int'
   66 | static  thread_local  int bar;
      |                     ^ ~~~
      |                     ;
configure:15211: $? = 1
configure: failed program was:
| /* confdefs.h */
| #define PACKAGE_NAME "bfd"
| #define PACKAGE_TARNAME "bfd"
| #define PACKAGE_VERSION "2.42"
| #define PACKAGE_STRING "bfd 2.42"
| #define PACKAGE_BUGREPORT ""
| #define PACKAGE_URL ""
| #define PACKAGE "bfd"
| #define VERSION "2.42"
| #define STDC_HEADERS 1
| #define HAVE_SYS_TYPES_H 1
| #define HAVE_SYS_STAT_H 1
| #define HAVE_STDLIB_H 1
| #define HAVE_STRING_H 1
| #define HAVE_MEMORY_H 1
| #define HAVE_STRINGS_H 1
| #define HAVE_INTTYPES_H 1
| #define HAVE_STDINT_H 1
| #define HAVE_UNISTD_H 1
| #define __EXTENSIONS__ 1
| #define _ALL_SOURCE 1
| #define _GNU_SOURCE 1
| #define _POSIX_PTHREAD_SEMANTICS 1
| #define _TANDEM_SOURCE 1
| #define HAVE_DLFCN_H 1
| #define LT_OBJDIR ".libs/"
| #define HAVE_DLFCN_H 1
| #define _FILE_OFFSET_BITS 64
| #define SIZEOF_VOID_P 4
| #define USE_SECUREPLT 1
| #define DEFAULT_LD_Z_SEPARATE_CODE 0
| #define ENABLE_NLS 1
| #define HAVE_GETTEXT 1
| #define HAVE_DCGETTEXT 1
| #define ENABLE_NLS 1
| #define SIZEOF_LONG_LONG 8
| #define SIZEOF_VOID_P 4
| #define SIZEOF_LONG 4
| #define SIZEOF_INT 4
| #define HAVE_FCNTL_H 1
| #define HAVE_SYS_FILE_H 1
| #define HAVE_SYS_RESOURCE_H 1
| #define HAVE_SYS_STAT_H 1
| #define HAVE_SYS_TYPES_H 1
| #define HAVE_UNISTD_H 1
| #define HAVE_FCNTL 1
| #define HAVE_FDOPEN 1
| #define HAVE_FILENO 1
| #define HAVE_GETGID 1
| #define HAVE_GETPAGESIZE 1
| #define HAVE_GETRLIMIT 1
| #define HAVE_GETUID 1
| #define HAVE_SYSCONF 1
| #define HAVE_DECL_BASENAME 1
| #define HAVE_DECL_FFS 1
| #define HAVE_DECL_STPCPY 1
| #define HAVE_DECL_ASPRINTF 1
| #define HAVE_DECL_VASPRINTF 1
| #define HAVE_DECL_STRNLEN 1
| #define HAVE_DECL____LC_CODEPAGE_FUNC 0
| /* end confdefs.h.  */
| #include <stdlib.h>
| int
| main ()
| {
| static  thread_local  int bar;
| 
|   ;
|   return 0;
| }
configure:15211: arm-unknown-linux-gnueabihf-gcc -c -g -O2      conftest.c >&5
configure:15211: $? = 0
configure:15224: result: _Thread_local
configure:15269: checking for arm-unknown-linux-gnueabihf-pkg-config
configure:15302: result: no
configure:15312: checking for pkg-config
configure:15330: found /usr/bin/pkg-config
configure:15342: result: /usr/bin/pkg-config
configure:15354: WARNING: using cross tools not prefixed with host triplet
configure:15367: checking pkg-config is at least version 0.9.0
configure:15370: result: yes
configure:15391: checking for libzstd >= 1.4.0
configure:15398: $PKG_CONFIG --exists --print-errors "libzstd >= 1.4.0"
configure:15401: $? = 0
configure:15415: $PKG_CONFIG --exists --print-errors "libzstd >= 1.4.0"
configure:15418: $? = 0
configure:15443: arm-unknown-linux-gnueabihf-gcc -o conftest -g -O2        -lzstd  conftest.c -ldl  >&5
/home/dev/x-tools/arm-unknown-linux-gnueabihf/lib/gcc/arm-unknown-linux-gnueabihf/9.5.0/../../../../arm-unknown-linux-gnueabihf/bin/ld: cannot find -lzstd
collect2: error: ld returned 1 exit status
configure:15443: $? = 1
configure: failed program was:
| /* confdefs.h */
| #define PACKAGE_NAME "bfd"
| #define PACKAGE_TARNAME "bfd"
| #define PACKAGE_VERSION "2.42"
| #define PACKAGE_STRING "bfd 2.42"
| #define PACKAGE_BUGREPORT ""
| #define PACKAGE_URL ""
| #define PACKAGE "bfd"
| #define VERSION "2.42"
| #define STDC_HEADERS 1
| #define HAVE_SYS_TYPES_H 1
| #define HAVE_SYS_STAT_H 1
| #define HAVE_STDLIB_H 1
| #define HAVE_STRING_H 1
| #define HAVE_MEMORY_H 1
| #define HAVE_STRINGS_H 1
| #define HAVE_INTTYPES_H 1
| #define HAVE_STDINT_H 1
| #define HAVE_UNISTD_H 1
| #define __EXTENSIONS__ 1
| #define _ALL_SOURCE 1
| #define _GNU_SOURCE 1
| #define _POSIX_PTHREAD_SEMANTICS 1
| #define _TANDEM_SOURCE 1
| #define HAVE_DLFCN_H 1
| #define LT_OBJDIR ".libs/"
| #define HAVE_DLFCN_H 1
| #define _FILE_OFFSET_BITS 64
| #define SIZEOF_VOID_P 4
| #define USE_SECUREPLT 1
| #define DEFAULT_LD_Z_SEPARATE_CODE 0
| #define ENABLE_NLS 1
| #define HAVE_GETTEXT 1
| #define HAVE_DCGETTEXT 1
| #define ENABLE_NLS 1
| #define SIZEOF_LONG_LONG 8
| #define SIZEOF_VOID_P 4
| #define SIZEOF_LONG 4
| #define SIZEOF_INT 4
| #define HAVE_FCNTL_H 1
| #define HAVE_SYS_FILE_H 1
| #define HAVE_SYS_RESOURCE_H 1
| #define HAVE_SYS_STAT_H 1
| #define HAVE_SYS_TYPES_H 1
| #define HAVE_UNISTD_H 1
| #define HAVE_FCNTL 1
| #define HAVE_FDOPEN 1
| #define HAVE_FILENO 1
| #define HAVE_GETGID 1
| #define HAVE_GETPAGESIZE 1
| #define HAVE_GETRLIMIT 1
| #define HAVE_GETUID 1
| #define HAVE_SYSCONF 1
| #define HAVE_DECL_BASENAME 1
| #define HAVE_DECL_FFS 1
| #define HAVE_DECL_STPCPY 1
| #define HAVE_DECL_ASPRINTF 1
| #define HAVE_DECL_VASPRINTF 1
| #define HAVE_DECL_STRNLEN 1
| #define HAVE_DECL____LC_CODEPAGE_FUNC 0
| #define TLS _Thread_local
| /* end confdefs.h.  */
| 
| int
| main ()
| {
| 
|   ;
|   return 0;
| }
configure:15456: result: no
-lzstd 
configure:15502: checking compiler support for hidden visibility
configure:15520: arm-unknown-linux-gnueabihf-gcc -c -g -O2     -Werror  conftest.c >&5
configure:15520: $? = 0
configure:15527: result: yes
configure:15537: checking linker --as-needed support
configure:15548: result: yes
configure:15639: checking for cos in -lm
configure:15664: arm-unknown-linux-gnueabihf-gcc -o conftest -g -O2        conftest.c -lm  -ldl  >&5
conftest.c:71:6: warning: conflicting types for built-in function 'cos'; expected 'double(double)' [-Wbuiltin-declaration-mismatch]
   71 | char cos ();
      |      ^~~
conftest.c:1:1: note: 'cos' is declared in header '<math.h>'
    1 | /* confdefs.h */
configure:15664: $? = 0
configure:15673: result: yes
configure:16401: checking sys/procfs.h usability
configure:16401: arm-unknown-linux-gnueabihf-gcc -c -g -O2      conftest.c >&5
configure:16401: $? = 0
configure:16401: result: yes
configure:16401: checking sys/procfs.h presence
configure:16401: arm-unknown-linux-gnueabihf-gcc -E  conftest.c
configure:16401: $? = 0
configure:16401: result: yes
configure:16401: checking for sys/procfs.h
configure:16401: result: yes
configure:16413: checking for prstatus_t in sys/procfs.h
configure:16431: arm-unknown-linux-gnueabihf-gcc -c -g -O2      conftest.c >&5
configure:16431: $? = 0
configure:16445: result: yes
configure:16449: checking for prstatus32_t in sys/procfs.h
configure:16467: arm-unknown-linux-gnueabihf-gcc -c -g -O2      conftest.c >&5
conftest.c: In function 'main':
conftest.c:73:1: error: unknown type name 'prstatus32_t'; did you mean 'prstatus_t'?
   73 | prstatus32_t avar
      | ^~~~~~~~~~~~
      | prstatus_t
configure:16467: $? = 1
configure: failed program was:
| /* confdefs.h */
| #define PACKAGE_NAME "bfd"
| #define PACKAGE_TARNAME "bfd"
| #define PACKAGE_VERSION "2.42"
| #define PACKAGE_STRING "bfd 2.42"
| #define PACKAGE_BUGREPORT ""
| #define PACKAGE_URL ""
| #define PACKAGE "bfd"
| #define VERSION "2.42"
| #define STDC_HEADERS 1
| #define HAVE_SYS_TYPES_H 1
| #define HAVE_SYS_STAT_H 1
| #define HAVE_STDLIB_H 1
| #define HAVE_STRING_H 1
| #define HAVE_MEMORY_H 1
| #define HAVE_STRINGS_H 1
| #define HAVE_INTTYPES_H 1
| #define HAVE_STDINT_H 1
| #define HAVE_UNISTD_H 1
| #define __EXTENSIONS__ 1
| #define _ALL_SOURCE 1
| #define _GNU_SOURCE 1
| #define _POSIX_PTHREAD_SEMANTICS 1
| #define _TANDEM_SOURCE 1
| #define HAVE_DLFCN_H 1
| #define LT_OBJDIR ".libs/"
| #define HAVE_DLFCN_H 1
| #define _FILE_OFFSET_BITS 64
| #define SIZEOF_VOID_P 4
| #define USE_SECUREPLT 1
| #define DEFAULT_LD_Z_SEPARATE_CODE 0
| #define ENABLE_NLS 1
| #define HAVE_GETTEXT 1
| #define HAVE_DCGETTEXT 1
| #define ENABLE_NLS 1
| #define SIZEOF_LONG_LONG 8
| #define SIZEOF_VOID_P 4
| #define SIZEOF_LONG 4
| #define SIZEOF_INT 4
| #define HAVE_FCNTL_H 1
| #define HAVE_SYS_FILE_H 1
| #define HAVE_SYS_RESOURCE_H 1
| #define HAVE_SYS_STAT_H 1
| #define HAVE_SYS_TYPES_H 1
| #define HAVE_UNISTD_H 1
| #define HAVE_FCNTL 1
| #define HAVE_FDOPEN 1
| #define HAVE_FILENO 1
| #define HAVE_GETGID 1
| #define HAVE_GETPAGESIZE 1
| #define HAVE_GETRLIMIT 1
| #define HAVE_GETUID 1
| #define HAVE_SYSCONF 1
| #define HAVE_DECL_BASENAME 1
| #define HAVE_DECL_FFS 1
| #define HAVE_DECL_STPCPY 1
| #define HAVE_DECL_ASPRINTF 1
| #define HAVE_DECL_VASPRINTF 1
| #define HAVE_DECL_STRNLEN 1
| #define HAVE_DECL____LC_CODEPAGE_FUNC 0
| #define TLS _Thread_local
| #define HAVE_HIDDEN 1
| #define _STRUCTURED_PROC 1
| #define HAVE_SYS_PROCFS_H 1
| #define HAVE_PRSTATUS_T 1
| /* end confdefs.h.  */
| 
| #define _SYSCALL32
| #include <sys/procfs.h>
| int
| main ()
| {
| prstatus32_t avar
|   ;
|   return 0;
| }
configure:16481: result: no
configure:16485: checking for prstatus_t.pr_who in sys/procfs.h
configure:16503: arm-unknown-linux-gnueabihf-gcc -c -g -O2      conftest.c >&5
conftest.c: In function 'main':
conftest.c:73:44: error: 'prstatus_t' {aka 'struct elf_prstatus'} has no member named 'pr_who'
   73 | prstatus_t avar; void* aref = (void*) &avar.pr_who
      |                                            ^
configure:16503: $? = 1
configure: failed program was:
| /* confdefs.h */
| #define PACKAGE_NAME "bfd"
| #define PACKAGE_TARNAME "bfd"
| #define PACKAGE_VERSION "2.42"
| #define PACKAGE_STRING "bfd 2.42"
| #define PACKAGE_BUGREPORT ""
| #define PACKAGE_URL ""
| #define PACKAGE "bfd"
| #define VERSION "2.42"
| #define STDC_HEADERS 1
| #define HAVE_SYS_TYPES_H 1
| #define HAVE_SYS_STAT_H 1
| #define HAVE_STDLIB_H 1
| #define HAVE_STRING_H 1
| #define HAVE_MEMORY_H 1
| #define HAVE_STRINGS_H 1
| #define HAVE_INTTYPES_H 1
| #define HAVE_STDINT_H 1
| #define HAVE_UNISTD_H 1
| #define __EXTENSIONS__ 1
| #define _ALL_SOURCE 1
| #define _GNU_SOURCE 1
| #define _POSIX_PTHREAD_SEMANTICS 1
| #define _TANDEM_SOURCE 1
| #define HAVE_DLFCN_H 1
| #define LT_OBJDIR ".libs/"
| #define HAVE_DLFCN_H 1
| #define _FILE_OFFSET_BITS 64
| #define SIZEOF_VOID_P 4
| #define USE_SECUREPLT 1
| #define DEFAULT_LD_Z_SEPARATE_CODE 0
| #define ENABLE_NLS 1
| #define HAVE_GETTEXT 1
| #define HAVE_DCGETTEXT 1
| #define ENABLE_NLS 1
| #define SIZEOF_LONG_LONG 8
| #define SIZEOF_VOID_P 4
| #define SIZEOF_LONG 4
| #define SIZEOF_INT 4
| #define HAVE_FCNTL_H 1
| #define HAVE_SYS_FILE_H 1
| #define HAVE_SYS_RESOURCE_H 1
| #define HAVE_SYS_STAT_H 1
| #define HAVE_SYS_TYPES_H 1
| #define HAVE_UNISTD_H 1
| #define HAVE_FCNTL 1
| #define HAVE_FDOPEN 1
| #define HAVE_FILENO 1
| #define HAVE_GETGID 1
| #define HAVE_GETPAGESIZE 1
| #define HAVE_GETRLIMIT 1
| #define HAVE_GETUID 1
| #define HAVE_SYSCONF 1
| #define HAVE_DECL_BASENAME 1
| #define HAVE_DECL_FFS 1
| #define HAVE_DECL_STPCPY 1
| #define HAVE_DECL_ASPRINTF 1
| #define HAVE_DECL_VASPRINTF 1
| #define HAVE_DECL_STRNLEN 1
| #define HAVE_DECL____LC_CODEPAGE_FUNC 0
| #define TLS _Thread_local
| #define HAVE_HIDDEN 1
| #define _STRUCTURED_PROC 1
| #define HAVE_SYS_PROCFS_H 1
| #define HAVE_PRSTATUS_T 1
| /* end confdefs.h.  */
| 
| #define _SYSCALL32
| #include <sys/procfs.h>
| int
| main ()
| {
| prstatus_t avar; void* aref = (void*) &avar.pr_who
|   ;
|   return 0;
| }
configure:16517: result: no
configure:16521: checking for prstatus32_t.pr_who in sys/procfs.h
configure:16539: arm-unknown-linux-gnueabihf-gcc -c -g -O2      conftest.c >&5
conftest.c: In function 'main':
conftest.c:73:1: error: unknown type name 'prstatus32_t'; did you mean 'prstatus_t'?
   73 | prstatus32_t avar; void* aref = (void*) &avar.pr_who
      | ^~~~~~~~~~~~
      | prstatus_t
conftest.c:73:46: error: request for member 'pr_who' in something not a structure or union
   73 | prstatus32_t avar; void* aref = (void*) &avar.pr_who
      |                                              ^
configure:16539: $? = 1
configure: failed program was:
| /* confdefs.h */
| #define PACKAGE_NAME "bfd"
| #define PACKAGE_TARNAME "bfd"
| #define PACKAGE_VERSION "2.42"
| #define PACKAGE_STRING "bfd 2.42"
| #define PACKAGE_BUGREPORT ""
| #define PACKAGE_URL ""
| #define PACKAGE "bfd"
| #define VERSION "2.42"
| #define STDC_HEADERS 1
| #define HAVE_SYS_TYPES_H 1
| #define HAVE_SYS_STAT_H 1
| #define HAVE_STDLIB_H 1
| #define HAVE_STRING_H 1
| #define HAVE_MEMORY_H 1
| #define HAVE_STRINGS_H 1
| #define HAVE_INTTYPES_H 1
| #define HAVE_STDINT_H 1
| #define HAVE_UNISTD_H 1
| #define __EXTENSIONS__ 1
| #define _ALL_SOURCE 1
| #define _GNU_SOURCE 1
| #define _POSIX_PTHREAD_SEMANTICS 1
| #define _TANDEM_SOURCE 1
| #define HAVE_DLFCN_H 1
| #define LT_OBJDIR ".libs/"
| #define HAVE_DLFCN_H 1
| #define _FILE_OFFSET_BITS 64
| #define SIZEOF_VOID_P 4
| #define USE_SECUREPLT 1
| #define DEFAULT_LD_Z_SEPARATE_CODE 0
| #define ENABLE_NLS 1
| #define HAVE_GETTEXT 1
| #define HAVE_DCGETTEXT 1
| #define ENABLE_NLS 1
| #define SIZEOF_LONG_LONG 8
| #define SIZEOF_VOID_P 4
| #define SIZEOF_LONG 4
| #define SIZEOF_INT 4
| #define HAVE_FCNTL_H 1
| #define HAVE_SYS_FILE_H 1
| #define HAVE_SYS_RESOURCE_H 1
| #define HAVE_SYS_STAT_H 1
| #define HAVE_SYS_TYPES_H 1
| #define HAVE_UNISTD_H 1
| #define HAVE_FCNTL 1
| #define HAVE_FDOPEN 1
| #define HAVE_FILENO 1
| #define HAVE_GETGID 1
| #define HAVE_GETPAGESIZE 1
| #define HAVE_GETRLIMIT 1
| #define HAVE_GETUID 1
| #define HAVE_SYSCONF 1
| #define HAVE_DECL_BASENAME 1
| #define HAVE_DECL_FFS 1
| #define HAVE_DECL_STPCPY 1
| #define HAVE_DECL_ASPRINTF 1
| #define HAVE_DECL_VASPRINTF 1
| #define HAVE_DECL_STRNLEN 1
| #define HAVE_DECL____LC_CODEPAGE_FUNC 0
| #define TLS _Thread_local
| #define HAVE_HIDDEN 1
| #define _STRUCTURED_PROC 1
| #define HAVE_SYS_PROCFS_H 1
| #define HAVE_PRSTATUS_T 1
| /* end confdefs.h.  */
| 
| #define _SYSCALL32
| #include <sys/procfs.h>
| int
| main ()
| {
| prstatus32_t avar; void* aref = (void*) &avar.pr_who
|   ;
|   return 0;
| }
configure:16553: result: no
configure:16557: checking for pstatus_t in sys/procfs.h
configure:16575: arm-unknown-linux-gnueabihf-gcc -c -g -O2      conftest.c >&5
conftest.c: In function 'main':
conftest.c:73:1: error: unknown type name 'pstatus_t'; did you mean 'prstatus_t'?
   73 | pstatus_t avar
      | ^~~~~~~~~
      | prstatus_t
configure:16575: $? = 1
configure: failed program was:
| /* confdefs.h */
| #define PACKAGE_NAME "bfd"
| #define PACKAGE_TARNAME "bfd"
| #define PACKAGE_VERSION "2.42"
| #define PACKAGE_STRING "bfd 2.42"
| #define PACKAGE_BUGREPORT ""
| #define PACKAGE_URL ""
| #define PACKAGE "bfd"
| #define VERSION "2.42"
| #define STDC_HEADERS 1
| #define HAVE_SYS_TYPES_H 1
| #define HAVE_SYS_STAT_H 1
| #define HAVE_STDLIB_H 1
| #define HAVE_STRING_H 1
| #define HAVE_MEMORY_H 1
| #define HAVE_STRINGS_H 1
| #define HAVE_INTTYPES_H 1
| #define HAVE_STDINT_H 1
| #define HAVE_UNISTD_H 1
| #define __EXTENSIONS__ 1
| #define _ALL_SOURCE 1
| #define _GNU_SOURCE 1
| #define _POSIX_PTHREAD_SEMANTICS 1
| #define _TANDEM_SOURCE 1
| #define HAVE_DLFCN_H 1
| #define LT_OBJDIR ".libs/"
| #define HAVE_DLFCN_H 1
| #define _FILE_OFFSET_BITS 64
| #define SIZEOF_VOID_P 4
| #define USE_SECUREPLT 1
| #define DEFAULT_LD_Z_SEPARATE_CODE 0
| #define ENABLE_NLS 1
| #define HAVE_GETTEXT 1
| #define HAVE_DCGETTEXT 1
| #define ENABLE_NLS 1
| #define SIZEOF_LONG_LONG 8
| #define SIZEOF_VOID_P 4
| #define SIZEOF_LONG 4
| #define SIZEOF_INT 4
| #define HAVE_FCNTL_H 1
| #define HAVE_SYS_FILE_H 1
| #define HAVE_SYS_RESOURCE_H 1
| #define HAVE_SYS_STAT_H 1
| #define HAVE_SYS_TYPES_H 1
| #define HAVE_UNISTD_H 1
| #define HAVE_FCNTL 1
| #define HAVE_FDOPEN 1
| #define HAVE_FILENO 1
| #define HAVE_GETGID 1
| #define HAVE_GETPAGESIZE 1
| #define HAVE_GETRLIMIT 1
| #define HAVE_GETUID 1
| #define HAVE_SYSCONF 1
| #define HAVE_DECL_BASENAME 1
| #define HAVE_DECL_FFS 1
| #define HAVE_DECL_STPCPY 1
| #define HAVE_DECL_ASPRINTF 1
| #define HAVE_DECL_VASPRINTF 1
| #define HAVE_DECL_STRNLEN 1
| #define HAVE_DECL____LC_CODEPAGE_FUNC 0
| #define TLS _Thread_local
| #define HAVE_HIDDEN 1
| #define _STRUCTURED_PROC 1
| #define HAVE_SYS_PROCFS_H 1
| #define HAVE_PRSTATUS_T 1
| /* end confdefs.h.  */
| 
| #define _SYSCALL32
| #include <sys/procfs.h>
| int
| main ()
| {
| pstatus_t avar
|   ;
|   return 0;
| }
configure:16589: result: no
configure:16593: checking for pxstatus_t in sys/procfs.h
configure:16611: arm-unknown-linux-gnueabihf-gcc -c -g -O2      conftest.c >&5
conftest.c: In function 'main':
conftest.c:73:1: error: unknown type name 'pxstatus_t'; did you mean 'prstatus_t'?
   73 | pxstatus_t avar
      | ^~~~~~~~~~
      | prstatus_t
configure:16611: $? = 1
configure: failed program was:
| /* confdefs.h */
| #define PACKAGE_NAME "bfd"
| #define PACKAGE_TARNAME "bfd"
| #define PACKAGE_VERSION "2.42"
| #define PACKAGE_STRING "bfd 2.42"
| #define PACKAGE_BUGREPORT ""
| #define PACKAGE_URL ""
| #define PACKAGE "bfd"
| #define VERSION "2.42"
| #define STDC_HEADERS 1
| #define HAVE_SYS_TYPES_H 1
| #define HAVE_SYS_STAT_H 1
| #define HAVE_STDLIB_H 1
| #define HAVE_STRING_H 1
| #define HAVE_MEMORY_H 1
| #define HAVE_STRINGS_H 1
| #define HAVE_INTTYPES_H 1
| #define HAVE_STDINT_H 1
| #define HAVE_UNISTD_H 1
| #define __EXTENSIONS__ 1
| #define _ALL_SOURCE 1
| #define _GNU_SOURCE 1
| #define _POSIX_PTHREAD_SEMANTICS 1
| #define _TANDEM_SOURCE 1
| #define HAVE_DLFCN_H 1
| #define LT_OBJDIR ".libs/"
| #define HAVE_DLFCN_H 1
| #define _FILE_OFFSET_BITS 64
| #define SIZEOF_VOID_P 4
| #define USE_SECUREPLT 1
| #define DEFAULT_LD_Z_SEPARATE_CODE 0
| #define ENABLE_NLS 1
| #define HAVE_GETTEXT 1
| #define HAVE_DCGETTEXT 1
| #define ENABLE_NLS 1
| #define SIZEOF_LONG_LONG 8
| #define SIZEOF_VOID_P 4
| #define SIZEOF_LONG 4
| #define SIZEOF_INT 4
| #define HAVE_FCNTL_H 1
| #define HAVE_SYS_FILE_H 1
| #define HAVE_SYS_RESOURCE_H 1
| #define HAVE_SYS_STAT_H 1
| #define HAVE_SYS_TYPES_H 1
| #define HAVE_UNISTD_H 1
| #define HAVE_FCNTL 1
| #define HAVE_FDOPEN 1
| #define HAVE_FILENO 1
| #define HAVE_GETGID 1
| #define HAVE_GETPAGESIZE 1
| #define HAVE_GETRLIMIT 1
| #define HAVE_GETUID 1
| #define HAVE_SYSCONF 1
| #define HAVE_DECL_BASENAME 1
| #define HAVE_DECL_FFS 1
| #define HAVE_DECL_STPCPY 1
| #define HAVE_DECL_ASPRINTF 1
| #define HAVE_DECL_VASPRINTF 1
| #define HAVE_DECL_STRNLEN 1
| #define HAVE_DECL____LC_CODEPAGE_FUNC 0
| #define TLS _Thread_local
| #define HAVE_HIDDEN 1
| #define _STRUCTURED_PROC 1
| #define HAVE_SYS_PROCFS_H 1
| #define HAVE_PRSTATUS_T 1
| /* end confdefs.h.  */
| 
| #define _SYSCALL32
| #include <sys/procfs.h>
| int
| main ()
| {
| pxstatus_t avar
|   ;
|   return 0;
| }
configure:16625: result: no
configure:16629: checking for pstatus32_t in sys/procfs.h
configure:16647: arm-unknown-linux-gnueabihf-gcc -c -g -O2      conftest.c >&5
conftest.c: In function 'main':
conftest.c:73:1: error: unknown type name 'pstatus32_t'; did you mean 'prstatus_t'?
   73 | pstatus32_t avar
      | ^~~~~~~~~~~
      | prstatus_t
configure:16647: $? = 1
configure: failed program was:
| /* confdefs.h */
| #define PACKAGE_NAME "bfd"
| #define PACKAGE_TARNAME "bfd"
| #define PACKAGE_VERSION "2.42"
| #define PACKAGE_STRING "bfd 2.42"
| #define PACKAGE_BUGREPORT ""
| #define PACKAGE_URL ""
| #define PACKAGE "bfd"
| #define VERSION "2.42"
| #define STDC_HEADERS 1
| #define HAVE_SYS_TYPES_H 1
| #define HAVE_SYS_STAT_H 1
| #define HAVE_STDLIB_H 1
| #define HAVE_STRING_H 1
| #define HAVE_MEMORY_H 1
| #define HAVE_STRINGS_H 1
| #define HAVE_INTTYPES_H 1
| #define HAVE_STDINT_H 1
| #define HAVE_UNISTD_H 1
| #define __EXTENSIONS__ 1
| #define _ALL_SOURCE 1
| #define _GNU_SOURCE 1
| #define _POSIX_PTHREAD_SEMANTICS 1
| #define _TANDEM_SOURCE 1
| #define HAVE_DLFCN_H 1
| #define LT_OBJDIR ".libs/"
| #define HAVE_DLFCN_H 1
| #define _FILE_OFFSET_BITS 64
| #define SIZEOF_VOID_P 4
| #define USE_SECUREPLT 1
| #define DEFAULT_LD_Z_SEPARATE_CODE 0
| #define ENABLE_NLS 1
| #define HAVE_GETTEXT 1
| #define HAVE_DCGETTEXT 1
| #define ENABLE_NLS 1
| #define SIZEOF_LONG_LONG 8
| #define SIZEOF_VOID_P 4
| #define SIZEOF_LONG 4
| #define SIZEOF_INT 4
| #define HAVE_FCNTL_H 1
| #define HAVE_SYS_FILE_H 1
| #define HAVE_SYS_RESOURCE_H 1
| #define HAVE_SYS_STAT_H 1
| #define HAVE_SYS_TYPES_H 1
| #define HAVE_UNISTD_H 1
| #define HAVE_FCNTL 1
| #define HAVE_FDOPEN 1
| #define HAVE_FILENO 1
| #define HAVE_GETGID 1
| #define HAVE_GETPAGESIZE 1
| #define HAVE_GETRLIMIT 1
| #define HAVE_GETUID 1
| #define HAVE_SYSCONF 1
| #define HAVE_DECL_BASENAME 1
| #define HAVE_DECL_FFS 1
| #define HAVE_DECL_STPCPY 1
| #define HAVE_DECL_ASPRINTF 1
| #define HAVE_DECL_VASPRINTF 1
| #define HAVE_DECL_STRNLEN 1
| #define HAVE_DECL____LC_CODEPAGE_FUNC 0
| #define TLS _Thread_local
| #define HAVE_HIDDEN 1
| #define _STRUCTURED_PROC 1
| #define HAVE_SYS_PROCFS_H 1
| #define HAVE_PRSTATUS_T 1
| /* end confdefs.h.  */
| 
| #define _SYSCALL32
| #include <sys/procfs.h>
| int
| main ()
| {
| pstatus32_t avar
|   ;
|   return 0;
| }
configure:16661: result: no
configure:16665: checking for prpsinfo_t in sys/procfs.h
configure:16683: arm-unknown-linux-gnueabihf-gcc -c -g -O2      conftest.c >&5
configure:16683: $? = 0
configure:16697: result: yes
configure:16701: checking for prpsinfo_t.pr_pid in sys/procfs.h
configure:16719: arm-unknown-linux-gnueabihf-gcc -c -g -O2      conftest.c >&5
configure:16719: $? = 0
configure:16733: result: yes
configure:16737: checking for prpsinfo32_t in sys/procfs.h
configure:16755: arm-unknown-linux-gnueabihf-gcc -c -g -O2      conftest.c >&5
conftest.c: In function 'main':
conftest.c:75:1: error: unknown type name 'prpsinfo32_t'; did you mean 'prpsinfo_t'?
   75 | prpsinfo32_t avar
      | ^~~~~~~~~~~~
      | prpsinfo_t
configure:16755: $? = 1
configure: failed program was:
| /* confdefs.h */
| #define PACKAGE_NAME "bfd"
| #define PACKAGE_TARNAME "bfd"
| #define PACKAGE_VERSION "2.42"
| #define PACKAGE_STRING "bfd 2.42"
| #define PACKAGE_BUGREPORT ""
| #define PACKAGE_URL ""
| #define PACKAGE "bfd"
| #define VERSION "2.42"
| #define STDC_HEADERS 1
| #define HAVE_SYS_TYPES_H 1
| #define HAVE_SYS_STAT_H 1
| #define HAVE_STDLIB_H 1
| #define HAVE_STRING_H 1
| #define HAVE_MEMORY_H 1
| #define HAVE_STRINGS_H 1
| #define HAVE_INTTYPES_H 1
| #define HAVE_STDINT_H 1
| #define HAVE_UNISTD_H 1
| #define __EXTENSIONS__ 1
| #define _ALL_SOURCE 1
| #define _GNU_SOURCE 1
| #define _POSIX_PTHREAD_SEMANTICS 1
| #define _TANDEM_SOURCE 1
| #define HAVE_DLFCN_H 1
| #define LT_OBJDIR ".libs/"
| #define HAVE_DLFCN_H 1
| #define _FILE_OFFSET_BITS 64
| #define SIZEOF_VOID_P 4
| #define USE_SECUREPLT 1
| #define DEFAULT_LD_Z_SEPARATE_CODE 0
| #define ENABLE_NLS 1
| #define HAVE_GETTEXT 1
| #define HAVE_DCGETTEXT 1
| #define ENABLE_NLS 1
| #define SIZEOF_LONG_LONG 8
| #define SIZEOF_VOID_P 4
| #define SIZEOF_LONG 4
| #define SIZEOF_INT 4
| #define HAVE_FCNTL_H 1
| #define HAVE_SYS_FILE_H 1
| #define HAVE_SYS_RESOURCE_H 1
| #define HAVE_SYS_STAT_H 1
| #define HAVE_SYS_TYPES_H 1
| #define HAVE_UNISTD_H 1
| #define HAVE_FCNTL 1
| #define HAVE_FDOPEN 1
| #define HAVE_FILENO 1
| #define HAVE_GETGID 1
| #define HAVE_GETPAGESIZE 1
| #define HAVE_GETRLIMIT 1
| #define HAVE_GETUID 1
| #define HAVE_SYSCONF 1
| #define HAVE_DECL_BASENAME 1
| #define HAVE_DECL_FFS 1
| #define HAVE_DECL_STPCPY 1
| #define HAVE_DECL_ASPRINTF 1
| #define HAVE_DECL_VASPRINTF 1
| #define HAVE_DECL_STRNLEN 1
| #define HAVE_DECL____LC_CODEPAGE_FUNC 0
| #define TLS _Thread_local
| #define HAVE_HIDDEN 1
| #define _STRUCTURED_PROC 1
| #define HAVE_SYS_PROCFS_H 1
| #define HAVE_PRSTATUS_T 1
| #define HAVE_PRPSINFO_T 1
| #define HAVE_PRPSINFO_T_PR_PID 1
| /* end confdefs.h.  */
| 
| #define _SYSCALL32
| #include <sys/procfs.h>
| int
| main ()
| {
| prpsinfo32_t avar
|   ;
|   return 0;
| }
configure:16769: result: no
configure:16773: checking for prpsinfo32_t.pr_pid in sys/procfs.h
configure:16791: arm-unknown-linux-gnueabihf-gcc -c -g -O2      conftest.c >&5
conftest.c: In function 'main':
conftest.c:75:1: error: unknown type name 'prpsinfo32_t'; did you mean 'prpsinfo_t'?
   75 | prpsinfo32_t avar; void* aref = (void*) &avar.pr_pid
      | ^~~~~~~~~~~~
      | prpsinfo_t
conftest.c:75:46: error: request for member 'pr_pid' in something not a structure or union
   75 | prpsinfo32_t avar; void* aref = (void*) &avar.pr_pid
      |                                              ^
configure:16791: $? = 1
configure: failed program was:
| /* confdefs.h */
| #define PACKAGE_NAME "bfd"
| #define PACKAGE_TARNAME "bfd"
| #define PACKAGE_VERSION "2.42"
| #define PACKAGE_STRING "bfd 2.42"
| #define PACKAGE_BUGREPORT ""
| #define PACKAGE_URL ""
| #define PACKAGE "bfd"
| #define VERSION "2.42"
| #define STDC_HEADERS 1
| #define HAVE_SYS_TYPES_H 1
| #define HAVE_SYS_STAT_H 1
| #define HAVE_STDLIB_H 1
| #define HAVE_STRING_H 1
| #define HAVE_MEMORY_H 1
| #define HAVE_STRINGS_H 1
| #define HAVE_INTTYPES_H 1
| #define HAVE_STDINT_H 1
| #define HAVE_UNISTD_H 1
| #define __EXTENSIONS__ 1
| #define _ALL_SOURCE 1
| #define _GNU_SOURCE 1
| #define _POSIX_PTHREAD_SEMANTICS 1
| #define _TANDEM_SOURCE 1
| #define HAVE_DLFCN_H 1
| #define LT_OBJDIR ".libs/"
| #define HAVE_DLFCN_H 1
| #define _FILE_OFFSET_BITS 64
| #define SIZEOF_VOID_P 4
| #define USE_SECUREPLT 1
| #define DEFAULT_LD_Z_SEPARATE_CODE 0
| #define ENABLE_NLS 1
| #define HAVE_GETTEXT 1
| #define HAVE_DCGETTEXT 1
| #define ENABLE_NLS 1
| #define SIZEOF_LONG_LONG 8
| #define SIZEOF_VOID_P 4
| #define SIZEOF_LONG 4
| #define SIZEOF_INT 4
| #define HAVE_FCNTL_H 1
| #define HAVE_SYS_FILE_H 1
| #define HAVE_SYS_RESOURCE_H 1
| #define HAVE_SYS_STAT_H 1
| #define HAVE_SYS_TYPES_H 1
| #define HAVE_UNISTD_H 1
| #define HAVE_FCNTL 1
| #define HAVE_FDOPEN 1
| #define HAVE_FILENO 1
| #define HAVE_GETGID 1
| #define HAVE_GETPAGESIZE 1
| #define HAVE_GETRLIMIT 1
| #define HAVE_GETUID 1
| #define HAVE_SYSCONF 1
| #define HAVE_DECL_BASENAME 1
| #define HAVE_DECL_FFS 1
| #define HAVE_DECL_STPCPY 1
| #define HAVE_DECL_ASPRINTF 1
| #define HAVE_DECL_VASPRINTF 1
| #define HAVE_DECL_STRNLEN 1
| #define HAVE_DECL____LC_CODEPAGE_FUNC 0
| #define TLS _Thread_local
| #define HAVE_HIDDEN 1
| #define _STRUCTURED_PROC 1
| #define HAVE_SYS_PROCFS_H 1
| #define HAVE_PRSTATUS_T 1
| #define HAVE_PRPSINFO_T 1
| #define HAVE_PRPSINFO_T_PR_PID 1
| /* end confdefs.h.  */
| 
| #define _SYSCALL32
| #include <sys/procfs.h>
| int
| main ()
| {
| prpsinfo32_t avar; void* aref = (void*) &avar.pr_pid
|   ;
|   return 0;
| }
configure:16805: result: no
configure:16809: checking for psinfo_t in sys/procfs.h
configure:16827: arm-unknown-linux-gnueabihf-gcc -c -g -O2      conftest.c >&5
conftest.c: In function 'main':
conftest.c:75:1: error: unknown type name 'psinfo_t'; did you mean 'prpsinfo_t'?
   75 | psinfo_t avar
      | ^~~~~~~~
      | prpsinfo_t
configure:16827: $? = 1
configure: failed program was:
| /* confdefs.h */
| #define PACKAGE_NAME "bfd"
| #define PACKAGE_TARNAME "bfd"
| #define PACKAGE_VERSION "2.42"
| #define PACKAGE_STRING "bfd 2.42"
| #define PACKAGE_BUGREPORT ""
| #define PACKAGE_URL ""
| #define PACKAGE "bfd"
| #define VERSION "2.42"
| #define STDC_HEADERS 1
| #define HAVE_SYS_TYPES_H 1
| #define HAVE_SYS_STAT_H 1
| #define HAVE_STDLIB_H 1
| #define HAVE_STRING_H 1
| #define HAVE_MEMORY_H 1
| #define HAVE_STRINGS_H 1
| #define HAVE_INTTYPES_H 1
| #define HAVE_STDINT_H 1
| #define HAVE_UNISTD_H 1
| #define __EXTENSIONS__ 1
| #define _ALL_SOURCE 1
| #define _GNU_SOURCE 1
| #define _POSIX_PTHREAD_SEMANTICS 1
| #define _TANDEM_SOURCE 1
| #define HAVE_DLFCN_H 1
| #define LT_OBJDIR ".libs/"
| #define HAVE_DLFCN_H 1
| #define _FILE_OFFSET_BITS 64
| #define SIZEOF_VOID_P 4
| #define USE_SECUREPLT 1
| #define DEFAULT_LD_Z_SEPARATE_CODE 0
| #define ENABLE_NLS 1
| #define HAVE_GETTEXT 1
| #define HAVE_DCGETTEXT 1
| #define ENABLE_NLS 1
| #define SIZEOF_LONG_LONG 8
| #define SIZEOF_VOID_P 4
| #define SIZEOF_LONG 4
| #define SIZEOF_INT 4
| #define HAVE_FCNTL_H 1
| #define HAVE_SYS_FILE_H 1
| #define HAVE_SYS_RESOURCE_H 1
| #define HAVE_SYS_STAT_H 1
| #define HAVE_SYS_TYPES_H 1
| #define HAVE_UNISTD_H 1
| #define HAVE_FCNTL 1
| #define HAVE_FDOPEN 1
| #define HAVE_FILENO 1
| #define HAVE_GETGID 1
| #define HAVE_GETPAGESIZE 1
| #define HAVE_GETRLIMIT 1
| #define HAVE_GETUID 1
| #define HAVE_SYSCONF 1
| #define HAVE_DECL_BASENAME 1
| #define HAVE_DECL_FFS 1
| #define HAVE_DECL_STPCPY 1
| #define HAVE_DECL_ASPRINTF 1
| #define HAVE_DECL_VASPRINTF 1
| #define HAVE_DECL_STRNLEN 1
| #define HAVE_DECL____LC_CODEPAGE_FUNC 0
| #define TLS _Thread_local
| #define HAVE_HIDDEN 1
| #define _STRUCTURED_PROC 1
| #define HAVE_SYS_PROCFS_H 1
| #define HAVE_PRSTATUS_T 1
| #define HAVE_PRPSINFO_T 1
| #define HAVE_PRPSINFO_T_PR_PID 1
| /* end confdefs.h.  */
| 
| #define _SYSCALL32
| #include <sys/procfs.h>
| int
| main ()
| {
| psinfo_t avar
|   ;
|   return 0;
| }
configure:16841: result: no
configure:16845: checking for psinfo_t.pr_pid in sys/procfs.h
configure:16863: arm-unknown-linux-gnueabihf-gcc -c -g -O2      conftest.c >&5
conftest.c: In function 'main':
conftest.c:75:1: error: unknown type name 'psinfo_t'; did you mean 'prpsinfo_t'?
   75 | psinfo_t avar; void* aref = (void*) &avar.pr_pid
      | ^~~~~~~~
      | prpsinfo_t
conftest.c:75:42: error: request for member 'pr_pid' in something not a structure or union
   75 | psinfo_t avar; void* aref = (void*) &avar.pr_pid
      |                                          ^
configure:16863: $? = 1
configure: failed program was:
| /* confdefs.h */
| #define PACKAGE_NAME "bfd"
| #define PACKAGE_TARNAME "bfd"
| #define PACKAGE_VERSION "2.42"
| #define PACKAGE_STRING "bfd 2.42"
| #define PACKAGE_BUGREPORT ""
| #define PACKAGE_URL ""
| #define PACKAGE "bfd"
| #define VERSION "2.42"
| #define STDC_HEADERS 1
| #define HAVE_SYS_TYPES_H 1
| #define HAVE_SYS_STAT_H 1
| #define HAVE_STDLIB_H 1
| #define HAVE_STRING_H 1
| #define HAVE_MEMORY_H 1
| #define HAVE_STRINGS_H 1
| #define HAVE_INTTYPES_H 1
| #define HAVE_STDINT_H 1
| #define HAVE_UNISTD_H 1
| #define __EXTENSIONS__ 1
| #define _ALL_SOURCE 1
| #define _GNU_SOURCE 1
| #define _POSIX_PTHREAD_SEMANTICS 1
| #define _TANDEM_SOURCE 1
| #define HAVE_DLFCN_H 1
| #define LT_OBJDIR ".libs/"
| #define HAVE_DLFCN_H 1
| #define _FILE_OFFSET_BITS 64
| #define SIZEOF_VOID_P 4
| #define USE_SECUREPLT 1
| #define DEFAULT_LD_Z_SEPARATE_CODE 0
| #define ENABLE_NLS 1
| #define HAVE_GETTEXT 1
| #define HAVE_DCGETTEXT 1
| #define ENABLE_NLS 1
| #define SIZEOF_LONG_LONG 8
| #define SIZEOF_VOID_P 4
| #define SIZEOF_LONG 4
| #define SIZEOF_INT 4
| #define HAVE_FCNTL_H 1
| #define HAVE_SYS_FILE_H 1
| #define HAVE_SYS_RESOURCE_H 1
| #define HAVE_SYS_STAT_H 1
| #define HAVE_SYS_TYPES_H 1
| #define HAVE_UNISTD_H 1
| #define HAVE_FCNTL 1
| #define HAVE_FDOPEN 1
| #define HAVE_FILENO 1
| #define HAVE_GETGID 1
| #define HAVE_GETPAGESIZE 1
| #define HAVE_GETRLIMIT 1
| #define HAVE_GETUID 1
| #define HAVE_SYSCONF 1
| #define HAVE_DECL_BASENAME 1
| #define HAVE_DECL_FFS 1
| #define HAVE_DECL_STPCPY 1
| #define HAVE_DECL_ASPRINTF 1
| #define HAVE_DECL_VASPRINTF 1
| #define HAVE_DECL_STRNLEN 1
| #define HAVE_DECL____LC_CODEPAGE_FUNC 0
| #define TLS _Thread_local
| #define HAVE_HIDDEN 1
| #define _STRUCTURED_PROC 1
| #define HAVE_SYS_PROCFS_H 1
| #define HAVE_PRSTATUS_T 1
| #define HAVE_PRPSINFO_T 1
| #define HAVE_PRPSINFO_T_PR_PID 1
| /* end confdefs.h.  */
| 
| #define _SYSCALL32
| #include <sys/procfs.h>
| int
| main ()
| {
| psinfo_t avar; void* aref = (void*) &avar.pr_pid
|   ;
|   return 0;
| }
configure:16877: result: no
configure:16881: checking for psinfo32_t in sys/procfs.h
configure:16899: arm-unknown-linux-gnueabihf-gcc -c -g -O2      conftest.c >&5
conftest.c: In function 'main':
conftest.c:75:1: error: unknown type name 'psinfo32_t'
   75 | psinfo32_t avar
      | ^~~~~~~~~~
configure:16899: $? = 1
configure: failed program was:
| /* confdefs.h */
| #define PACKAGE_NAME "bfd"
| #define PACKAGE_TARNAME "bfd"
| #define PACKAGE_VERSION "2.42"
| #define PACKAGE_STRING "bfd 2.42"
| #define PACKAGE_BUGREPORT ""
| #define PACKAGE_URL ""
| #define PACKAGE "bfd"
| #define VERSION "2.42"
| #define STDC_HEADERS 1
| #define HAVE_SYS_TYPES_H 1
| #define HAVE_SYS_STAT_H 1
| #define HAVE_STDLIB_H 1
| #define HAVE_STRING_H 1
| #define HAVE_MEMORY_H 1
| #define HAVE_STRINGS_H 1
| #define HAVE_INTTYPES_H 1
| #define HAVE_STDINT_H 1
| #define HAVE_UNISTD_H 1
| #define __EXTENSIONS__ 1
| #define _ALL_SOURCE 1
| #define _GNU_SOURCE 1
| #define _POSIX_PTHREAD_SEMANTICS 1
| #define _TANDEM_SOURCE 1
| #define HAVE_DLFCN_H 1
| #define LT_OBJDIR ".libs/"
| #define HAVE_DLFCN_H 1
| #define _FILE_OFFSET_BITS 64
| #define SIZEOF_VOID_P 4
| #define USE_SECUREPLT 1
| #define DEFAULT_LD_Z_SEPARATE_CODE 0
| #define ENABLE_NLS 1
| #define HAVE_GETTEXT 1
| #define HAVE_DCGETTEXT 1
| #define ENABLE_NLS 1
| #define SIZEOF_LONG_LONG 8
| #define SIZEOF_VOID_P 4
| #define SIZEOF_LONG 4
| #define SIZEOF_INT 4
| #define HAVE_FCNTL_H 1
| #define HAVE_SYS_FILE_H 1
| #define HAVE_SYS_RESOURCE_H 1
| #define HAVE_SYS_STAT_H 1
| #define HAVE_SYS_TYPES_H 1
| #define HAVE_UNISTD_H 1
| #define HAVE_FCNTL 1
| #define HAVE_FDOPEN 1
| #define HAVE_FILENO 1
| #define HAVE_GETGID 1
| #define HAVE_GETPAGESIZE 1
| #define HAVE_GETRLIMIT 1
| #define HAVE_GETUID 1
| #define HAVE_SYSCONF 1
| #define HAVE_DECL_BASENAME 1
| #define HAVE_DECL_FFS 1
| #define HAVE_DECL_STPCPY 1
| #define HAVE_DECL_ASPRINTF 1
| #define HAVE_DECL_VASPRINTF 1
| #define HAVE_DECL_STRNLEN 1
| #define HAVE_DECL____LC_CODEPAGE_FUNC 0
| #define TLS _Thread_local
| #define HAVE_HIDDEN 1
| #define _STRUCTURED_PROC 1
| #define HAVE_SYS_PROCFS_H 1
| #define HAVE_PRSTATUS_T 1
| #define HAVE_PRPSINFO_T 1
| #define HAVE_PRPSINFO_T_PR_PID 1
| /* end confdefs.h.  */
| 
| #define _SYSCALL32
| #include <sys/procfs.h>
| int
| main ()
| {
| psinfo32_t avar
|   ;
|   return 0;
| }
configure:16913: result: no
configure:16917: checking for psinfo32_t.pr_pid in sys/procfs.h
configure:16935: arm-unknown-linux-gnueabihf-gcc -c -g -O2      conftest.c >&5
conftest.c: In function 'main':
conftest.c:75:1: error: unknown type name 'psinfo32_t'
   75 | psinfo32_t avar; void* aref = (void*) &avar.pr_pid
      | ^~~~~~~~~~
conftest.c:75:44: error: request for member 'pr_pid' in something not a structure or union
   75 | psinfo32_t avar; void* aref = (void*) &avar.pr_pid
      |                                            ^
configure:16935: $? = 1
configure: failed program was:
| /* confdefs.h */
| #define PACKAGE_NAME "bfd"
| #define PACKAGE_TARNAME "bfd"
| #define PACKAGE_VERSION "2.42"
| #define PACKAGE_STRING "bfd 2.42"
| #define PACKAGE_BUGREPORT ""
| #define PACKAGE_URL ""
| #define PACKAGE "bfd"
| #define VERSION "2.42"
| #define STDC_HEADERS 1
| #define HAVE_SYS_TYPES_H 1
| #define HAVE_SYS_STAT_H 1
| #define HAVE_STDLIB_H 1
| #define HAVE_STRING_H 1
| #define HAVE_MEMORY_H 1
| #define HAVE_STRINGS_H 1
| #define HAVE_INTTYPES_H 1
| #define HAVE_STDINT_H 1
| #define HAVE_UNISTD_H 1
| #define __EXTENSIONS__ 1
| #define _ALL_SOURCE 1
| #define _GNU_SOURCE 1
| #define _POSIX_PTHREAD_SEMANTICS 1
| #define _TANDEM_SOURCE 1
| #define HAVE_DLFCN_H 1
| #define LT_OBJDIR ".libs/"
| #define HAVE_DLFCN_H 1
| #define _FILE_OFFSET_BITS 64
| #define SIZEOF_VOID_P 4
| #define USE_SECUREPLT 1
| #define DEFAULT_LD_Z_SEPARATE_CODE 0
| #define ENABLE_NLS 1
| #define HAVE_GETTEXT 1
| #define HAVE_DCGETTEXT 1
| #define ENABLE_NLS 1
| #define SIZEOF_LONG_LONG 8
| #define SIZEOF_VOID_P 4
| #define SIZEOF_LONG 4
| #define SIZEOF_INT 4
| #define HAVE_FCNTL_H 1
| #define HAVE_SYS_FILE_H 1
| #define HAVE_SYS_RESOURCE_H 1
| #define HAVE_SYS_STAT_H 1
| #define HAVE_SYS_TYPES_H 1
| #define HAVE_UNISTD_H 1
| #define HAVE_FCNTL 1
| #define HAVE_FDOPEN 1
| #define HAVE_FILENO 1
| #define HAVE_GETGID 1
| #define HAVE_GETPAGESIZE 1
| #define HAVE_GETRLIMIT 1
| #define HAVE_GETUID 1
| #define HAVE_SYSCONF 1
| #define HAVE_DECL_BASENAME 1
| #define HAVE_DECL_FFS 1
| #define HAVE_DECL_STPCPY 1
| #define HAVE_DECL_ASPRINTF 1
| #define HAVE_DECL_VASPRINTF 1
| #define HAVE_DECL_STRNLEN 1
| #define HAVE_DECL____LC_CODEPAGE_FUNC 0
| #define TLS _Thread_local
| #define HAVE_HIDDEN 1
| #define _STRUCTURED_PROC 1
| #define HAVE_SYS_PROCFS_H 1
| #define HAVE_PRSTATUS_T 1
| #define HAVE_PRPSINFO_T 1
| #define HAVE_PRPSINFO_T_PR_PID 1
| /* end confdefs.h.  */
| 
| #define _SYSCALL32
| #include <sys/procfs.h>
| int
| main ()
| {
| psinfo32_t avar; void* aref = (void*) &avar.pr_pid
|   ;
|   return 0;
| }
configure:16949: result: no
configure:16953: checking for lwpstatus_t in sys/procfs.h
configure:16971: arm-unknown-linux-gnueabihf-gcc -c -g -O2      conftest.c >&5
conftest.c: In function 'main':
conftest.c:75:1: error: unknown type name 'lwpstatus_t'; did you mean 'prstatus_t'?
   75 | lwpstatus_t avar
      | ^~~~~~~~~~~
      | prstatus_t
configure:16971: $? = 1
configure: failed program was:
| /* confdefs.h */
| #define PACKAGE_NAME "bfd"
| #define PACKAGE_TARNAME "bfd"
| #define PACKAGE_VERSION "2.42"
| #define PACKAGE_STRING "bfd 2.42"
| #define PACKAGE_BUGREPORT ""
| #define PACKAGE_URL ""
| #define PACKAGE "bfd"
| #define VERSION "2.42"
| #define STDC_HEADERS 1
| #define HAVE_SYS_TYPES_H 1
| #define HAVE_SYS_STAT_H 1
| #define HAVE_STDLIB_H 1
| #define HAVE_STRING_H 1
| #define HAVE_MEMORY_H 1
| #define HAVE_STRINGS_H 1
| #define HAVE_INTTYPES_H 1
| #define HAVE_STDINT_H 1
| #define HAVE_UNISTD_H 1
| #define __EXTENSIONS__ 1
| #define _ALL_SOURCE 1
| #define _GNU_SOURCE 1
| #define _POSIX_PTHREAD_SEMANTICS 1
| #define _TANDEM_SOURCE 1
| #define HAVE_DLFCN_H 1
| #define LT_OBJDIR ".libs/"
| #define HAVE_DLFCN_H 1
| #define _FILE_OFFSET_BITS 64
| #define SIZEOF_VOID_P 4
| #define USE_SECUREPLT 1
| #define DEFAULT_LD_Z_SEPARATE_CODE 0
| #define ENABLE_NLS 1
| #define HAVE_GETTEXT 1
| #define HAVE_DCGETTEXT 1
| #define ENABLE_NLS 1
| #define SIZEOF_LONG_LONG 8
| #define SIZEOF_VOID_P 4
| #define SIZEOF_LONG 4
| #define SIZEOF_INT 4
| #define HAVE_FCNTL_H 1
| #define HAVE_SYS_FILE_H 1
| #define HAVE_SYS_RESOURCE_H 1
| #define HAVE_SYS_STAT_H 1
| #define HAVE_SYS_TYPES_H 1
| #define HAVE_UNISTD_H 1
| #define HAVE_FCNTL 1
| #define HAVE_FDOPEN 1
| #define HAVE_FILENO 1
| #define HAVE_GETGID 1
| #define HAVE_GETPAGESIZE 1
| #define HAVE_GETRLIMIT 1
| #define HAVE_GETUID 1
| #define HAVE_SYSCONF 1
| #define HAVE_DECL_BASENAME 1
| #define HAVE_DECL_FFS 1
| #define HAVE_DECL_STPCPY 1
| #define HAVE_DECL_ASPRINTF 1
| #define HAVE_DECL_VASPRINTF 1
| #define HAVE_DECL_STRNLEN 1
| #define HAVE_DECL____LC_CODEPAGE_FUNC 0
| #define TLS _Thread_local
| #define HAVE_HIDDEN 1
| #define _STRUCTURED_PROC 1
| #define HAVE_SYS_PROCFS_H 1
| #define HAVE_PRSTATUS_T 1
| #define HAVE_PRPSINFO_T 1
| #define HAVE_PRPSINFO_T_PR_PID 1
| /* end confdefs.h.  */
| 
| #define _SYSCALL32
| #include <sys/procfs.h>
| int
| main ()
| {
| lwpstatus_t avar
|   ;
|   return 0;
| }
configure:16985: result: no
configure:16989: checking for lwpxstatus_t in sys/procfs.h
configure:17007: arm-unknown-linux-gnueabihf-gcc -c -g -O2      conftest.c >&5
conftest.c: In function 'main':
conftest.c:75:1: error: unknown type name 'lwpxstatus_t'; did you mean 'prstatus_t'?
   75 | lwpxstatus_t avar
      | ^~~~~~~~~~~~
      | prstatus_t
configure:17007: $? = 1
configure: failed program was:
| /* confdefs.h */
| #define PACKAGE_NAME "bfd"
| #define PACKAGE_TARNAME "bfd"
| #define PACKAGE_VERSION "2.42"
| #define PACKAGE_STRING "bfd 2.42"
| #define PACKAGE_BUGREPORT ""
| #define PACKAGE_URL ""
| #define PACKAGE "bfd"
| #define VERSION "2.42"
| #define STDC_HEADERS 1
| #define HAVE_SYS_TYPES_H 1
| #define HAVE_SYS_STAT_H 1
| #define HAVE_STDLIB_H 1
| #define HAVE_STRING_H 1
| #define HAVE_MEMORY_H 1
| #define HAVE_STRINGS_H 1
| #define HAVE_INTTYPES_H 1
| #define HAVE_STDINT_H 1
| #define HAVE_UNISTD_H 1
| #define __EXTENSIONS__ 1
| #define _ALL_SOURCE 1
| #define _GNU_SOURCE 1
| #define _POSIX_PTHREAD_SEMANTICS 1
| #define _TANDEM_SOURCE 1
| #define HAVE_DLFCN_H 1
| #define LT_OBJDIR ".libs/"
| #define HAVE_DLFCN_H 1
| #define _FILE_OFFSET_BITS 64
| #define SIZEOF_VOID_P 4
| #define USE_SECUREPLT 1
| #define DEFAULT_LD_Z_SEPARATE_CODE 0
| #define ENABLE_NLS 1
| #define HAVE_GETTEXT 1
| #define HAVE_DCGETTEXT 1
| #define ENABLE_NLS 1
| #define SIZEOF_LONG_LONG 8
| #define SIZEOF_VOID_P 4
| #define SIZEOF_LONG 4
| #define SIZEOF_INT 4
| #define HAVE_FCNTL_H 1
| #define HAVE_SYS_FILE_H 1
| #define HAVE_SYS_RESOURCE_H 1
| #define HAVE_SYS_STAT_H 1
| #define HAVE_SYS_TYPES_H 1
| #define HAVE_UNISTD_H 1
| #define HAVE_FCNTL 1
| #define HAVE_FDOPEN 1
| #define HAVE_FILENO 1
| #define HAVE_GETGID 1
| #define HAVE_GETPAGESIZE 1
| #define HAVE_GETRLIMIT 1
| #define HAVE_GETUID 1
| #define HAVE_SYSCONF 1
| #define HAVE_DECL_BASENAME 1
| #define HAVE_DECL_FFS 1
| #define HAVE_DECL_STPCPY 1
| #define HAVE_DECL_ASPRINTF 1
| #define HAVE_DECL_VASPRINTF 1
| #define HAVE_DECL_STRNLEN 1
| #define HAVE_DECL____LC_CODEPAGE_FUNC 0
| #define TLS _Thread_local
| #define HAVE_HIDDEN 1
| #define _STRUCTURED_PROC 1
| #define HAVE_SYS_PROCFS_H 1
| #define HAVE_PRSTATUS_T 1
| #define HAVE_PRPSINFO_T 1
| #define HAVE_PRPSINFO_T_PR_PID 1
| /* end confdefs.h.  */
| 
| #define _SYSCALL32
| #include <sys/procfs.h>
| int
| main ()
| {
| lwpxstatus_t avar
|   ;
|   return 0;
| }
configure:17021: result: no
configure:17025: checking for lwpstatus_t.pr_context in sys/procfs.h
configure:17043: arm-unknown-linux-gnueabihf-gcc -c -g -O2      conftest.c >&5
conftest.c: In function 'main':
conftest.c:75:1: error: unknown type name 'lwpstatus_t'; did you mean 'prstatus_t'?
   75 | lwpstatus_t avar; void* aref = (void*) &avar.pr_context
      | ^~~~~~~~~~~
      | prstatus_t
conftest.c:75:45: error: request for member 'pr_context' in something not a structure or union
   75 | lwpstatus_t avar; void* aref = (void*) &avar.pr_context
      |                                             ^
configure:17043: $? = 1
configure: failed program was:
| /* confdefs.h */
| #define PACKAGE_NAME "bfd"
| #define PACKAGE_TARNAME "bfd"
| #define PACKAGE_VERSION "2.42"
| #define PACKAGE_STRING "bfd 2.42"
| #define PACKAGE_BUGREPORT ""
| #define PACKAGE_URL ""
| #define PACKAGE "bfd"
| #define VERSION "2.42"
| #define STDC_HEADERS 1
| #define HAVE_SYS_TYPES_H 1
| #define HAVE_SYS_STAT_H 1
| #define HAVE_STDLIB_H 1
| #define HAVE_STRING_H 1
| #define HAVE_MEMORY_H 1
| #define HAVE_STRINGS_H 1
| #define HAVE_INTTYPES_H 1
| #define HAVE_STDINT_H 1
| #define HAVE_UNISTD_H 1
| #define __EXTENSIONS__ 1
| #define _ALL_SOURCE 1
| #define _GNU_SOURCE 1
| #define _POSIX_PTHREAD_SEMANTICS 1
| #define _TANDEM_SOURCE 1
| #define HAVE_DLFCN_H 1
| #define LT_OBJDIR ".libs/"
| #define HAVE_DLFCN_H 1
| #define _FILE_OFFSET_BITS 64
| #define SIZEOF_VOID_P 4
| #define USE_SECUREPLT 1
| #define DEFAULT_LD_Z_SEPARATE_CODE 0
| #define ENABLE_NLS 1
| #define HAVE_GETTEXT 1
| #define HAVE_DCGETTEXT 1
| #define ENABLE_NLS 1
| #define SIZEOF_LONG_LONG 8
| #define SIZEOF_VOID_P 4
| #define SIZEOF_LONG 4
| #define SIZEOF_INT 4
| #define HAVE_FCNTL_H 1
| #define HAVE_SYS_FILE_H 1
| #define HAVE_SYS_RESOURCE_H 1
| #define HAVE_SYS_STAT_H 1
| #define HAVE_SYS_TYPES_H 1
| #define HAVE_UNISTD_H 1
| #define HAVE_FCNTL 1
| #define HAVE_FDOPEN 1
| #define HAVE_FILENO 1
| #define HAVE_GETGID 1
| #define HAVE_GETPAGESIZE 1
| #define HAVE_GETRLIMIT 1
| #define HAVE_GETUID 1
| #define HAVE_SYSCONF 1
| #define HAVE_DECL_BASENAME 1
| #define HAVE_DECL_FFS 1
| #define HAVE_DECL_STPCPY 1
| #define HAVE_DECL_ASPRINTF 1
| #define HAVE_DECL_VASPRINTF 1
| #define HAVE_DECL_STRNLEN 1
| #define HAVE_DECL____LC_CODEPAGE_FUNC 0
| #define TLS _Thread_local
| #define HAVE_HIDDEN 1
| #define _STRUCTURED_PROC 1
| #define HAVE_SYS_PROCFS_H 1
| #define HAVE_PRSTATUS_T 1
| #define HAVE_PRPSINFO_T 1
| #define HAVE_PRPSINFO_T_PR_PID 1
| /* end confdefs.h.  */
| 
| #define _SYSCALL32
| #include <sys/procfs.h>
| int
| main ()
| {
| lwpstatus_t avar; void* aref = (void*) &avar.pr_context
|   ;
|   return 0;
| }
configure:17057: result: no
configure:17061: checking for lwpstatus_t.pr_reg in sys/procfs.h
configure:17079: arm-unknown-linux-gnueabihf-gcc -c -g -O2      conftest.c >&5
conftest.c: In function 'main':
conftest.c:75:1: error: unknown type name 'lwpstatus_t'; did you mean 'prstatus_t'?
   75 | lwpstatus_t avar; void* aref = (void*) &avar.pr_reg
      | ^~~~~~~~~~~
      | prstatus_t
conftest.c:75:45: error: request for member 'pr_reg' in something not a structure or union
   75 | lwpstatus_t avar; void* aref = (void*) &avar.pr_reg
      |                                             ^
configure:17079: $? = 1
configure: failed program was:
| /* confdefs.h */
| #define PACKAGE_NAME "bfd"
| #define PACKAGE_TARNAME "bfd"
| #define PACKAGE_VERSION "2.42"
| #define PACKAGE_STRING "bfd 2.42"
| #define PACKAGE_BUGREPORT ""
| #define PACKAGE_URL ""
| #define PACKAGE "bfd"
| #define VERSION "2.42"
| #define STDC_HEADERS 1
| #define HAVE_SYS_TYPES_H 1
| #define HAVE_SYS_STAT_H 1
| #define HAVE_STDLIB_H 1
| #define HAVE_STRING_H 1
| #define HAVE_MEMORY_H 1
| #define HAVE_STRINGS_H 1
| #define HAVE_INTTYPES_H 1
| #define HAVE_STDINT_H 1
| #define HAVE_UNISTD_H 1
| #define __EXTENSIONS__ 1
| #define _ALL_SOURCE 1
| #define _GNU_SOURCE 1
| #define _POSIX_PTHREAD_SEMANTICS 1
| #define _TANDEM_SOURCE 1
| #define HAVE_DLFCN_H 1
| #define LT_OBJDIR ".libs/"
| #define HAVE_DLFCN_H 1
| #define _FILE_OFFSET_BITS 64
| #define SIZEOF_VOID_P 4
| #define USE_SECUREPLT 1
| #define DEFAULT_LD_Z_SEPARATE_CODE 0
| #define ENABLE_NLS 1
| #define HAVE_GETTEXT 1
| #define HAVE_DCGETTEXT 1
| #define ENABLE_NLS 1
| #define SIZEOF_LONG_LONG 8
| #define SIZEOF_VOID_P 4
| #define SIZEOF_LONG 4
| #define SIZEOF_INT 4
| #define HAVE_FCNTL_H 1
| #define HAVE_SYS_FILE_H 1
| #define HAVE_SYS_RESOURCE_H 1
| #define HAVE_SYS_STAT_H 1
| #define HAVE_SYS_TYPES_H 1
| #define HAVE_UNISTD_H 1
| #define HAVE_FCNTL 1
| #define HAVE_FDOPEN 1
| #define HAVE_FILENO 1
| #define HAVE_GETGID 1
| #define HAVE_GETPAGESIZE 1
| #define HAVE_GETRLIMIT 1
| #define HAVE_GETUID 1
| #define HAVE_SYSCONF 1
| #define HAVE_DECL_BASENAME 1
| #define HAVE_DECL_FFS 1
| #define HAVE_DECL_STPCPY 1
| #define HAVE_DECL_ASPRINTF 1
| #define HAVE_DECL_VASPRINTF 1
| #define HAVE_DECL_STRNLEN 1
| #define HAVE_DECL____LC_CODEPAGE_FUNC 0
| #define TLS _Thread_local
| #define HAVE_HIDDEN 1
| #define _STRUCTURED_PROC 1
| #define HAVE_SYS_PROCFS_H 1
| #define HAVE_PRSTATUS_T 1
| #define HAVE_PRPSINFO_T 1
| #define HAVE_PRPSINFO_T_PR_PID 1
| /* end confdefs.h.  */
| 
| #define _SYSCALL32
| #include <sys/procfs.h>
| int
| main ()
| {
| lwpstatus_t avar; void* aref = (void*) &avar.pr_reg
|   ;
|   return 0;
| }
configure:17093: result: no
configure:17097: checking for lwpstatus_t.pr_fpreg in sys/procfs.h
configure:17115: arm-unknown-linux-gnueabihf-gcc -c -g -O2      conftest.c >&5
conftest.c: In function 'main':
conftest.c:75:1: error: unknown type name 'lwpstatus_t'; did you mean 'prstatus_t'?
   75 | lwpstatus_t avar; void* aref = (void*) &avar.pr_fpreg
      | ^~~~~~~~~~~
      | prstatus_t
conftest.c:75:45: error: request for member 'pr_fpreg' in something not a structure or union
   75 | lwpstatus_t avar; void* aref = (void*) &avar.pr_fpreg
      |                                             ^
configure:17115: $? = 1
configure: failed program was:
| /* confdefs.h */
| #define PACKAGE_NAME "bfd"
| #define PACKAGE_TARNAME "bfd"
| #define PACKAGE_VERSION "2.42"
| #define PACKAGE_STRING "bfd 2.42"
| #define PACKAGE_BUGREPORT ""
| #define PACKAGE_URL ""
| #define PACKAGE "bfd"
| #define VERSION "2.42"
| #define STDC_HEADERS 1
| #define HAVE_SYS_TYPES_H 1
| #define HAVE_SYS_STAT_H 1
| #define HAVE_STDLIB_H 1
| #define HAVE_STRING_H 1
| #define HAVE_MEMORY_H 1
| #define HAVE_STRINGS_H 1
| #define HAVE_INTTYPES_H 1
| #define HAVE_STDINT_H 1
| #define HAVE_UNISTD_H 1
| #define __EXTENSIONS__ 1
| #define _ALL_SOURCE 1
| #define _GNU_SOURCE 1
| #define _POSIX_PTHREAD_SEMANTICS 1
| #define _TANDEM_SOURCE 1
| #define HAVE_DLFCN_H 1
| #define LT_OBJDIR ".libs/"
| #define HAVE_DLFCN_H 1
| #define _FILE_OFFSET_BITS 64
| #define SIZEOF_VOID_P 4
| #define USE_SECUREPLT 1
| #define DEFAULT_LD_Z_SEPARATE_CODE 0
| #define ENABLE_NLS 1
| #define HAVE_GETTEXT 1
| #define HAVE_DCGETTEXT 1
| #define ENABLE_NLS 1
| #define SIZEOF_LONG_LONG 8
| #define SIZEOF_VOID_P 4
| #define SIZEOF_LONG 4
| #define SIZEOF_INT 4
| #define HAVE_FCNTL_H 1
| #define HAVE_SYS_FILE_H 1
| #define HAVE_SYS_RESOURCE_H 1
| #define HAVE_SYS_STAT_H 1
| #define HAVE_SYS_TYPES_H 1
| #define HAVE_UNISTD_H 1
| #define HAVE_FCNTL 1
| #define HAVE_FDOPEN 1
| #define HAVE_FILENO 1
| #define HAVE_GETGID 1
| #define HAVE_GETPAGESIZE 1
| #define HAVE_GETRLIMIT 1
| #define HAVE_GETUID 1
| #define HAVE_SYSCONF 1
| #define HAVE_DECL_BASENAME 1
| #define HAVE_DECL_FFS 1
| #define HAVE_DECL_STPCPY 1
| #define HAVE_DECL_ASPRINTF 1
| #define HAVE_DECL_VASPRINTF 1
| #define HAVE_DECL_STRNLEN 1
| #define HAVE_DECL____LC_CODEPAGE_FUNC 0
| #define TLS _Thread_local
| #define HAVE_HIDDEN 1
| #define _STRUCTURED_PROC 1
| #define HAVE_SYS_PROCFS_H 1
| #define HAVE_PRSTATUS_T 1
| #define HAVE_PRPSINFO_T 1
| #define HAVE_PRPSINFO_T_PR_PID 1
| /* end confdefs.h.  */
| 
| #define _SYSCALL32
| #include <sys/procfs.h>
| int
| main ()
| {
| lwpstatus_t avar; void* aref = (void*) &avar.pr_fpreg
|   ;
|   return 0;
| }
configure:17129: result: no
configure:17133: checking for win32_pstatus_t in sys/procfs.h
configure:17151: arm-unknown-linux-gnueabihf-gcc -c -g -O2      conftest.c >&5
conftest.c: In function 'main':
conftest.c:75:1: error: unknown type name 'win32_pstatus_t'
   75 | win32_pstatus_t avar
      | ^~~~~~~~~~~~~~~
configure:17151: $? = 1
configure: failed program was:
| /* confdefs.h */
| #define PACKAGE_NAME "bfd"
| #define PACKAGE_TARNAME "bfd"
| #define PACKAGE_VERSION "2.42"
| #define PACKAGE_STRING "bfd 2.42"
| #define PACKAGE_BUGREPORT ""
| #define PACKAGE_URL ""
| #define PACKAGE "bfd"
| #define VERSION "2.42"
| #define STDC_HEADERS 1
| #define HAVE_SYS_TYPES_H 1
| #define HAVE_SYS_STAT_H 1
| #define HAVE_STDLIB_H 1
| #define HAVE_STRING_H 1
| #define HAVE_MEMORY_H 1
| #define HAVE_STRINGS_H 1
| #define HAVE_INTTYPES_H 1
| #define HAVE_STDINT_H 1
| #define HAVE_UNISTD_H 1
| #define __EXTENSIONS__ 1
| #define _ALL_SOURCE 1
| #define _GNU_SOURCE 1
| #define _POSIX_PTHREAD_SEMANTICS 1
| #define _TANDEM_SOURCE 1
| #define HAVE_DLFCN_H 1
| #define LT_OBJDIR ".libs/"
| #define HAVE_DLFCN_H 1
| #define _FILE_OFFSET_BITS 64
| #define SIZEOF_VOID_P 4
| #define USE_SECUREPLT 1
| #define DEFAULT_LD_Z_SEPARATE_CODE 0
| #define ENABLE_NLS 1
| #define HAVE_GETTEXT 1
| #define HAVE_DCGETTEXT 1
| #define ENABLE_NLS 1
| #define SIZEOF_LONG_LONG 8
| #define SIZEOF_VOID_P 4
| #define SIZEOF_LONG 4
| #define SIZEOF_INT 4
| #define HAVE_FCNTL_H 1
| #define HAVE_SYS_FILE_H 1
| #define HAVE_SYS_RESOURCE_H 1
| #define HAVE_SYS_STAT_H 1
| #define HAVE_SYS_TYPES_H 1
| #define HAVE_UNISTD_H 1
| #define HAVE_FCNTL 1
| #define HAVE_FDOPEN 1
| #define HAVE_FILENO 1
| #define HAVE_GETGID 1
| #define HAVE_GETPAGESIZE 1
| #define HAVE_GETRLIMIT 1
| #define HAVE_GETUID 1
| #define HAVE_SYSCONF 1
| #define HAVE_DECL_BASENAME 1
| #define HAVE_DECL_FFS 1
| #define HAVE_DECL_STPCPY 1
| #define HAVE_DECL_ASPRINTF 1
| #define HAVE_DECL_VASPRINTF 1
| #define HAVE_DECL_STRNLEN 1
| #define HAVE_DECL____LC_CODEPAGE_FUNC 0
| #define TLS _Thread_local
| #define HAVE_HIDDEN 1
| #define _STRUCTURED_PROC 1
| #define HAVE_SYS_PROCFS_H 1
| #define HAVE_PRSTATUS_T 1
| #define HAVE_PRPSINFO_T 1
| #define HAVE_PRPSINFO_T_PR_PID 1
| /* end confdefs.h.  */
| 
| #define _SYSCALL32
| #include <sys/procfs.h>
| int
| main ()
| {
| win32_pstatus_t avar
|   ;
|   return 0;
| }
configure:17165: result: no
configure:17203: checking for ftello
configure:17203: arm-unknown-linux-gnueabihf-gcc -o conftest -g -O2        conftest.c -ldl  >&5
configure:17203: $? = 0
configure:17203: result: yes
configure:17203: checking for ftello64
configure:17203: arm-unknown-linux-gnueabihf-gcc -o conftest -g -O2        conftest.c -ldl  >&5
configure:17203: $? = 0
configure:17203: result: yes
configure:17203: checking for fseeko
configure:17203: arm-unknown-linux-gnueabihf-gcc -o conftest -g -O2        conftest.c -ldl  >&5
configure:17203: $? = 0
configure:17203: result: yes
configure:17203: checking for fseeko64
configure:17203: arm-unknown-linux-gnueabihf-gcc -o conftest -g -O2        conftest.c -ldl  >&5
configure:17203: $? = 0
configure:17203: result: yes
configure:17203: checking for fopen64
configure:17203: arm-unknown-linux-gnueabihf-gcc -o conftest -g -O2        conftest.c -ldl  >&5
configure:17203: $? = 0
configure:17203: result: yes
configure:17212: checking whether ftello is declared
configure:17212: arm-unknown-linux-gnueabihf-gcc -c -g -O2      conftest.c >&5
configure:17212: $? = 0
configure:17212: result: yes
configure:17222: checking whether ftello64 is declared
configure:17222: arm-unknown-linux-gnueabihf-gcc -c -g -O2      conftest.c >&5
configure:17222: $? = 0
configure:17222: result: yes
configure:17232: checking whether fseeko is declared
configure:17232: arm-unknown-linux-gnueabihf-gcc -c -g -O2      conftest.c >&5
configure:17232: $? = 0
configure:17232: result: yes
configure:17242: checking whether fseeko64 is declared
configure:17242: arm-unknown-linux-gnueabihf-gcc -c -g -O2      conftest.c >&5
configure:17242: $? = 0
configure:17242: result: yes
configure:17252: checking whether fopen64 is declared
configure:17252: arm-unknown-linux-gnueabihf-gcc -c -g -O2      conftest.c >&5
configure:17252: $? = 0
configure:17252: result: yes
configure:17268: checking size of off_t
configure:17273: arm-unknown-linux-gnueabihf-gcc -c -g -O2      conftest.c >&5
configure:17273: $? = 0
configure:17273: arm-unknown-linux-gnueabihf-gcc -c -g -O2      conftest.c >&5
conftest.c: In function 'main':
conftest.c:115:12: error: size of array 'test_array' is negative
  115 | static int test_array [1 - 2 * !(((long int) (sizeof (off_t))) <= 0)];
      |            ^~~~~~~~~~
configure:17273: $? = 1
configure: failed program was:
| /* confdefs.h */
| #define PACKAGE_NAME "bfd"
| #define PACKAGE_TARNAME "bfd"
| #define PACKAGE_VERSION "2.42"
| #define PACKAGE_STRING "bfd 2.42"
| #define PACKAGE_BUGREPORT ""
| #define PACKAGE_URL ""
| #define PACKAGE "bfd"
| #define VERSION "2.42"
| #define STDC_HEADERS 1
| #define HAVE_SYS_TYPES_H 1
| #define HAVE_SYS_STAT_H 1
| #define HAVE_STDLIB_H 1
| #define HAVE_STRING_H 1
| #define HAVE_MEMORY_H 1
| #define HAVE_STRINGS_H 1
| #define HAVE_INTTYPES_H 1
| #define HAVE_STDINT_H 1
| #define HAVE_UNISTD_H 1
| #define __EXTENSIONS__ 1
| #define _ALL_SOURCE 1
| #define _GNU_SOURCE 1
| #define _POSIX_PTHREAD_SEMANTICS 1
| #define _TANDEM_SOURCE 1
| #define HAVE_DLFCN_H 1
| #define LT_OBJDIR ".libs/"
| #define HAVE_DLFCN_H 1
| #define _FILE_OFFSET_BITS 64
| #define SIZEOF_VOID_P 4
| #define USE_SECUREPLT 1
| #define DEFAULT_LD_Z_SEPARATE_CODE 0
| #define ENABLE_NLS 1
| #define HAVE_GETTEXT 1
| #define HAVE_DCGETTEXT 1
| #define ENABLE_NLS 1
| #define SIZEOF_LONG_LONG 8
| #define SIZEOF_VOID_P 4
| #define SIZEOF_LONG 4
| #define SIZEOF_INT 4
| #define HAVE_FCNTL_H 1
| #define HAVE_SYS_FILE_H 1
| #define HAVE_SYS_RESOURCE_H 1
| #define HAVE_SYS_STAT_H 1
| #define HAVE_SYS_TYPES_H 1
| #define HAVE_UNISTD_H 1
| #define HAVE_FCNTL 1
| #define HAVE_FDOPEN 1
| #define HAVE_FILENO 1
| #define HAVE_GETGID 1
| #define HAVE_GETPAGESIZE 1
| #define HAVE_GETRLIMIT 1
| #define HAVE_GETUID 1
| #define HAVE_SYSCONF 1
| #define HAVE_DECL_BASENAME 1
| #define HAVE_DECL_FFS 1
| #define HAVE_DECL_STPCPY 1
| #define HAVE_DECL_ASPRINTF 1
| #define HAVE_DECL_VASPRINTF 1
| #define HAVE_DECL_STRNLEN 1
| #define HAVE_DECL____LC_CODEPAGE_FUNC 0
| #define TLS _Thread_local
| #define HAVE_HIDDEN 1
| #define _STRUCTURED_PROC 1
| #define HAVE_SYS_PROCFS_H 1
| #define HAVE_PRSTATUS_T 1
| #define HAVE_PRPSINFO_T 1
| #define HAVE_PRPSINFO_T_PR_PID 1
| #define HAVE_FTELLO 1
| #define HAVE_FTELLO64 1
| #define HAVE_FSEEKO 1
| #define HAVE_FSEEKO64 1
| #define HAVE_FOPEN64 1
| #define HAVE_DECL_FTELLO 1
| #define HAVE_DECL_FTELLO64 1
| #define HAVE_DECL_FSEEKO 1
| #define HAVE_DECL_FSEEKO64 1
| #define HAVE_DECL_FOPEN64 1
| /* end confdefs.h.  */
| #include <stdio.h>
| #ifdef HAVE_SYS_TYPES_H
| # include <sys/types.h>
| #endif
| #ifdef HAVE_SYS_STAT_H
| # include <sys/stat.h>
| #endif
| #ifdef STDC_HEADERS
| # include <stdlib.h>
| # include <stddef.h>
| #else
| # ifdef HAVE_STDLIB_H
| #  include <stdlib.h>
| # endif
| #endif
| #ifdef HAVE_STRING_H
| # if !defined STDC_HEADERS && defined HAVE_MEMORY_H
| #  include <memory.h>
| # endif
| # include <string.h>
| #endif
| #ifdef HAVE_STRINGS_H
| # include <strings.h>
| #endif
| #ifdef HAVE_INTTYPES_H
| # include <inttypes.h>
| #endif
| #ifdef HAVE_STDINT_H
| # include <stdint.h>
| #endif
| #ifdef HAVE_UNISTD_H
| # include <unistd.h>
| #endif
| int
| main ()
| {
| static int test_array [1 - 2 * !(((long int) (sizeof (off_t))) <= 0)];
| test_array [0] = 0;
| return test_array [0];
| 
|   ;
|   return 0;
| }
configure:17273: arm-unknown-linux-gnueabihf-gcc -c -g -O2      conftest.c >&5
conftest.c: In function 'main':
conftest.c:115:12: error: size of array 'test_array' is negative
  115 | static int test_array [1 - 2 * !(((long int) (sizeof (off_t))) <= 1)];
      |            ^~~~~~~~~~
configure:17273: $? = 1
configure: failed program was:
| /* confdefs.h */
| #define PACKAGE_NAME "bfd"
| #define PACKAGE_TARNAME "bfd"
| #define PACKAGE_VERSION "2.42"
| #define PACKAGE_STRING "bfd 2.42"
| #define PACKAGE_BUGREPORT ""
| #define PACKAGE_URL ""
| #define PACKAGE "bfd"
| #define VERSION "2.42"
| #define STDC_HEADERS 1
| #define HAVE_SYS_TYPES_H 1
| #define HAVE_SYS_STAT_H 1
| #define HAVE_STDLIB_H 1
| #define HAVE_STRING_H 1
| #define HAVE_MEMORY_H 1
| #define HAVE_STRINGS_H 1
| #define HAVE_INTTYPES_H 1
| #define HAVE_STDINT_H 1
| #define HAVE_UNISTD_H 1
| #define __EXTENSIONS__ 1
| #define _ALL_SOURCE 1
| #define _GNU_SOURCE 1
| #define _POSIX_PTHREAD_SEMANTICS 1
| #define _TANDEM_SOURCE 1
| #define HAVE_DLFCN_H 1
| #define LT_OBJDIR ".libs/"
| #define HAVE_DLFCN_H 1
| #define _FILE_OFFSET_BITS 64
| #define SIZEOF_VOID_P 4
| #define USE_SECUREPLT 1
| #define DEFAULT_LD_Z_SEPARATE_CODE 0
| #define ENABLE_NLS 1
| #define HAVE_GETTEXT 1
| #define HAVE_DCGETTEXT 1
| #define ENABLE_NLS 1
| #define SIZEOF_LONG_LONG 8
| #define SIZEOF_VOID_P 4
| #define SIZEOF_LONG 4
| #define SIZEOF_INT 4
| #define HAVE_FCNTL_H 1
| #define HAVE_SYS_FILE_H 1
| #define HAVE_SYS_RESOURCE_H 1
| #define HAVE_SYS_STAT_H 1
| #define HAVE_SYS_TYPES_H 1
| #define HAVE_UNISTD_H 1
| #define HAVE_FCNTL 1
| #define HAVE_FDOPEN 1
| #define HAVE_FILENO 1
| #define HAVE_GETGID 1
| #define HAVE_GETPAGESIZE 1
| #define HAVE_GETRLIMIT 1
| #define HAVE_GETUID 1
| #define HAVE_SYSCONF 1
| #define HAVE_DECL_BASENAME 1
| #define HAVE_DECL_FFS 1
| #define HAVE_DECL_STPCPY 1
| #define HAVE_DECL_ASPRINTF 1
| #define HAVE_DECL_VASPRINTF 1
| #define HAVE_DECL_STRNLEN 1
| #define HAVE_DECL____LC_CODEPAGE_FUNC 0
| #define TLS _Thread_local
| #define HAVE_HIDDEN 1
| #define _STRUCTURED_PROC 1
| #define HAVE_SYS_PROCFS_H 1
| #define HAVE_PRSTATUS_T 1
| #define HAVE_PRPSINFO_T 1
| #define HAVE_PRPSINFO_T_PR_PID 1
| #define HAVE_FTELLO 1
| #define HAVE_FTELLO64 1
| #define HAVE_FSEEKO 1
| #define HAVE_FSEEKO64 1
| #define HAVE_FOPEN64 1
| #define HAVE_DECL_FTELLO 1
| #define HAVE_DECL_FTELLO64 1
| #define HAVE_DECL_FSEEKO 1
| #define HAVE_DECL_FSEEKO64 1
| #define HAVE_DECL_FOPEN64 1
| /* end confdefs.h.  */
| #include <stdio.h>
| #ifdef HAVE_SYS_TYPES_H
| # include <sys/types.h>
| #endif
| #ifdef HAVE_SYS_STAT_H
| # include <sys/stat.h>
| #endif
| #ifdef STDC_HEADERS
| # include <stdlib.h>
| # include <stddef.h>
| #else
| # ifdef HAVE_STDLIB_H
| #  include <stdlib.h>
| # endif
| #endif
| #ifdef HAVE_STRING_H
| # if !defined STDC_HEADERS && defined HAVE_MEMORY_H
| #  include <memory.h>
| # endif
| # include <string.h>
| #endif
| #ifdef HAVE_STRINGS_H
| # include <strings.h>
| #endif
| #ifdef HAVE_INTTYPES_H
| # include <inttypes.h>
| #endif
| #ifdef HAVE_STDINT_H
| # include <stdint.h>
| #endif
| #ifdef HAVE_UNISTD_H
| # include <unistd.h>
| #endif
| int
| main ()
| {
| static int test_array [1 - 2 * !(((long int) (sizeof (off_t))) <= 1)];
| test_array [0] = 0;
| return test_array [0];
| 
|   ;
|   return 0;
| }
configure:17273: arm-unknown-linux-gnueabihf-gcc -c -g -O2      conftest.c >&5
conftest.c: In function 'main':
conftest.c:115:12: error: size of array 'test_array' is negative
  115 | static int test_array [1 - 2 * !(((long int) (sizeof (off_t))) <= 3)];
      |            ^~~~~~~~~~
configure:17273: $? = 1
configure: failed program was:
| /* confdefs.h */
| #define PACKAGE_NAME "bfd"
| #define PACKAGE_TARNAME "bfd"
| #define PACKAGE_VERSION "2.42"
| #define PACKAGE_STRING "bfd 2.42"
| #define PACKAGE_BUGREPORT ""
| #define PACKAGE_URL ""
| #define PACKAGE "bfd"
| #define VERSION "2.42"
| #define STDC_HEADERS 1
| #define HAVE_SYS_TYPES_H 1
| #define HAVE_SYS_STAT_H 1
| #define HAVE_STDLIB_H 1
| #define HAVE_STRING_H 1
| #define HAVE_MEMORY_H 1
| #define HAVE_STRINGS_H 1
| #define HAVE_INTTYPES_H 1
| #define HAVE_STDINT_H 1
| #define HAVE_UNISTD_H 1
| #define __EXTENSIONS__ 1
| #define _ALL_SOURCE 1
| #define _GNU_SOURCE 1
| #define _POSIX_PTHREAD_SEMANTICS 1
| #define _TANDEM_SOURCE 1
| #define HAVE_DLFCN_H 1
| #define LT_OBJDIR ".libs/"
| #define HAVE_DLFCN_H 1
| #define _FILE_OFFSET_BITS 64
| #define SIZEOF_VOID_P 4
| #define USE_SECUREPLT 1
| #define DEFAULT_LD_Z_SEPARATE_CODE 0
| #define ENABLE_NLS 1
| #define HAVE_GETTEXT 1
| #define HAVE_DCGETTEXT 1
| #define ENABLE_NLS 1
| #define SIZEOF_LONG_LONG 8
| #define SIZEOF_VOID_P 4
| #define SIZEOF_LONG 4
| #define SIZEOF_INT 4
| #define HAVE_FCNTL_H 1
| #define HAVE_SYS_FILE_H 1
| #define HAVE_SYS_RESOURCE_H 1
| #define HAVE_SYS_STAT_H 1
| #define HAVE_SYS_TYPES_H 1
| #define HAVE_UNISTD_H 1
| #define HAVE_FCNTL 1
| #define HAVE_FDOPEN 1
| #define HAVE_FILENO 1
| #define HAVE_GETGID 1
| #define HAVE_GETPAGESIZE 1
| #define HAVE_GETRLIMIT 1
| #define HAVE_GETUID 1
| #define HAVE_SYSCONF 1
| #define HAVE_DECL_BASENAME 1
| #define HAVE_DECL_FFS 1
| #define HAVE_DECL_STPCPY 1
| #define HAVE_DECL_ASPRINTF 1
| #define HAVE_DECL_VASPRINTF 1
| #define HAVE_DECL_STRNLEN 1
| #define HAVE_DECL____LC_CODEPAGE_FUNC 0
| #define TLS _Thread_local
| #define HAVE_HIDDEN 1
| #define _STRUCTURED_PROC 1
| #define HAVE_SYS_PROCFS_H 1
| #define HAVE_PRSTATUS_T 1
| #define HAVE_PRPSINFO_T 1
| #define HAVE_PRPSINFO_T_PR_PID 1
| #define HAVE_FTELLO 1
| #define HAVE_FTELLO64 1
| #define HAVE_FSEEKO 1
| #define HAVE_FSEEKO64 1
| #define HAVE_FOPEN64 1
| #define HAVE_DECL_FTELLO 1
| #define HAVE_DECL_FTELLO64 1
| #define HAVE_DECL_FSEEKO 1
| #define HAVE_DECL_FSEEKO64 1
| #define HAVE_DECL_FOPEN64 1
| /* end confdefs.h.  */
| #include <stdio.h>
| #ifdef HAVE_SYS_TYPES_H
| # include <sys/types.h>
| #endif
| #ifdef HAVE_SYS_STAT_H
| # include <sys/stat.h>
| #endif
| #ifdef STDC_HEADERS
| # include <stdlib.h>
| # include <stddef.h>
| #else
| # ifdef HAVE_STDLIB_H
| #  include <stdlib.h>
| # endif
| #endif
| #ifdef HAVE_STRING_H
| # if !defined STDC_HEADERS && defined HAVE_MEMORY_H
| #  include <memory.h>
| # endif
| # include <string.h>
| #endif
| #ifdef HAVE_STRINGS_H
| # include <strings.h>
| #endif
| #ifdef HAVE_INTTYPES_H
| # include <inttypes.h>
| #endif
| #ifdef HAVE_STDINT_H
| # include <stdint.h>
| #endif
| #ifdef HAVE_UNISTD_H
| # include <unistd.h>
| #endif
| int
| main ()
| {
| static int test_array [1 - 2 * !(((long int) (sizeof (off_t))) <= 3)];
| test_array [0] = 0;
| return test_array [0];
| 
|   ;
|   return 0;
| }
configure:17273: arm-unknown-linux-gnueabihf-gcc -c -g -O2      conftest.c >&5
conftest.c: In function 'main':
conftest.c:115:12: error: size of array 'test_array' is negative
  115 | static int test_array [1 - 2 * !(((long int) (sizeof (off_t))) <= 7)];
      |            ^~~~~~~~~~
configure:17273: $? = 1
configure: failed program was:
| /* confdefs.h */
| #define PACKAGE_NAME "bfd"
| #define PACKAGE_TARNAME "bfd"
| #define PACKAGE_VERSION "2.42"
| #define PACKAGE_STRING "bfd 2.42"
| #define PACKAGE_BUGREPORT ""
| #define PACKAGE_URL ""
| #define PACKAGE "bfd"
| #define VERSION "2.42"
| #define STDC_HEADERS 1
| #define HAVE_SYS_TYPES_H 1
| #define HAVE_SYS_STAT_H 1
| #define HAVE_STDLIB_H 1
| #define HAVE_STRING_H 1
| #define HAVE_MEMORY_H 1
| #define HAVE_STRINGS_H 1
| #define HAVE_INTTYPES_H 1
| #define HAVE_STDINT_H 1
| #define HAVE_UNISTD_H 1
| #define __EXTENSIONS__ 1
| #define _ALL_SOURCE 1
| #define _GNU_SOURCE 1
| #define _POSIX_PTHREAD_SEMANTICS 1
| #define _TANDEM_SOURCE 1
| #define HAVE_DLFCN_H 1
| #define LT_OBJDIR ".libs/"
| #define HAVE_DLFCN_H 1
| #define _FILE_OFFSET_BITS 64
| #define SIZEOF_VOID_P 4
| #define USE_SECUREPLT 1
| #define DEFAULT_LD_Z_SEPARATE_CODE 0
| #define ENABLE_NLS 1
| #define HAVE_GETTEXT 1
| #define HAVE_DCGETTEXT 1
| #define ENABLE_NLS 1
| #define SIZEOF_LONG_LONG 8
| #define SIZEOF_VOID_P 4
| #define SIZEOF_LONG 4
| #define SIZEOF_INT 4
| #define HAVE_FCNTL_H 1
| #define HAVE_SYS_FILE_H 1
| #define HAVE_SYS_RESOURCE_H 1
| #define HAVE_SYS_STAT_H 1
| #define HAVE_SYS_TYPES_H 1
| #define HAVE_UNISTD_H 1
| #define HAVE_FCNTL 1
| #define HAVE_FDOPEN 1
| #define HAVE_FILENO 1
| #define HAVE_GETGID 1
| #define HAVE_GETPAGESIZE 1
| #define HAVE_GETRLIMIT 1
| #define HAVE_GETUID 1
| #define HAVE_SYSCONF 1
| #define HAVE_DECL_BASENAME 1
| #define HAVE_DECL_FFS 1
| #define HAVE_DECL_STPCPY 1
| #define HAVE_DECL_ASPRINTF 1
| #define HAVE_DECL_VASPRINTF 1
| #define HAVE_DECL_STRNLEN 1
| #define HAVE_DECL____LC_CODEPAGE_FUNC 0
| #define TLS _Thread_local
| #define HAVE_HIDDEN 1
| #define _STRUCTURED_PROC 1
| #define HAVE_SYS_PROCFS_H 1
| #define HAVE_PRSTATUS_T 1
| #define HAVE_PRPSINFO_T 1
| #define HAVE_PRPSINFO_T_PR_PID 1
| #define HAVE_FTELLO 1
| #define HAVE_FTELLO64 1
| #define HAVE_FSEEKO 1
| #define HAVE_FSEEKO64 1
| #define HAVE_FOPEN64 1
| #define HAVE_DECL_FTELLO 1
| #define HAVE_DECL_FTELLO64 1
| #define HAVE_DECL_FSEEKO 1
| #define HAVE_DECL_FSEEKO64 1
| #define HAVE_DECL_FOPEN64 1
| /* end confdefs.h.  */
| #include <stdio.h>
| #ifdef HAVE_SYS_TYPES_H
| # include <sys/types.h>
| #endif
| #ifdef HAVE_SYS_STAT_H
| # include <sys/stat.h>
| #endif
| #ifdef STDC_HEADERS
| # include <stdlib.h>
| # include <stddef.h>
| #else
| # ifdef HAVE_STDLIB_H
| #  include <stdlib.h>
| # endif
| #endif
| #ifdef HAVE_STRING_H
| # if !defined STDC_HEADERS && defined HAVE_MEMORY_H
| #  include <memory.h>
| # endif
| # include <string.h>
| #endif
| #ifdef HAVE_STRINGS_H
| # include <strings.h>
| #endif
| #ifdef HAVE_INTTYPES_H
| # include <inttypes.h>
| #endif
| #ifdef HAVE_STDINT_H
| # include <stdint.h>
| #endif
| #ifdef HAVE_UNISTD_H
| # include <unistd.h>
| #endif
| int
| main ()
| {
| static int test_array [1 - 2 * !(((long int) (sizeof (off_t))) <= 7)];
| test_array [0] = 0;
| return test_array [0];
| 
|   ;
|   return 0;
| }
configure:17273: arm-unknown-linux-gnueabihf-gcc -c -g -O2      conftest.c >&5
configure:17273: $? = 0
configure:17273: arm-unknown-linux-gnueabihf-gcc -c -g -O2      conftest.c >&5
configure:17273: $? = 0
configure:17273: arm-unknown-linux-gnueabihf-gcc -c -g -O2      conftest.c >&5
configure:17273: $? = 0
configure:17273: arm-unknown-linux-gnueabihf-gcc -c -g -O2      conftest.c >&5
configure:17273: $? = 0
configure:17287: result: 8
configure:17298: checking file_ptr type
configure:17307: result: int64_t
configure:17318: checking for stdlib.h
configure:17318: result: yes
configure:17318: checking for unistd.h
configure:17318: result: yes
configure:17318: checking for sys/param.h
configure:17318: arm-unknown-linux-gnueabihf-gcc -c -g -O2      conftest.c >&5
configure:17318: $? = 0
configure:17318: result: yes
configure:17338: checking for getpagesize
configure:17338: result: yes
configure:17347: checking for working mmap
configure:17504: result: no
configure:17516: checking for madvise
configure:17516: arm-unknown-linux-gnueabihf-gcc -o conftest -g -O2        conftest.c -ldl  >&5
configure:17516: $? = 0
configure:17516: result: yes
configure:17516: checking for mprotect
configure:17516: arm-unknown-linux-gnueabihf-gcc -o conftest -g -O2        conftest.c -ldl  >&5
configure:17516: $? = 0
configure:17516: result: yes
configure:17599: updating cache ./config.cache
configure:17643: checking that generated files are newer than configure
configure:17649: result: done
configure:17693: creating ./config.status

## ---------------------- ##
## Running config.status. ##
## ---------------------- ##

This file was extended by bfd config.status 2.42, which was
generated by GNU Autoconf 2.69.  Invocation command line was

  CONFIG_FILES    = 
  CONFIG_HEADERS  = 
  CONFIG_LINKS    = 
  CONFIG_COMMANDS = 
  $ ./config.status 

on host

config.status:1227: creating Makefile
config.status:1227: creating bfd-in3.h
config.status:1227: creating po/Makefile.in
config.status:1227: creating config.h
config.status:1456: executing depfiles commands
config.status:1456: executing libtool commands
config.status:1456: executing default-1 commands
config.status:1456: executing default-2 commands
config.status:1456: executing default commands

## ---------------- ##
## Cache variables. ##
## ---------------- ##

ac_cv_build=x86_64-pc-linux-gnu
ac_cv_c_bigendian=no
ac_cv_c_compiler_gnu=yes
ac_cv_env_CC_set=set
ac_cv_env_CC_value=arm-unknown-linux-gnueabihf-gcc
ac_cv_env_CFLAGS_set=set
ac_cv_env_CFLAGS_value='-g -O2    '
ac_cv_env_CPPFLAGS_set=
ac_cv_env_CPPFLAGS_value=
ac_cv_env_CPP_set=
ac_cv_env_CPP_value=
ac_cv_env_LDFLAGS_set=set
ac_cv_env_LDFLAGS_value=' '
ac_cv_env_LIBS_set=
ac_cv_env_LIBS_value=
ac_cv_env_PKG_CONFIG_LIBDIR_set=
ac_cv_env_PKG_CONFIG_LIBDIR_value=
ac_cv_env_PKG_CONFIG_PATH_set=set
ac_cv_env_PKG_CONFIG_PATH_value=
ac_cv_env_PKG_CONFIG_set=
ac_cv_env_PKG_CONFIG_value=
ac_cv_env_ZSTD_CFLAGS_set=
ac_cv_env_ZSTD_CFLAGS_value=
ac_cv_env_ZSTD_LIBS_set=
ac_cv_env_ZSTD_LIBS_value=
ac_cv_env_build_alias_set=set
ac_cv_env_build_alias_value=x86_64-pc-linux-gnu
ac_cv_env_host_alias_set=set
ac_cv_env_host_alias_value=arm-unknown-linux-gnueabihf
ac_cv_env_target_alias_set=set
ac_cv_env_target_alias_value=arm-unknown-linux-gnueabihf
ac_cv_func_dlopen=no
ac_cv_func_fcntl=yes
ac_cv_func_fdopen=yes
ac_cv_func_fileno=yes
ac_cv_func_fls=no
ac_cv_func_fopen64=yes
ac_cv_func_fseeko64=yes
ac_cv_func_fseeko=yes
ac_cv_func_ftello64=yes
ac_cv_func_ftello=yes
ac_cv_func_getgid=yes
ac_cv_func_getpagesize=yes
ac_cv_func_getrlimit=yes
ac_cv_func_getuid=yes
ac_cv_func_madvise=yes
ac_cv_func_mmap_fixed_mapped=no
ac_cv_func_mprotect=yes
ac_cv_func_shl_load=no
ac_cv_func_sysconf=yes
ac_cv_have_decl____lc_codepage_func=no
ac_cv_have_decl_asprintf=yes
ac_cv_have_decl_basename=yes
ac_cv_have_decl_ffs=yes
ac_cv_have_decl_fopen64=yes
ac_cv_have_decl_fseeko64=yes
ac_cv_have_decl_fseeko=yes
ac_cv_have_decl_ftello64=yes
ac_cv_have_decl_ftello=yes
ac_cv_have_decl_stpcpy=yes
ac_cv_have_decl_strnlen=yes
ac_cv_have_decl_vasprintf=yes
ac_cv_header_dlfcn_h=yes
ac_cv_header_fcntl_h=yes
ac_cv_header_inttypes_h=yes
ac_cv_header_memory_h=yes
ac_cv_header_minix_config_h=no
ac_cv_header_stdc=yes
ac_cv_header_stdint_h=yes
ac_cv_header_stdlib_h=yes
ac_cv_header_string_h=yes
ac_cv_header_strings_h=yes
ac_cv_header_sys_file_h=yes
ac_cv_header_sys_param_h=yes
ac_cv_header_sys_procfs_h=yes
ac_cv_header_sys_resource_h=yes
ac_cv_header_sys_stat_h=yes
ac_cv_header_sys_types_h=yes
ac_cv_header_unistd_h=yes
ac_cv_header_windows_h=no
ac_cv_host=arm-unknown-linux-gnueabihf
ac_cv_lib_dl_dlopen=yes
ac_cv_lib_dld_shl_load=no
ac_cv_lib_m_cos=yes
ac_cv_objext=o
ac_cv_path_EGREP='/usr/bin/grep -E'
ac_cv_path_FGREP='/usr/bin/grep -F'
ac_cv_path_GMSGFMT=/usr/bin/msgfmt
ac_cv_path_GREP=/usr/bin/grep
ac_cv_path_MSGFMT=/usr/bin/msgfmt
ac_cv_path_MSGMERGE=/usr/bin/msgmerge
ac_cv_path_SED=/usr/bin/sed
ac_cv_path_XGETTEXT=/usr/bin/xgettext
ac_cv_path_ac_pt_PKG_CONFIG=/usr/bin/pkg-config
ac_cv_path_mkdir=/usr/bin/mkdir
ac_cv_prog_AR='arm-unknown-linux-gnueabihf-ar '
ac_cv_prog_AWK=gawk
ac_cv_prog_CC=arm-unknown-linux-gnueabihf-gcc
ac_cv_prog_CPP='arm-unknown-linux-gnueabihf-gcc -E'
ac_cv_prog_OBJDUMP=arm-unknown-linux-gnueabihf-objdump
ac_cv_prog_RANLIB='arm-unknown-linux-gnueabihf-ranlib '
ac_cv_prog_STRIP=arm-unknown-linux-gnueabihf-strip
ac_cv_prog_cc_c89=
ac_cv_prog_cc_g=yes
ac_cv_prog_make_make_set=yes
ac_cv_safe_to_define___extensions__=yes
ac_cv_search_dlsym=-ldl
ac_cv_sizeof_int=4
ac_cv_sizeof_long=4
ac_cv_sizeof_long_long=8
ac_cv_sizeof_off_t=8
ac_cv_sizeof_void_p=4
ac_cv_sys_file_offset_bits=64
ac_cv_sys_largefile_CC=no
ac_cv_target=arm-unknown-linux-gnueabihf
ac_cv_tls=_Thread_local
acl_cv_hardcode_direct=no
acl_cv_hardcode_libdir_flag_spec='${wl}-rpath ${wl}$libdir'
acl_cv_hardcode_libdir_separator=
acl_cv_hardcode_minus_L=no
acl_cv_libext=a
acl_cv_path_LD=/home/dev/x-tools/arm-unknown-linux-gnueabihf/lib/gcc/arm-unknown-linux-gnueabihf/9.5.0/../../../../arm-unknown-linux-gnueabihf/bin/ld
acl_cv_prog_gnu_ld=yes
acl_cv_rpath=done
acl_cv_shlibext=so
acl_cv_wl=-Wl,
am_cv_CC_dependencies_compiler_type=gcc3
am_cv_make_support_nested_variables=yes
am_cv_prog_cc_c_o=yes
bfd_cv_build_exeext=no
bfd_cv_have_sys_procfs_type_lwpstatus_t=no
bfd_cv_have_sys_procfs_type_lwpxstatus_t=no
bfd_cv_have_sys_procfs_type_member_lwpstatus_t_pr_context=no
bfd_cv_have_sys_procfs_type_member_lwpstatus_t_pr_fpreg=no
bfd_cv_have_sys_procfs_type_member_lwpstatus_t_pr_reg=no
bfd_cv_have_sys_procfs_type_member_prpsinfo32_t_pr_pid=no
bfd_cv_have_sys_procfs_type_member_prpsinfo_t_pr_pid=yes
bfd_cv_have_sys_procfs_type_member_prstatus32_t_pr_who=no
bfd_cv_have_sys_procfs_type_member_prstatus_t_pr_who=no
bfd_cv_have_sys_procfs_type_member_psinfo32_t_pr_pid=no
bfd_cv_have_sys_procfs_type_member_psinfo_t_pr_pid=no
bfd_cv_have_sys_procfs_type_prpsinfo32_t=no
bfd_cv_have_sys_procfs_type_prpsinfo_t=yes
bfd_cv_have_sys_procfs_type_prstatus32_t=no
bfd_cv_have_sys_procfs_type_prstatus_t=yes
bfd_cv_have_sys_procfs_type_psinfo32_t=no
bfd_cv_have_sys_procfs_type_psinfo_t=no
bfd_cv_have_sys_procfs_type_pstatus32_t=no
bfd_cv_have_sys_procfs_type_pstatus_t=no
bfd_cv_have_sys_procfs_type_pxstatus_t=no
bfd_cv_have_sys_procfs_type_win32_pstatus_t=no
bfd_cv_hidden=yes
bfd_cv_ld_as_needed=yes
gt_cv_func_CFLocaleCopyPreferredLanguages=no
gt_cv_func_CFPreferencesCopyAppValue=no
gt_cv_func_gnugettext1_libc=yes
lt_cv_deplibs_check_method=pass_all
lt_cv_dlopen=dlopen
lt_cv_dlopen_libs=-ldl
lt_cv_dlopen_self=cross
lt_cv_file_magic_cmd='$MAGIC_CMD'
lt_cv_file_magic_test_file=
lt_cv_ld_reload_flag=-r
lt_cv_nm_interface='BSD nm'
lt_cv_objdir=.libs
lt_cv_path_LD=/home/dev/x-tools/arm-unknown-linux-gnueabihf/lib/gcc/arm-unknown-linux-gnueabihf/9.5.0/../../../../arm-unknown-linux-gnueabihf/bin/ld
lt_cv_path_NM='/home/dev/x-tools/arm-unknown-linux-gnueabihf/bin/arm-unknown-linux-gnueabihf-nm -B'
lt_cv_prog_compiler_c_o=yes
lt_cv_prog_compiler_pic_works=yes
lt_cv_prog_compiler_rtti_exceptions=no
lt_cv_prog_compiler_static_works=yes
lt_cv_prog_gnu_ld=yes
lt_cv_shlibpath_overrides_runpath=no
lt_cv_sys_global_symbol_pipe='sed -n -e '\''s/^.*[	 ]\([ABCDGIRSTW][ABCDGIRSTW]*\)[	 ][	 ]*\([_A-Za-z][_A-Za-z0-9]*\)$/\1 \2 \2/p'\'''
lt_cv_sys_global_symbol_to_c_name_address='sed -n -e '\''s/^: \([^ ]*\) $/  {\"\1\", (void *) 0},/p'\'' -e '\''s/^[ABCDGIRSTW]* \([^ ]*\) \([^ ]*\)$/  {"\2", (void *) \&\2},/p'\'''
lt_cv_sys_global_symbol_to_c_name_address_lib_prefix='sed -n -e '\''s/^: \([^ ]*\) $/  {\"\1\", (void *) 0},/p'\'' -e '\''s/^[ABCDGIRSTW]* \([^ ]*\) \(lib[^ ]*\)$/  {"\2", (void *) \&\2},/p'\'' -e '\''s/^[ABCDGIRSTW]* \([^ ]*\) \([^ ]*\)$/  {"lib\2", (void *) \&\2},/p'\'''
lt_cv_sys_global_symbol_to_cdecl='sed -n -e '\''s/^T .* \(.*\)$/extern int \1();/p'\'' -e '\''s/^[ABCDGIRSTW]* .* \(.*\)$/extern char \1;/p'\'''
lt_cv_sys_max_cmd_len=1572864
pkg_cv_ZSTD_CFLAGS=
pkg_cv_ZSTD_LIBS='-lzstd '

## ----------------- ##
## Output variables. ##
## ----------------- ##

ACLOCAL='${SHELL} /home/dev/Desktop/ClaraColour/python/crosstoolsng/binutils-2.42/missing aclocal-1.15'
AMDEPBACKSLASH='\'
AMDEP_FALSE='#'
AMDEP_TRUE=''
AMTAR='$${TAR-tar}'
AM_BACKSLASH='\'
AM_DEFAULT_V='$(AM_DEFAULT_VERBOSITY)'
AM_DEFAULT_VERBOSITY='0'
AM_V='$(V)'
AR='arm-unknown-linux-gnueabihf-ar '
AUTOCONF='${SHELL} /home/dev/Desktop/ClaraColour/python/crosstoolsng/binutils-2.42/missing autoconf'
AUTOHEADER='${SHELL} /home/dev/Desktop/ClaraColour/python/crosstoolsng/binutils-2.42/missing autoheader'
AUTOMAKE='${SHELL} /home/dev/Desktop/ClaraColour/python/crosstoolsng/binutils-2.42/missing automake-1.15'
AWK='gawk'
CATALOGS=' da.gmo es.gmo fi.gmo fr.gmo hr.gmo id.gmo ja.gmo ka.gmo pt.gmo ro.gmo ru.gmo rw.gmo sr.gmo sv.gmo tr.gmo uk.gmo vi.gmo zh_CN.gmo da.gmo es.gmo fi.gmo fr.gmo hr.gmo id.gmo ja.gmo ka.gmo pt.gmo ro.gmo ru.gmo rw.gmo sr.gmo sv.gmo tr.gmo uk.gmo vi.gmo zh_CN.gmo'
CATOBJEXT='.gmo'
CC='arm-unknown-linux-gnueabihf-gcc'
CCDEPMODE='depmode=gcc3'
CC_FOR_BUILD='gcc'
CFLAGS='-g -O2    '
COREFILE=''
COREFLAG=''
CPP='arm-unknown-linux-gnueabihf-gcc -E'
CPPFLAGS=''
CYGPATH_W='echo'
DATADIRNAME='share'
DEBUGDIR='${exec_prefix}/lib/debug'
DEFS='-DHAVE_CONFIG_H'
DEPDIR='.deps'
DSYMUTIL='arm-unknown-linux-gnueabihf-dsymutil'
DUMPBIN=''
ECHO_C=''
ECHO_N='-n'
ECHO_T=''
EGREP='/usr/bin/grep -E'
ENABLE_BFD_64_BIT_FALSE=''
ENABLE_BFD_64_BIT_TRUE='#'
EXEEXT=''
EXEEXT_FOR_BUILD=''
FGREP='/usr/bin/grep -F'
GENCAT='gencat'
GENINSRC_NEVER_FALSE=''
GENINSRC_NEVER_TRUE='#'
GMSGFMT='/usr/bin/msgfmt'
GREP='/usr/bin/grep'
HDEFINES=''
INCINTL=''
INSTALL_DATA='/usr/bin/install -c -m 644'
INSTALL_LIBBFD_FALSE='#'
INSTALL_LIBBFD_TRUE=''
INSTALL_PROGRAM='/usr/bin/install -c'
INSTALL_SCRIPT='/usr/bin/install -c'
INSTALL_STRIP_PROGRAM='$(install_sh) -c -s'
INSTOBJEXT='.mo'
INTLLIBS=''
INTL_MACOSX_LIBS=''
LARGEFILE_CPPFLAGS=''
LD='/home/dev/x-tools/arm-unknown-linux-gnueabihf/lib/gcc/arm-unknown-linux-gnueabihf/9.5.0/../../../../arm-unknown-linux-gnueabihf/bin/ld'
LDFLAGS=' '
LIBICONV='-liconv'
LIBINTL=''
LIBINTL_DEP=''
LIBM='-lm'
LIBOBJS=''
LIBS='-ldl '
LIBTOOL='$(SHELL) $(top_builddir)/libtool'
LIPO=''
LN_S='ln -s'
LTLIBICONV='-liconv'
LTLIBINTL=''
LTLIBOBJS=''
MAINT='#'
MAINTAINER_MODE_FALSE=''
MAINTAINER_MODE_TRUE='#'
MAKEINFO='makeinfo --split-size=5000000'
MKDIR_P='/usr/bin/mkdir -p'
MKINSTALLDIRS='$(top_builddir)/./../mkinstalldirs'
MSGFMT='/usr/bin/msgfmt'
MSGMERGE='/usr/bin/msgmerge'
NM='/home/dev/x-tools/arm-unknown-linux-gnueabihf/bin/arm-unknown-linux-gnueabihf-nm -B'
NMEDIT=''
NO_WERROR=''
OBJDUMP='arm-unknown-linux-gnueabihf-objdump'
OBJEXT='o'
OTOOL64=''
OTOOL='arm-unknown-linux-gnueabihf-otool'
PACKAGE='bfd'
PACKAGE_BUGREPORT=''
PACKAGE_NAME='bfd'
PACKAGE_STRING='bfd 2.42'
PACKAGE_TARNAME='bfd'
PACKAGE_URL=''
PACKAGE_VERSION='2.42'
PATH_SEPARATOR=':'
PKGVERSION='(GNU Binutils) '
PKG_CONFIG='/usr/bin/pkg-config'
PKG_CONFIG_LIBDIR=''
PKG_CONFIG_PATH=''
PLUGINS_FALSE='#'
PLUGINS_TRUE=''
POSUB='po'
RANLIB='arm-unknown-linux-gnueabihf-ranlib  --plugin /home/dev/x-tools/arm-unknown-linux-gnueabihf/libexec/gcc/arm-unknown-linux-gnueabihf/9.5.0/liblto_plugin.so'
REPORT_BUGS_TEXI='@uref{https://sourceware.org/bugzilla/}'
REPORT_BUGS_TO='<https://sourceware.org/bugzilla/>'
SED='/usr/bin/sed'
SET_MAKE=''
SHARED_LDFLAGS=''
SHARED_LIBADD=' '
SHELL='/bin/bash'
STRIP='arm-unknown-linux-gnueabihf-strip'
TDEFINES=' '
USE_NLS='yes'
VERSION='2.42'
WARN_CFLAGS='-W -Wall -Wstrict-prototypes -Wmissing-prototypes -Wshadow -Wstack-usage=262144'
WARN_CFLAGS_FOR_BUILD='-W -Wall -Wstrict-prototypes -Wmissing-prototypes -Wshadow -Wstack-usage=262144'
WARN_WRITE_STRINGS='-Wwrite-strings'
XGETTEXT='/usr/bin/xgettext'
ZSTD_CFLAGS=''
ZSTD_LIBS=''
ac_ct_CC=''
ac_ct_DUMPBIN=''
all_backends='$(BFD32_BACKENDS)'
am__EXEEXT_FALSE=''
am__EXEEXT_TRUE='#'
am__fastdepCC_FALSE='#'
am__fastdepCC_TRUE=''
am__include='include'
am__isrc=''
am__leading_dot='.'
am__nodep='_no'
am__quote=''
am__tar='$${TAR-tar} chof - "$$tardir"'
am__untar='$${TAR-tar} xf -'
bfd64_libs=''
bfd_backends=' elf32-arm.lo elf32.lo elf-nacl.lo elf-vxworks.lo elf.lo elflink.lo elf-attrs.lo elf-strtab.lo elf-eh-frame.lo elf-sframe.lo dwarf1.lo dwarf2.lo elf32-gen.lo plugin.lo'
bfd_default_target_size='32'
bfd_file_ptr='int64_t'
bfd_machines=' cpu-arm.lo'
bfd_ufile_ptr='uint64_t'
bfdincludedir='$(includedir)'
bfdlibdir='$(libdir)'
bindir='${exec_prefix}/bin'
build='x86_64-pc-linux-gnu'
build_alias='x86_64-pc-linux-gnu'
build_cpu='x86_64'
build_os='linux-gnu'
build_vendor='pc'
datadir='${datarootdir}'
datarootdir='${prefix}/share'
docdir='${datarootdir}/doc/${PACKAGE_TARNAME}'
dvidir='${docdir}'
exec_prefix='${prefix}'
havevecs='-DHAVE_arm_elf32_le_vec -DHAVE_arm_elf32_fdpic_le_vec -DHAVE_arm_elf32_be_vec -DHAVE_arm_elf32_fdpic_be_vec -DHAVE_elf32_le_vec -DHAVE_elf32_be_vec'
host='arm-unknown-linux-gnueabihf'
host_alias='arm-unknown-linux-gnueabihf'
host_cpu='arm'
host_noncanonical='arm-unknown-linux-gnueabihf'
host_os='linux-gnueabihf'
host_vendor='unknown'
htmldir='${docdir}'
includedir='${prefix}/include'
infodir='${datarootdir}/info'
install_sh='${SHELL} /home/dev/Desktop/ClaraColour/python/crosstoolsng/binutils-2.42/install-sh'
libdir='${exec_prefix}/lib'
libexecdir='${exec_prefix}/libexec'
localedir='${datarootdir}/locale'
localstatedir='${prefix}/var'
lt_cv_dlopen_libs='-ldl'
mandir='${datarootdir}/man'
mkdir_p='$(MKDIR_P)'
oldincludedir='/usr/include'
pdfdir='${docdir}'
prefix='/home/dev/x-tools/arm-unknown-linux-gnueabihf'
program_transform_name='s,y,y,'
psdir='${docdir}'
sbindir='${exec_prefix}/sbin'
sharedstatedir='${prefix}/com'
supports_plugins='1'
sysconfdir='${prefix}/etc'
target='arm-unknown-linux-gnueabihf'
target_alias='arm-unknown-linux-gnueabihf'
target_cpu='arm'
target_noncanonical='arm-unknown-linux-gnueabihf'
target_os='linux-gnueabihf'
target_vendor='unknown'
tdefaults=' -DDEFAULT_VECTOR=arm_elf32_le_vec -DSELECT_VECS='\''&arm_elf32_le_vec,&arm_elf32_fdpic_le_vec,&arm_elf32_be_vec,&arm_elf32_fdpic_be_vec,&elf32_le_vec,&elf32_be_vec'\'' -DSELECT_ARCHITECTURES='\''&bfd_arm_arch'\'''
wordsize='32'
zlibdir='-L$(top_builddir)/../zlib'
zlibinc='-I$(top_srcdir)/../zlib'

## ----------- ##
## confdefs.h. ##
## ----------- ##

/* confdefs.h */
#define PACKAGE_NAME "bfd"
#define PACKAGE_TARNAME "bfd"
#define PACKAGE_VERSION "2.42"
#define PACKAGE_STRING "bfd 2.42"
#define PACKAGE_BUGREPORT ""
#define PACKAGE_URL ""
#define PACKAGE "bfd"
#define VERSION "2.42"
#define STDC_HEADERS 1
#define HAVE_SYS_TYPES_H 1
#define HAVE_SYS_STAT_H 1
#define HAVE_STDLIB_H 1
#define HAVE_STRING_H 1
#define HAVE_MEMORY_H 1
#define HAVE_STRINGS_H 1
#define HAVE_INTTYPES_H 1
#define HAVE_STDINT_H 1
#define HAVE_UNISTD_H 1
#define __EXTENSIONS__ 1
#define _ALL_SOURCE 1
#define _GNU_SOURCE 1
#define _POSIX_PTHREAD_SEMANTICS 1
#define _TANDEM_SOURCE 1
#define HAVE_DLFCN_H 1
#define LT_OBJDIR ".libs/"
#define HAVE_DLFCN_H 1
#define _FILE_OFFSET_BITS 64
#define SIZEOF_VOID_P 4
#define USE_SECUREPLT 1
#define DEFAULT_LD_Z_SEPARATE_CODE 0
#define ENABLE_NLS 1
#define HAVE_GETTEXT 1
#define HAVE_DCGETTEXT 1
#define ENABLE_NLS 1
#define SIZEOF_LONG_LONG 8
#define SIZEOF_VOID_P 4
#define SIZEOF_LONG 4
#define SIZEOF_INT 4
#define HAVE_FCNTL_H 1
#define HAVE_SYS_FILE_H 1
#define HAVE_SYS_RESOURCE_H 1
#define HAVE_SYS_STAT_H 1
#define HAVE_SYS_TYPES_H 1
#define HAVE_UNISTD_H 1
#define HAVE_FCNTL 1
#define HAVE_FDOPEN 1
#define HAVE_FILENO 1
#define HAVE_GETGID 1
#define HAVE_GETPAGESIZE 1
#define HAVE_GETRLIMIT 1
#define HAVE_GETUID 1
#define HAVE_SYSCONF 1
#define HAVE_DECL_BASENAME 1
#define HAVE_DECL_FFS 1
#define HAVE_DECL_STPCPY 1
#define HAVE_DECL_ASPRINTF 1
#define HAVE_DECL_VASPRINTF 1
#define HAVE_DECL_STRNLEN 1
#define HAVE_DECL____LC_CODEPAGE_FUNC 0
#define TLS _Thread_local
#define HAVE_HIDDEN 1
#define _STRUCTURED_PROC 1
#define HAVE_SYS_PROCFS_H 1
#define HAVE_PRSTATUS_T 1
#define HAVE_PRPSINFO_T 1
#define HAVE_PRPSINFO_T_PR_PID 1
#define HAVE_FTELLO 1
#define HAVE_FTELLO64 1
#define HAVE_FSEEKO 1
#define HAVE_FSEEKO64 1
#define HAVE_FOPEN64 1
#define HAVE_DECL_FTELLO 1
#define HAVE_DECL_FTELLO64 1
#define HAVE_DECL_FSEEKO 1
#define HAVE_DECL_FSEEKO64 1
#define HAVE_DECL_FOPEN64 1
#define SIZEOF_OFF_T 8
#define HAVE_STDLIB_H 1
#define HAVE_UNISTD_H 1
#define HAVE_SYS_PARAM_H 1
#define HAVE_GETPAGESIZE 1
#define HAVE_MADVISE 1
#define HAVE_MPROTECT 1

configure: exit 0

## ---------------------- ##
## Running config.status. ##
## ---------------------- ##

This file was extended by bfd config.status 2.42, which was
generated by GNU Autoconf 2.69.  Invocation command line was

  CONFIG_FILES    = po/Makefile.in:po/Make-in
  CONFIG_HEADERS  = 
  CONFIG_LINKS    = 
  CONFIG_COMMANDS = 
  $ ./config.status 

on host

config.status:1227: creating po/Makefile.in
config.status:1456: executing depfiles commands
config.status:1456: executing libtool commands
config.status:1456: executing default-1 commands
config.status:1456: executing default-2 commands
config.status:1456: executing default commands
