This file contains any messages produced by compilers while
running configure, to aid debugging if configure makes a mistake.

It was created by XZ Utils configure 5.6.2, which was
generated by GNU Autoconf 2.72.  Invocation command line was

  $ ./configure --host=arm-unknown-linux-gnueabihf --build=x86_64-linux-gnu --prefix=/home/dev/Desktop/ClaraColour/python/crosstoolsng/xz-armhf-install --disable-xz --disable-xzdec --disable-lzmadec --disable-lzmainfo --disable-scripts

## --------- ##
## Platform. ##
## --------- ##

hostname = host
uname -m = x86_64
uname -r = 6.12.101+deb13-amd64
uname -s = Linux
uname -v = #1 SMP PREEMPT_DYNAMIC Debian 6.12.101-1 (2026-08-05)

/usr/bin/uname -p = unknown
/bin/uname -X     = unknown

/bin/arch              = x86_64
/usr/bin/arch -k       = unknown
/usr/convex/getsysinfo = unknown
/usr/bin/hostinfo      = unknown
/bin/machine           = unknown
/usr/bin/oslevel       = unknown
/bin/universe          = unknown

PATH: /home/dev/x-tools/arm-unknown-linux-gnueabihf/bin/
PATH: /home/dev/x-tools/arm-unknown-linux-gnueabihf/bin/
PATH: /home/dev/x-tools/arm-unknown-linux-gnueabihf/bin/
PATH: /home/dev/x-tools/arm-unknown-linux-gnueabihf/bin/
PATH: /home/dev/x-tools/arm-unknown-linux-gnueabihf/bin/
PATH: /home/dev/x-tools/arm-unknown-linux-gnueabihf/bin/
PATH: /home/dev/x-tools/arm-unknown-linux-gnueabihf/bin/
PATH: /home/dev/x-tools/arm-unknown-linux-gnueabihf/bin/
PATH: /home/dev/x-tools/arm-unknown-linux-gnueabihf/bin/
PATH: /home/dev/x-tools/arm-unknown-linux-gnueabihf/bin/
PATH: /home/dev/x-tools/arm-unknown-linux-gnueabihf/bin/
PATH: /home/dev/x-tools/arm-unknown-linux-gnueabihf/bin/
PATH: /home/dev/x-tools/arm-unknown-linux-gnueabihf/bin/
PATH: /home/dev/x-tools/arm-unknown-linux-gnueabihf/bin/
PATH: /home/dev/x-tools/arm-unknown-linux-gnueabihf/bin/
PATH: /home/dev/x-tools/arm-unknown-linux-gnueabihf/bin/
PATH: /home/dev/x-tools/arm-unknown-linux-gnueabihf/bin/
PATH: /home/dev/x-tools/arm-unknown-linux-gnueabihf/bin/
PATH: /home/dev/x-tools/arm-unknown-linux-gnueabihf/bin/
PATH: /home/dev/x-tools/arm-unknown-linux-gnueabihf/bin/
PATH: /home/dev/x-tools/arm-unknown-linux-gnueabihf/bin/
PATH: /home/dev/x-tools/arm-unknown-linux-gnueabihf/bin/
PATH: /home/dev/x-tools/arm-unknown-linux-gnueabihf/bin/
PATH: /home/dev/Desktop/ClaraColour/python/crosstoolsng/ct-ng/bin/
PATH: /usr/local/bin/
PATH: /usr/bin/
PATH: /bin/
PATH: /usr/local/games/
PATH: /usr/games/
PATH: /snap/bin/
PATH: /home/dev/go/bin/


## ----------- ##
## Core tests. ##
## ----------- ##

configure:3271: looking for aux files: config.rpath ltmain.sh compile missing install-sh config.guess config.sub
configure:3284:  trying ./build-aux/
configure:3313:   ./build-aux/config.rpath found
configure:3313:   ./build-aux/ltmain.sh found
configure:3313:   ./build-aux/compile found
configure:3313:   ./build-aux/missing found
configure:3295:   ./build-aux/install-sh found
configure:3313:   ./build-aux/config.guess found
configure:3313:   ./build-aux/config.sub found
configure:3444: checking build system type
configure:3460: result: x86_64-pc-linux-gnu
configure:3480: checking host system type
configure:3495: result: arm-unknown-linux-gnueabihf
configure:3555: checking if debugging code should be compiled
configure:3573: result: no
configure:3619: checking which encoders to build
configure:3726: result: lzma1 lzma2 delta x86 powerpc ia64 arm armthumb arm64 sparc riscv
configure:3730: checking which decoders to build
configure:3837: result: lzma1 lzma2 delta x86 powerpc ia64 arm armthumb arm64 sparc riscv
configure:4230: checking which match finders to build
configure:4287: result: hc3 hc4 bt2 bt3 bt4
configure:4305: checking which integrity checks to build
configure:4349: result: crc32 crc64 sha256
configure:4381: checking if external SHA-256 should be used
configure:4399: result: no
configure:4408: checking if MicroLZMA support should be built
configure:4421: result: yes
configure:4444: checking if .lz (lzip) decompression support should be built
configure:4463: result: yes
configure:4483: checking if assembler optimizations should be used
configure:4508: result: no
configure:4561: checking if small size is preferred over speed
configure:4581: result: no
configure:4597: checking if threading support is wanted
configure:4625: result: yes, posix
configure:4650: checking how much RAM to assume if the real amount is unknown
configure:4667: result: 128 MiB
configure:4830: checking if sandboxing should be used
configure:4844: result: no, --disable-xz and --disable-xzdec was used
configure:4907: checking for a shell that conforms to POSIX
configure:4950: result: /bin/bash
configure:4992: checking for a BSD-compatible install
configure:5066: result: /usr/bin/install -c
configure:5077: checking whether build environment is sane
configure:5132: result: yes
configure:5188: checking for arm-unknown-linux-gnueabihf-strip
configure:5209: found /home/dev/x-tools/arm-unknown-linux-gnueabihf/bin/arm-unknown-linux-gnueabihf-strip
configure:5221: result: arm-unknown-linux-gnueabihf-strip
configure:5293: checking for a race-free mkdir -p
configure:5336: result: /usr/bin/mkdir -p
configure:5343: checking for gawk
configure:5364: found /usr/bin/gawk
configure:5376: result: gawk
configure:5387: checking whether make sets $(MAKE)
configure:5411: result: yes
configure:5441: checking whether make supports nested variables
configure:5460: result: yes
configure:5596: checking whether ln -s works
configure:5600: result: yes
configure:5621: checking whether make supports the include directive
configure:5636: make -f confmf.GNU && cat confinc.out
this is the am__doit target
configure:5639: $? = 0
configure:5658: result: yes (GNU style)
configure:5689: checking for arm-unknown-linux-gnueabihf-gcc
configure:5722: result: arm-unknown-linux-gnueabihf-gcc
configure:6127: checking for C compiler version
configure:6136: arm-unknown-linux-gnueabihf-gcc --version >&5
arm-unknown-linux-gnueabihf-gcc (crosstool-NG 1.29.0.3_2e5d0b8) 9.5.0
Copyright (C) 2019 Free Software Foundation, Inc.
This is free software; see the source for copying conditions.  There is NO
warranty; not even for MERCHANTABILITY or FITNESS FOR A PARTICULAR PURPOSE.

configure:6147: $? = 0
configure:6136: arm-unknown-linux-gnueabihf-gcc -v >&5
Using built-in specs.
COLLECT_GCC=arm-unknown-linux-gnueabihf-gcc
COLLECT_LTO_WRAPPER=/home/dev/x-tools/arm-unknown-linux-gnueabihf/libexec/gcc/arm-unknown-linux-gnueabihf/9.5.0/lto-wrapper
Target: arm-unknown-linux-gnueabihf
Configured with: /home/dev/Desktop/ClaraColour/python/crosstoolsng/crosstool-ng/.build/arm-unknown-linux-gnueabihf/src/gcc/configure --build=x86_64-build_pc-linux-gnu --host=x86_64-build_pc-linux-gnu --target=arm-unknown-linux-gnueabihf --prefix=/home/dev/x-tools/arm-unknown-linux-gnueabihf --exec_prefix=/home/dev/x-tools/arm-unknown-linux-gnueabihf --with-sysroot=/home/dev/x-tools/arm-unknown-linux-gnueabihf/arm-unknown-linux-gnueabihf/sysroot --enable-languages=c,c++ --with-arch=armv7-a --with-tune=cortex-a53 --with-fpu=neon-vfpv4 --with-float=hard --with-pkgversion='crosstool-NG 1.29.0.3_2e5d0b8' --enable-__cxa_atexit --disable-tm-clone-registry --disable-libmudflap --disable-libgomp --disable-libssp --disable-libquadmath --disable-libquadmath-support --disable-libsanitizer --disable-libmpx --with-gmp=/home/dev/Desktop/ClaraColour/python/crosstoolsng/crosstool-ng/.build/arm-unknown-linux-gnueabihf/buildtools --with-mpfr=/home/dev/Desktop/ClaraColour/python/crosstoolsng/crosstool-ng/.build/arm-unknown-linux-gnueabihf/buildtools --with-mpc=/home/dev/Desktop/ClaraColour/python/crosstoolsng/crosstool-ng/.build/arm-unknown-linux-gnueabihf/buildtools --with-isl=/home/dev/Desktop/ClaraColour/python/crosstoolsng/crosstool-ng/.build/arm-unknown-linux-gnueabihf/buildtools --enable-lto --without-zstd --enable-threads=posix --enable-target-optspace --disable-plugin --disable-nls --disable-multilib --with-local-prefix=/home/dev/x-tools/arm-unknown-linux-gnueabihf/arm-unknown-linux-gnueabihf/sysroot --enable-long-long
Thread model: posix
gcc version 9.5.0 (crosstool-NG 1.29.0.3_2e5d0b8) 
configure:6147: $? = 0
configure:6136: arm-unknown-linux-gnueabihf-gcc -V >&5
arm-unknown-linux-gnueabihf-gcc: error: unrecognized command line option '-V'
arm-unknown-linux-gnueabihf-gcc: fatal error: no input files
compilation terminated.
configure:6147: $? = 1
configure:6136: arm-unknown-linux-gnueabihf-gcc -qversion >&5
arm-unknown-linux-gnueabihf-gcc: error: unrecognized command line option '-qversion'; did you mean '--version'?
arm-unknown-linux-gnueabihf-gcc: fatal error: no input files
compilation terminated.
configure:6147: $? = 1
configure:6136: arm-unknown-linux-gnueabihf-gcc -version >&5
arm-unknown-linux-gnueabihf-gcc: error: unrecognized command line option '-version'
arm-unknown-linux-gnueabihf-gcc: fatal error: no input files
compilation terminated.
configure:6147: $? = 1
configure:6167: checking whether the C compiler works
configure:6189: arm-unknown-linux-gnueabihf-gcc    conftest.c  >&5
configure:6193: $? = 0
configure:6244: result: yes
configure:6248: checking for C compiler default output file name
configure:6250: result: a.out
configure:6256: checking for suffix of executables
configure:6263: arm-unknown-linux-gnueabihf-gcc -o conftest    conftest.c  >&5
configure:6267: $? = 0
configure:6291: result: 
configure:6315: checking whether we are cross compiling
configure:6353: result: yes
configure:6359: checking for suffix of object files
configure:6382: arm-unknown-linux-gnueabihf-gcc -c   conftest.c >&5
configure:6386: $? = 0
configure:6410: result: o
configure:6414: checking whether the compiler supports GNU C
configure:6434: arm-unknown-linux-gnueabihf-gcc -c   conftest.c >&5
configure:6434: $? = 0
configure:6446: result: yes
configure:6457: checking whether arm-unknown-linux-gnueabihf-gcc accepts -g
configure:6478: arm-unknown-linux-gnueabihf-gcc -c -g  conftest.c >&5
configure:6478: $? = 0
configure:6525: result: yes
configure:6545: checking for arm-unknown-linux-gnueabihf-gcc option to enable C11 features
configure:6560: arm-unknown-linux-gnueabihf-gcc  -c -g -O2  conftest.c >&5
configure:6560: $? = 0
configure:6579: result: none needed
configure:6703: checking whether arm-unknown-linux-gnueabihf-gcc understands -c and -o together
configure:6726: arm-unknown-linux-gnueabihf-gcc -c conftest.c -o conftest2.o
configure:6729: $? = 0
configure:6726: arm-unknown-linux-gnueabihf-gcc -c conftest.c -o conftest2.o
configure:6729: $? = 0
configure:6742: result: yes
configure:6761: checking dependency style of arm-unknown-linux-gnueabihf-gcc
configure:6874: result: gcc3
configure:6904: checking dependency style of arm-unknown-linux-gnueabihf-gcc
configure:7015: result: gcc3
configure:7035: checking for stdio.h
configure:7035: arm-unknown-linux-gnueabihf-gcc -c -g -O2  conftest.c >&5
configure:7035: $? = 0
configure:7035: result: yes
configure:7035: checking for stdlib.h
configure:7035: arm-unknown-linux-gnueabihf-gcc -c -g -O2  conftest.c >&5
configure:7035: $? = 0
configure:7035: result: yes
configure:7035: checking for string.h
configure:7035: arm-unknown-linux-gnueabihf-gcc -c -g -O2  conftest.c >&5
configure:7035: $? = 0
configure:7035: result: yes
configure:7035: checking for inttypes.h
configure:7035: arm-unknown-linux-gnueabihf-gcc -c -g -O2  conftest.c >&5
configure:7035: $? = 0
configure:7035: result: yes
configure:7035: checking for stdint.h
configure:7035: arm-unknown-linux-gnueabihf-gcc -c -g -O2  conftest.c >&5
configure:7035: $? = 0
configure:7035: result: yes
configure:7035: checking for strings.h
configure:7035: arm-unknown-linux-gnueabihf-gcc -c -g -O2  conftest.c >&5
configure:7035: $? = 0
configure:7035: result: yes
configure:7035: checking for sys/stat.h
configure:7035: arm-unknown-linux-gnueabihf-gcc -c -g -O2  conftest.c >&5
configure:7035: $? = 0
configure:7035: result: yes
configure:7035: checking for sys/types.h
configure:7035: arm-unknown-linux-gnueabihf-gcc -c -g -O2  conftest.c >&5
configure:7035: $? = 0
configure:7035: result: yes
configure:7035: checking for unistd.h
configure:7035: arm-unknown-linux-gnueabihf-gcc -c -g -O2  conftest.c >&5
configure:7035: $? = 0
configure:7035: result: yes
configure:7035: checking for wchar.h
configure:7035: arm-unknown-linux-gnueabihf-gcc -c -g -O2  conftest.c >&5
configure:7035: $? = 0
configure:7035: result: yes
configure:7035: checking for minix/config.h
configure:7035: arm-unknown-linux-gnueabihf-gcc -c -g -O2  conftest.c >&5
conftest.c:84:10: fatal error: minix/config.h: No such file or directory
   84 | #include <minix/config.h>
      |          ^~~~~~~~~~~~~~~~
compilation terminated.
configure:7035: $? = 1
configure: failed program was:
| /* confdefs.h */
| #define PACKAGE_NAME "XZ Utils"
| #define PACKAGE_TARNAME "xz"
| #define PACKAGE_VERSION "5.6.2"
| #define PACKAGE_STRING "XZ Utils 5.6.2"
| #define PACKAGE_BUGREPORT "xz@tukaani.org"
| #define PACKAGE_URL "https://tukaani.org/xz/"
| #define NDEBUG 1
| #define HAVE_ENCODER_LZMA1 1
| #define HAVE_ENCODER_LZMA2 1
| #define HAVE_ENCODER_DELTA 1
| #define HAVE_ENCODER_X86 1
| #define HAVE_ENCODER_POWERPC 1
| #define HAVE_ENCODER_IA64 1
| #define HAVE_ENCODER_ARM 1
| #define HAVE_ENCODER_ARMTHUMB 1
| #define HAVE_ENCODER_ARM64 1
| #define HAVE_ENCODER_SPARC 1
| #define HAVE_ENCODER_RISCV 1
| #define HAVE_ENCODERS 1
| #define HAVE_DECODER_LZMA1 1
| #define HAVE_DECODER_LZMA2 1
| #define HAVE_DECODER_DELTA 1
| #define HAVE_DECODER_X86 1
| #define HAVE_DECODER_POWERPC 1
| #define HAVE_DECODER_IA64 1
| #define HAVE_DECODER_ARM 1
| #define HAVE_DECODER_ARMTHUMB 1
| #define HAVE_DECODER_ARM64 1
| #define HAVE_DECODER_SPARC 1
| #define HAVE_DECODER_RISCV 1
| #define HAVE_DECODERS 1
| #define HAVE_MF_HC3 1
| #define HAVE_MF_HC4 1
| #define HAVE_MF_BT2 1
| #define HAVE_MF_BT3 1
| #define HAVE_MF_BT4 1
| #define HAVE_CHECK_CRC32 1
| #define HAVE_CHECK_CRC64 1
| #define HAVE_CHECK_SHA256 1
| #define HAVE_LZIP_DECODER 1
| #define ASSUME_RAM 128
| #define PACKAGE "xz"
| #define VERSION "5.6.2"
| #define HAVE_STDIO_H 1
| #define HAVE_STDLIB_H 1
| #define HAVE_STRING_H 1
| #define HAVE_INTTYPES_H 1
| #define HAVE_STDINT_H 1
| #define HAVE_STRINGS_H 1
| #define HAVE_SYS_STAT_H 1
| #define HAVE_SYS_TYPES_H 1
| #define HAVE_UNISTD_H 1
| #define HAVE_WCHAR_H 1
| /* end confdefs.h.  */
| #include <stddef.h>
| #ifdef HAVE_STDIO_H
| # include <stdio.h>
| #endif
| #ifdef HAVE_STDLIB_H
| # include <stdlib.h>
| #endif
| #ifdef HAVE_STRING_H
| # include <string.h>
| #endif
| #ifdef HAVE_INTTYPES_H
| # include <inttypes.h>
| #endif
| #ifdef HAVE_STDINT_H
| # include <stdint.h>
| #endif
| #ifdef HAVE_STRINGS_H
| # include <strings.h>
| #endif
| #ifdef HAVE_SYS_TYPES_H
| # include <sys/types.h>
| #endif
| #ifdef HAVE_SYS_STAT_H
| # include <sys/stat.h>
| #endif
| #ifdef HAVE_UNISTD_H
| # include <unistd.h>
| #endif
| #include <minix/config.h>
configure:7035: result: no
configure:7035: checking for sys/cdefs.h
configure:7035: arm-unknown-linux-gnueabihf-gcc -c -g -O2  conftest.c >&5
configure:7035: $? = 0
configure:7035: result: yes
configure:7066: checking whether it is safe to define __EXTENSIONS__
configure:7085: arm-unknown-linux-gnueabihf-gcc -c -g -O2  conftest.c >&5
configure:7085: $? = 0
configure:7095: result: yes
configure:7098: checking whether _XOPEN_SOURCE should be defined
configure:7120: arm-unknown-linux-gnueabihf-gcc -c -g -O2  conftest.c >&5
configure:7120: $? = 0
configure:7149: result: no
configure:7209: checking for a sed that does not truncate output
configure:7281: result: /usr/bin/sed
configure:7291: checking how to run the C preprocessor
configure:7317: arm-unknown-linux-gnueabihf-gcc -E  conftest.c
configure:7317: $? = 0
configure:7333: arm-unknown-linux-gnueabihf-gcc -E  conftest.c
conftest.c:75:10: fatal error: ac_nonexistent.h: No such file or directory
   75 | #include <ac_nonexistent.h>
      |          ^~~~~~~~~~~~~~~~~~
compilation terminated.
configure:7333: $? = 1
configure: failed program was:
| /* confdefs.h */
| #define PACKAGE_NAME "XZ Utils"
| #define PACKAGE_TARNAME "xz"
| #define PACKAGE_VERSION "5.6.2"
| #define PACKAGE_STRING "XZ Utils 5.6.2"
| #define PACKAGE_BUGREPORT "xz@tukaani.org"
| #define PACKAGE_URL "https://tukaani.org/xz/"
| #define NDEBUG 1
| #define HAVE_ENCODER_LZMA1 1
| #define HAVE_ENCODER_LZMA2 1
| #define HAVE_ENCODER_DELTA 1
| #define HAVE_ENCODER_X86 1
| #define HAVE_ENCODER_POWERPC 1
| #define HAVE_ENCODER_IA64 1
| #define HAVE_ENCODER_ARM 1
| #define HAVE_ENCODER_ARMTHUMB 1
| #define HAVE_ENCODER_ARM64 1
| #define HAVE_ENCODER_SPARC 1
| #define HAVE_ENCODER_RISCV 1
| #define HAVE_ENCODERS 1
| #define HAVE_DECODER_LZMA1 1
| #define HAVE_DECODER_LZMA2 1
| #define HAVE_DECODER_DELTA 1
| #define HAVE_DECODER_X86 1
| #define HAVE_DECODER_POWERPC 1
| #define HAVE_DECODER_IA64 1
| #define HAVE_DECODER_ARM 1
| #define HAVE_DECODER_ARMTHUMB 1
| #define HAVE_DECODER_ARM64 1
| #define HAVE_DECODER_SPARC 1
| #define HAVE_DECODER_RISCV 1
| #define HAVE_DECODERS 1
| #define HAVE_MF_HC3 1
| #define HAVE_MF_HC4 1
| #define HAVE_MF_BT2 1
| #define HAVE_MF_BT3 1
| #define HAVE_MF_BT4 1
| #define HAVE_CHECK_CRC32 1
| #define HAVE_CHECK_CRC64 1
| #define HAVE_CHECK_SHA256 1
| #define HAVE_LZIP_DECODER 1
| #define ASSUME_RAM 128
| #define PACKAGE "xz"
| #define VERSION "5.6.2"
| #define HAVE_STDIO_H 1
| #define HAVE_STDLIB_H 1
| #define HAVE_STRING_H 1
| #define HAVE_INTTYPES_H 1
| #define HAVE_STDINT_H 1
| #define HAVE_STRINGS_H 1
| #define HAVE_SYS_STAT_H 1
| #define HAVE_SYS_TYPES_H 1
| #define HAVE_UNISTD_H 1
| #define HAVE_WCHAR_H 1
| #define HAVE_SYS_CDEFS_H 1
| #define STDC_HEADERS 1
| #define _ALL_SOURCE 1
| #define _DARWIN_C_SOURCE 1
| #define _GNU_SOURCE 1
| #define _HPUX_ALT_XOPEN_SOCKET_API 1
| #define _NETBSD_SOURCE 1
| #define _OPENBSD_SOURCE 1
| #define _POSIX_PTHREAD_SEMANTICS 1
| #define __STDC_WANT_IEC_60559_ATTRIBS_EXT__ 1
| #define __STDC_WANT_IEC_60559_BFP_EXT__ 1
| #define __STDC_WANT_IEC_60559_DFP_EXT__ 1
| #define __STDC_WANT_IEC_60559_EXT__ 1
| #define __STDC_WANT_IEC_60559_FUNCS_EXT__ 1
| #define __STDC_WANT_IEC_60559_TYPES_EXT__ 1
| #define __STDC_WANT_LIB_EXT2__ 1
| #define __STDC_WANT_MATH_SPEC_FUNCS__ 1
| #define _TANDEM_SOURCE 1
| #define __EXTENSIONS__ 1
| /* end confdefs.h.  */
| #include <ac_nonexistent.h>
configure:7362: result: arm-unknown-linux-gnueabihf-gcc -E
configure:7376: arm-unknown-linux-gnueabihf-gcc -E  conftest.c
configure:7376: $? = 0
configure:7392: arm-unknown-linux-gnueabihf-gcc -E  conftest.c
conftest.c:75:10: fatal error: ac_nonexistent.h: No such file or directory
   75 | #include <ac_nonexistent.h>
      |          ^~~~~~~~~~~~~~~~~~
compilation terminated.
configure:7392: $? = 1
configure: failed program was:
| /* confdefs.h */
| #define PACKAGE_NAME "XZ Utils"
| #define PACKAGE_TARNAME "xz"
| #define PACKAGE_VERSION "5.6.2"
| #define PACKAGE_STRING "XZ Utils 5.6.2"
| #define PACKAGE_BUGREPORT "xz@tukaani.org"
| #define PACKAGE_URL "https://tukaani.org/xz/"
| #define NDEBUG 1
| #define HAVE_ENCODER_LZMA1 1
| #define HAVE_ENCODER_LZMA2 1
| #define HAVE_ENCODER_DELTA 1
| #define HAVE_ENCODER_X86 1
| #define HAVE_ENCODER_POWERPC 1
| #define HAVE_ENCODER_IA64 1
| #define HAVE_ENCODER_ARM 1
| #define HAVE_ENCODER_ARMTHUMB 1
| #define HAVE_ENCODER_ARM64 1
| #define HAVE_ENCODER_SPARC 1
| #define HAVE_ENCODER_RISCV 1
| #define HAVE_ENCODERS 1
| #define HAVE_DECODER_LZMA1 1
| #define HAVE_DECODER_LZMA2 1
| #define HAVE_DECODER_DELTA 1
| #define HAVE_DECODER_X86 1
| #define HAVE_DECODER_POWERPC 1
| #define HAVE_DECODER_IA64 1
| #define HAVE_DECODER_ARM 1
| #define HAVE_DECODER_ARMTHUMB 1
| #define HAVE_DECODER_ARM64 1
| #define HAVE_DECODER_SPARC 1
| #define HAVE_DECODER_RISCV 1
| #define HAVE_DECODERS 1
| #define HAVE_MF_HC3 1
| #define HAVE_MF_HC4 1
| #define HAVE_MF_BT2 1
| #define HAVE_MF_BT3 1
| #define HAVE_MF_BT4 1
| #define HAVE_CHECK_CRC32 1
| #define HAVE_CHECK_CRC64 1
| #define HAVE_CHECK_SHA256 1
| #define HAVE_LZIP_DECODER 1
| #define ASSUME_RAM 128
| #define PACKAGE "xz"
| #define VERSION "5.6.2"
| #define HAVE_STDIO_H 1
| #define HAVE_STDLIB_H 1
| #define HAVE_STRING_H 1
| #define HAVE_INTTYPES_H 1
| #define HAVE_STDINT_H 1
| #define HAVE_STRINGS_H 1
| #define HAVE_SYS_STAT_H 1
| #define HAVE_SYS_TYPES_H 1
| #define HAVE_UNISTD_H 1
| #define HAVE_WCHAR_H 1
| #define HAVE_SYS_CDEFS_H 1
| #define STDC_HEADERS 1
| #define _ALL_SOURCE 1
| #define _DARWIN_C_SOURCE 1
| #define _GNU_SOURCE 1
| #define _HPUX_ALT_XOPEN_SOCKET_API 1
| #define _NETBSD_SOURCE 1
| #define _OPENBSD_SOURCE 1
| #define _POSIX_PTHREAD_SEMANTICS 1
| #define __STDC_WANT_IEC_60559_ATTRIBS_EXT__ 1
| #define __STDC_WANT_IEC_60559_BFP_EXT__ 1
| #define __STDC_WANT_IEC_60559_DFP_EXT__ 1
| #define __STDC_WANT_IEC_60559_EXT__ 1
| #define __STDC_WANT_IEC_60559_FUNCS_EXT__ 1
| #define __STDC_WANT_IEC_60559_TYPES_EXT__ 1
| #define __STDC_WANT_LIB_EXT2__ 1
| #define __STDC_WANT_MATH_SPEC_FUNCS__ 1
| #define _TANDEM_SOURCE 1
| #define __EXTENSIONS__ 1
| /* end confdefs.h.  */
| #include <ac_nonexistent.h>
configure:7425: checking for egrep -e
configure:7555: result: /usr/bin/grep -E
configure:7730: checking whether arm-unknown-linux-gnueabihf-gcc is Clang
configure:7758: result: no
configure:7824: checking whether pthreads work with "-pthread" and "-lpthread"
configure:7936: arm-unknown-linux-gnueabihf-gcc -o conftest -g -O2 -pthread   conftest.c -lpthread  >&5
configure:7936: $? = 0
configure:7946: result: yes
configure:8070: checking for joinable pthread attribute
configure:8089: arm-unknown-linux-gnueabihf-gcc -o conftest -g -O2 -pthread   conftest.c -lpthread  >&5
configure:8089: $? = 0
configure:8099: result: PTHREAD_CREATE_JOINABLE
configure:8112: checking whether more special flags are required for pthreads
configure:8127: result: no
configure:8136: checking for PTHREAD_PRIO_INHERIT
configure:8154: arm-unknown-linux-gnueabihf-gcc -o conftest -g -O2 -pthread   conftest.c -lpthread  >&5
configure:8154: $? = 0
configure:8166: result: yes
configure:8351: checking for pthread_condattr_setclock
configure:8351: arm-unknown-linux-gnueabihf-gcc -o conftest -g -O2 -pthread   conftest.c  -lpthread >&5
configure:8351: $? = 0
configure:8351: result: yes
configure:8435: checking how to print strings
configure:8462: result: printf
configure:8483: checking for a sed that does not truncate output
configure:8555: result: /usr/bin/sed
configure:8573: checking for grep that handles long lines and -e
configure:8639: result: /usr/bin/grep
configure:8644: checking for egrep
configure:8714: result: /usr/bin/grep -E
configure:8721: checking for fgrep
configure:8791: result: /usr/bin/grep -F
configure:8828: checking for ld used by arm-unknown-linux-gnueabihf-gcc
configure:8897: result: /home/dev/x-tools/arm-unknown-linux-gnueabihf/arm-unknown-linux-gnueabihf/bin/ld
configure:8904: checking if the linker (/home/dev/x-tools/arm-unknown-linux-gnueabihf/arm-unknown-linux-gnueabihf/bin/ld) is GNU ld
configure:8921: result: yes
configure:8933: checking for BSD- or MS-compatible name lister (nm)
configure:8989: result: /home/dev/x-tools/arm-unknown-linux-gnueabihf/bin/arm-unknown-linux-gnueabihf-nm -B
configure:9131: checking the name lister (/home/dev/x-tools/arm-unknown-linux-gnueabihf/bin/arm-unknown-linux-gnueabihf-nm -B) interface
configure:9139: arm-unknown-linux-gnueabihf-gcc -c -g -O2  conftest.c >&5
configure:9142: /home/dev/x-tools/arm-unknown-linux-gnueabihf/bin/arm-unknown-linux-gnueabihf-nm -B "conftest.o"
configure:9145: output
00000000 B some_variable
configure:9153: result: BSD nm
configure:9157: checking the maximum length of command line arguments
configure:9290: result: 1572864
configure:9338: checking how to convert x86_64-pc-linux-gnu file names to arm-unknown-linux-gnueabihf format
configure:9380: result: func_convert_file_noop
configure:9387: checking how to convert x86_64-pc-linux-gnu file names to toolchain format
configure:9409: result: func_convert_file_noop
configure:9416: checking for /home/dev/x-tools/arm-unknown-linux-gnueabihf/arm-unknown-linux-gnueabihf/bin/ld option to reload object files
configure:9425: result: -r
configure:9458: checking for file
configure:9479: found /usr/bin/file
configure:9491: result: :
configure:9508: checking for arm-unknown-linux-gnueabihf-objdump
configure:9529: found /home/dev/x-tools/arm-unknown-linux-gnueabihf/bin/arm-unknown-linux-gnueabihf-objdump
configure:9541: result: arm-unknown-linux-gnueabihf-objdump
configure:9616: checking how to recognize dependent libraries
configure:9817: result: pass_all
configure:9862: checking for arm-unknown-linux-gnueabihf-dlltool
configure:9898: result: no
configure:9908: checking for dlltool
configure:9944: result: no
configure:9971: checking how to associate runtime and link libraries
configure:10000: result: printf %s\n
configure:10016: checking for arm-unknown-linux-gnueabihf-ar
configure:10049: result: arm-unknown-linux-gnueabihf-ar
configure:10152: checking for archiver @FILE support
configure:10170: arm-unknown-linux-gnueabihf-gcc -c -g -O2  conftest.c >&5
configure:10170: $? = 0
configure:10174: arm-unknown-linux-gnueabihf-ar cr libconftest.a @conftest.lst >&5
configure:10177: $? = 0
configure:10182: arm-unknown-linux-gnueabihf-ar cr libconftest.a @conftest.lst >&5
arm-unknown-linux-gnueabihf-ar: conftest.o: No such file or directory
configure:10185: $? = 1
configure:10198: result: @
configure:10216: checking for arm-unknown-linux-gnueabihf-strip
configure:10249: result: arm-unknown-linux-gnueabihf-strip
configure:10327: checking for arm-unknown-linux-gnueabihf-ranlib
configure:10360: result: arm-unknown-linux-gnueabihf-ranlib
configure:10501: checking command to parse /home/dev/x-tools/arm-unknown-linux-gnueabihf/bin/arm-unknown-linux-gnueabihf-nm -B output from arm-unknown-linux-gnueabihf-gcc object
configure:10655: arm-unknown-linux-gnueabihf-gcc -c -g -O2  conftest.c >&5
configure:10658: $? = 0
configure:10662: /home/dev/x-tools/arm-unknown-linux-gnueabihf/bin/arm-unknown-linux-gnueabihf-nm -B conftest.o \| /usr/bin/sed -n -e 's/^.*[ ]\([ABCDGIRSTW][ABCDGIRSTW]*\)[ ][ ]*\([_A-Za-z][_A-Za-z0-9]*\)$/\1 \2 \2/p' | /usr/bin/sed '/ __gnu_lto/d' \> conftest.nm
configure:10665: $? = 0
configure:10731: arm-unknown-linux-gnueabihf-gcc -o conftest -g -O2   conftest.c conftstm.o >&5
configure:10734: $? = 0
configure:10773: result: ok
configure:10820: checking for sysroot
configure:10854: result: no
configure:10861: checking for a working dd
configure:10906: result: /usr/bin/dd
configure:10910: checking how to truncate binary pipes
configure:10927: result: /usr/bin/dd bs=4096 count=1
configure:11221: checking for arm-unknown-linux-gnueabihf-mt
configure:11257: result: no
configure:11267: checking for mt
configure:11288: found /usr/bin/mt
configure:11300: result: mt
configure:11312: WARNING: using cross tools not prefixed with host triplet
configure:11323: checking if mt is a manifest tool
configure:11330: mt '-?'
configure:11339: result: no
configure:12074: checking for dlfcn.h
configure:12074: arm-unknown-linux-gnueabihf-gcc -c -g -O2  conftest.c >&5
configure:12074: $? = 0
configure:12074: result: yes
configure:12673: checking for objdir
configure:12690: result: .libs
configure:12956: checking if arm-unknown-linux-gnueabihf-gcc supports -fno-rtti -fno-exceptions
configure:12975: arm-unknown-linux-gnueabihf-gcc -c -g -O2  -fno-rtti -fno-exceptions conftest.c >&5
cc1: warning: command line option '-fno-rtti' is valid for C++/D/ObjC++ but not for C
configure:12979: $? = 0
configure:12993: result: no
configure:13357: checking for arm-unknown-linux-gnueabihf-gcc option to produce PIC
configure:13366: result: -fPIC -DPIC
configure:13374: checking if arm-unknown-linux-gnueabihf-gcc PIC flag -fPIC -DPIC works
configure:13393: arm-unknown-linux-gnueabihf-gcc -c -g -O2  -fPIC -DPIC -DPIC conftest.c >&5
configure:13397: $? = 0
configure:13411: result: yes
configure:13440: checking if arm-unknown-linux-gnueabihf-gcc static flag -static works
configure:13470: result: yes
configure:13485: checking if arm-unknown-linux-gnueabihf-gcc supports -c -o file.o
configure:13507: arm-unknown-linux-gnueabihf-gcc -c -g -O2  -o out/conftest2.o conftest.c >&5
configure:13511: $? = 0
configure:13534: result: yes
configure:13542: checking if arm-unknown-linux-gnueabihf-gcc supports -c -o file.o
configure:13591: result: yes
configure:13624: checking whether the arm-unknown-linux-gnueabihf-gcc linker (/home/dev/x-tools/arm-unknown-linux-gnueabihf/arm-unknown-linux-gnueabihf/bin/ld) supports shared libraries
configure:14897: result: yes
configure:14934: checking whether -lc should be explicitly linked in
configure:14943: arm-unknown-linux-gnueabihf-gcc -c -g -O2  conftest.c >&5
configure:14946: $? = 0
configure:14961: arm-unknown-linux-gnueabihf-gcc -shared  -fPIC -DPIC conftest.o  -v -Wl,-soname -Wl,conftest -o conftest 2\>\&1 \| /usr/bin/grep  -lc  \>/dev/null 2\>\&1
configure:14964: $? = 0
configure:14979: result: no
configure:15139: checking dynamic linker characteristics
configure:15722: arm-unknown-linux-gnueabihf-gcc -o conftest -g -O2   -Wl,-rpath -Wl,/foo conftest.c  -lpthread >&5
configure:15722: $? = 0
configure:15962: result: GNU/Linux ld.so
configure:16084: checking how to hardcode library paths into programs
configure:16109: result: immediate
configure:16709: checking whether stripping libraries is possible
configure:16718: result: yes
configure:16760: checking if libtool supports shared libraries
configure:16762: result: yes
configure:16765: checking whether to build shared libraries
configure:16790: result: yes
configure:16793: checking whether to build static libraries
configure:16797: result: yes
configure:16837: checking for arm-unknown-linux-gnueabihf-windres
configure:16873: result: no
configure:16883: checking for windres
configure:16919: result: no
configure:17037: checking if library symbol versioning should be used
configure:17164: result: yes (linux)
configure:17197: checking whether NLS is requested
configure:17208: result: yes
configure:17248: checking for msgfmt
configure: trying /usr/bin/msgfmt...
0 translated messages.
configure:17282: result: /usr/bin/msgfmt
configure:17291: checking for gmsgfmt
configure:17328: result: /usr/bin/msgfmt
configure:17373: checking for xgettext
configure: trying /usr/bin/xgettext...
/usr/bin/xgettext: warning: file '/dev/null' extension '' is unknown; will try C
configure:17407: result: /usr/bin/xgettext
configure:17452: checking for msgmerge
configure: trying /usr/bin/msgmerge...
configure:17485: result: /usr/bin/msgmerge
configure:17551: checking for ld
configure:17684: result: /home/dev/x-tools/arm-unknown-linux-gnueabihf/arm-unknown-linux-gnueabihf/bin/ld
configure:17691: checking if the linker (/home/dev/x-tools/arm-unknown-linux-gnueabihf/arm-unknown-linux-gnueabihf/bin/ld) is GNU ld
configure:17708: result: yes
configure:17716: checking for shared library run path origin
configure:17731: result: done
configure:17754: checking 32-bit host C ABI
configure:17807: arm-unknown-linux-gnueabihf-gcc -c -g -O2  conftest.c >&5
conftest.c:81:5: error: size of array 'test_pointer_size' is too large
   81 | int test_pointer_size[sizeof (void *) - 5];
      |     ^~~~~~~~~~~~~~~~~
configure:17807: $? = 1
configure: failed program was:
| /* confdefs.h */
| #define PACKAGE_NAME "XZ Utils"
| #define PACKAGE_TARNAME "xz"
| #define PACKAGE_VERSION "5.6.2"
| #define PACKAGE_STRING "XZ Utils 5.6.2"
| #define PACKAGE_BUGREPORT "xz@tukaani.org"
| #define PACKAGE_URL "https://tukaani.org/xz/"
| #define NDEBUG 1
| #define HAVE_ENCODER_LZMA1 1
| #define HAVE_ENCODER_LZMA2 1
| #define HAVE_ENCODER_DELTA 1
| #define HAVE_ENCODER_X86 1
| #define HAVE_ENCODER_POWERPC 1
| #define HAVE_ENCODER_IA64 1
| #define HAVE_ENCODER_ARM 1
| #define HAVE_ENCODER_ARMTHUMB 1
| #define HAVE_ENCODER_ARM64 1
| #define HAVE_ENCODER_SPARC 1
| #define HAVE_ENCODER_RISCV 1
| #define HAVE_ENCODERS 1
| #define HAVE_DECODER_LZMA1 1
| #define HAVE_DECODER_LZMA2 1
| #define HAVE_DECODER_DELTA 1
| #define HAVE_DECODER_X86 1
| #define HAVE_DECODER_POWERPC 1
| #define HAVE_DECODER_IA64 1
| #define HAVE_DECODER_ARM 1
| #define HAVE_DECODER_ARMTHUMB 1
| #define HAVE_DECODER_ARM64 1
| #define HAVE_DECODER_SPARC 1
| #define HAVE_DECODER_RISCV 1
| #define HAVE_DECODERS 1
| #define HAVE_MF_HC3 1
| #define HAVE_MF_HC4 1
| #define HAVE_MF_BT2 1
| #define HAVE_MF_BT3 1
| #define HAVE_MF_BT4 1
| #define HAVE_CHECK_CRC32 1
| #define HAVE_CHECK_CRC64 1
| #define HAVE_CHECK_SHA256 1
| #define HAVE_LZIP_DECODER 1
| #define ASSUME_RAM 128
| #define PACKAGE "xz"
| #define VERSION "5.6.2"
| #define HAVE_STDIO_H 1
| #define HAVE_STDLIB_H 1
| #define HAVE_STRING_H 1
| #define HAVE_INTTYPES_H 1
| #define HAVE_STDINT_H 1
| #define HAVE_STRINGS_H 1
| #define HAVE_SYS_STAT_H 1
| #define HAVE_SYS_TYPES_H 1
| #define HAVE_UNISTD_H 1
| #define HAVE_WCHAR_H 1
| #define HAVE_SYS_CDEFS_H 1
| #define STDC_HEADERS 1
| #define _ALL_SOURCE 1
| #define _DARWIN_C_SOURCE 1
| #define _GNU_SOURCE 1
| #define _HPUX_ALT_XOPEN_SOCKET_API 1
| #define _NETBSD_SOURCE 1
| #define _OPENBSD_SOURCE 1
| #define _POSIX_PTHREAD_SEMANTICS 1
| #define __STDC_WANT_IEC_60559_ATTRIBS_EXT__ 1
| #define __STDC_WANT_IEC_60559_BFP_EXT__ 1
| #define __STDC_WANT_IEC_60559_DFP_EXT__ 1
| #define __STDC_WANT_IEC_60559_EXT__ 1
| #define __STDC_WANT_IEC_60559_FUNCS_EXT__ 1
| #define __STDC_WANT_IEC_60559_TYPES_EXT__ 1
| #define __STDC_WANT_LIB_EXT2__ 1
| #define __STDC_WANT_MATH_SPEC_FUNCS__ 1
| #define _TANDEM_SOURCE 1
| #define __EXTENSIONS__ 1
| #define HAVE_PTHREAD_PRIO_INHERIT 1
| #define MYTHREAD_POSIX 1
| #define HAVE_PTHREAD_CONDATTR_SETCLOCK 1
| #define HAVE_DLFCN_H 1
| #define LT_OBJDIR ".libs/"
| #define HAVE_SYMBOL_VERSIONS_LINUX 2
| /* end confdefs.h.  */
| int test_pointer_size[sizeof (void *) - 5];
| 
configure:17821: result: yes
configure:17830: checking for ELF binary format
configure:17856: result: yes
configure:17908: checking for the common suffixes of directories in the library search path
configure:17985: result: lib,lib,lib
configure:18519: checking for CFPreferencesCopyAppValue
configure:18538: arm-unknown-linux-gnueabihf-gcc -o conftest -g -O2   conftest.c  -lpthread -Wl,-framework -Wl,CoreFoundation >&5
conftest.c:81:10: fatal error: CoreFoundation/CFPreferences.h: No such file or directory
   81 | #include <CoreFoundation/CFPreferences.h>
      |          ^~~~~~~~~~~~~~~~~~~~~~~~~~~~~~~~
compilation terminated.
configure:18538: $? = 1
configure: failed program was:
| /* confdefs.h */
| #define PACKAGE_NAME "XZ Utils"
| #define PACKAGE_TARNAME "xz"
| #define PACKAGE_VERSION "5.6.2"
| #define PACKAGE_STRING "XZ Utils 5.6.2"
| #define PACKAGE_BUGREPORT "xz@tukaani.org"
| #define PACKAGE_URL "https://tukaani.org/xz/"
| #define NDEBUG 1
| #define HAVE_ENCODER_LZMA1 1
| #define HAVE_ENCODER_LZMA2 1
| #define HAVE_ENCODER_DELTA 1
| #define HAVE_ENCODER_X86 1
| #define HAVE_ENCODER_POWERPC 1
| #define HAVE_ENCODER_IA64 1
| #define HAVE_ENCODER_ARM 1
| #define HAVE_ENCODER_ARMTHUMB 1
| #define HAVE_ENCODER_ARM64 1
| #define HAVE_ENCODER_SPARC 1
| #define HAVE_ENCODER_RISCV 1
| #define HAVE_ENCODERS 1
| #define HAVE_DECODER_LZMA1 1
| #define HAVE_DECODER_LZMA2 1
| #define HAVE_DECODER_DELTA 1
| #define HAVE_DECODER_X86 1
| #define HAVE_DECODER_POWERPC 1
| #define HAVE_DECODER_IA64 1
| #define HAVE_DECODER_ARM 1
| #define HAVE_DECODER_ARMTHUMB 1
| #define HAVE_DECODER_ARM64 1
| #define HAVE_DECODER_SPARC 1
| #define HAVE_DECODER_RISCV 1
| #define HAVE_DECODERS 1
| #define HAVE_MF_HC3 1
| #define HAVE_MF_HC4 1
| #define HAVE_MF_BT2 1
| #define HAVE_MF_BT3 1
| #define HAVE_MF_BT4 1
| #define HAVE_CHECK_CRC32 1
| #define HAVE_CHECK_CRC64 1
| #define HAVE_CHECK_SHA256 1
| #define HAVE_LZIP_DECODER 1
| #define ASSUME_RAM 128
| #define PACKAGE "xz"
| #define VERSION "5.6.2"
| #define HAVE_STDIO_H 1
| #define HAVE_STDLIB_H 1
| #define HAVE_STRING_H 1
| #define HAVE_INTTYPES_H 1
| #define HAVE_STDINT_H 1
| #define HAVE_STRINGS_H 1
| #define HAVE_SYS_STAT_H 1
| #define HAVE_SYS_TYPES_H 1
| #define HAVE_UNISTD_H 1
| #define HAVE_WCHAR_H 1
| #define HAVE_SYS_CDEFS_H 1
| #define STDC_HEADERS 1
| #define _ALL_SOURCE 1
| #define _DARWIN_C_SOURCE 1
| #define _GNU_SOURCE 1
| #define _HPUX_ALT_XOPEN_SOCKET_API 1
| #define _NETBSD_SOURCE 1
| #define _OPENBSD_SOURCE 1
| #define _POSIX_PTHREAD_SEMANTICS 1
| #define __STDC_WANT_IEC_60559_ATTRIBS_EXT__ 1
| #define __STDC_WANT_IEC_60559_BFP_EXT__ 1
| #define __STDC_WANT_IEC_60559_DFP_EXT__ 1
| #define __STDC_WANT_IEC_60559_EXT__ 1
| #define __STDC_WANT_IEC_60559_FUNCS_EXT__ 1
| #define __STDC_WANT_IEC_60559_TYPES_EXT__ 1
| #define __STDC_WANT_LIB_EXT2__ 1
| #define __STDC_WANT_MATH_SPEC_FUNCS__ 1
| #define _TANDEM_SOURCE 1
| #define __EXTENSIONS__ 1
| #define HAVE_PTHREAD_PRIO_INHERIT 1
| #define MYTHREAD_POSIX 1
| #define HAVE_PTHREAD_CONDATTR_SETCLOCK 1
| #define HAVE_DLFCN_H 1
| #define LT_OBJDIR ".libs/"
| #define HAVE_SYMBOL_VERSIONS_LINUX 2
| /* end confdefs.h.  */
| #include <CoreFoundation/CFPreferences.h>
| int
| main (void)
| {
| CFPreferencesCopyAppValue(NULL, NULL)
|   ;
|   return 0;
| }
configure:18550: result: no
configure:18557: checking for CFLocaleCopyPreferredLanguages
configure:18576: arm-unknown-linux-gnueabihf-gcc -o conftest -g -O2   conftest.c  -lpthread -Wl,-framework -Wl,CoreFoundation >&5
conftest.c:81:10: fatal error: CoreFoundation/CFLocale.h: No such file or directory
   81 | #include <CoreFoundation/CFLocale.h>
      |          ^~~~~~~~~~~~~~~~~~~~~~~~~~~
compilation terminated.
configure:18576: $? = 1
configure: failed program was:
| /* confdefs.h */
| #define PACKAGE_NAME "XZ Utils"
| #define PACKAGE_TARNAME "xz"
| #define PACKAGE_VERSION "5.6.2"
| #define PACKAGE_STRING "XZ Utils 5.6.2"
| #define PACKAGE_BUGREPORT "xz@tukaani.org"
| #define PACKAGE_URL "https://tukaani.org/xz/"
| #define NDEBUG 1
| #define HAVE_ENCODER_LZMA1 1
| #define HAVE_ENCODER_LZMA2 1
| #define HAVE_ENCODER_DELTA 1
| #define HAVE_ENCODER_X86 1
| #define HAVE_ENCODER_POWERPC 1
| #define HAVE_ENCODER_IA64 1
| #define HAVE_ENCODER_ARM 1
| #define HAVE_ENCODER_ARMTHUMB 1
| #define HAVE_ENCODER_ARM64 1
| #define HAVE_ENCODER_SPARC 1
| #define HAVE_ENCODER_RISCV 1
| #define HAVE_ENCODERS 1
| #define HAVE_DECODER_LZMA1 1
| #define HAVE_DECODER_LZMA2 1
| #define HAVE_DECODER_DELTA 1
| #define HAVE_DECODER_X86 1
| #define HAVE_DECODER_POWERPC 1
| #define HAVE_DECODER_IA64 1
| #define HAVE_DECODER_ARM 1
| #define HAVE_DECODER_ARMTHUMB 1
| #define HAVE_DECODER_ARM64 1
| #define HAVE_DECODER_SPARC 1
| #define HAVE_DECODER_RISCV 1
| #define HAVE_DECODERS 1
| #define HAVE_MF_HC3 1
| #define HAVE_MF_HC4 1
| #define HAVE_MF_BT2 1
| #define HAVE_MF_BT3 1
| #define HAVE_MF_BT4 1
| #define HAVE_CHECK_CRC32 1
| #define HAVE_CHECK_CRC64 1
| #define HAVE_CHECK_SHA256 1
| #define HAVE_LZIP_DECODER 1
| #define ASSUME_RAM 128
| #define PACKAGE "xz"
| #define VERSION "5.6.2"
| #define HAVE_STDIO_H 1
| #define HAVE_STDLIB_H 1
| #define HAVE_STRING_H 1
| #define HAVE_INTTYPES_H 1
| #define HAVE_STDINT_H 1
| #define HAVE_STRINGS_H 1
| #define HAVE_SYS_STAT_H 1
| #define HAVE_SYS_TYPES_H 1
| #define HAVE_UNISTD_H 1
| #define HAVE_WCHAR_H 1
| #define HAVE_SYS_CDEFS_H 1
| #define STDC_HEADERS 1
| #define _ALL_SOURCE 1
| #define _DARWIN_C_SOURCE 1
| #define _GNU_SOURCE 1
| #define _HPUX_ALT_XOPEN_SOCKET_API 1
| #define _NETBSD_SOURCE 1
| #define _OPENBSD_SOURCE 1
| #define _POSIX_PTHREAD_SEMANTICS 1
| #define __STDC_WANT_IEC_60559_ATTRIBS_EXT__ 1
| #define __STDC_WANT_IEC_60559_BFP_EXT__ 1
| #define __STDC_WANT_IEC_60559_DFP_EXT__ 1
| #define __STDC_WANT_IEC_60559_EXT__ 1
| #define __STDC_WANT_IEC_60559_FUNCS_EXT__ 1
| #define __STDC_WANT_IEC_60559_TYPES_EXT__ 1
| #define __STDC_WANT_LIB_EXT2__ 1
| #define __STDC_WANT_MATH_SPEC_FUNCS__ 1
| #define _TANDEM_SOURCE 1
| #define __EXTENSIONS__ 1
| #define HAVE_PTHREAD_PRIO_INHERIT 1
| #define MYTHREAD_POSIX 1
| #define HAVE_PTHREAD_CONDATTR_SETCLOCK 1
| #define HAVE_DLFCN_H 1
| #define LT_OBJDIR ".libs/"
| #define HAVE_SYMBOL_VERSIONS_LINUX 2
| /* end confdefs.h.  */
| #include <CoreFoundation/CFLocale.h>
| int
| main (void)
| {
| CFLocaleCopyPreferredLanguages();
|   ;
|   return 0;
| }
configure:18588: result: no
configure:18638: checking for GNU gettext in libc
configure:18668: arm-unknown-linux-gnueabihf-gcc -o conftest -g -O2   conftest.c  -lpthread >&5
configure:18668: $? = 0
configure:18680: result: yes
configure:19591: checking whether to use NLS
configure:19593: result: yes
configure:19596: checking where the gettext function comes from
configure:19607: result: libc
configure:19713: checking for immintrin.h
configure:19713: arm-unknown-linux-gnueabihf-gcc -c -g -O2  conftest.c >&5
conftest.c:112:10: fatal error: immintrin.h: No such file or directory
  112 | #include <immintrin.h>
      |          ^~~~~~~~~~~~~
compilation terminated.
configure:19713: $? = 1
configure: failed program was:
| /* confdefs.h */
| #define PACKAGE_NAME "XZ Utils"
| #define PACKAGE_TARNAME "xz"
| #define PACKAGE_VERSION "5.6.2"
| #define PACKAGE_STRING "XZ Utils 5.6.2"
| #define PACKAGE_BUGREPORT "xz@tukaani.org"
| #define PACKAGE_URL "https://tukaani.org/xz/"
| #define NDEBUG 1
| #define HAVE_ENCODER_LZMA1 1
| #define HAVE_ENCODER_LZMA2 1
| #define HAVE_ENCODER_DELTA 1
| #define HAVE_ENCODER_X86 1
| #define HAVE_ENCODER_POWERPC 1
| #define HAVE_ENCODER_IA64 1
| #define HAVE_ENCODER_ARM 1
| #define HAVE_ENCODER_ARMTHUMB 1
| #define HAVE_ENCODER_ARM64 1
| #define HAVE_ENCODER_SPARC 1
| #define HAVE_ENCODER_RISCV 1
| #define HAVE_ENCODERS 1
| #define HAVE_DECODER_LZMA1 1
| #define HAVE_DECODER_LZMA2 1
| #define HAVE_DECODER_DELTA 1
| #define HAVE_DECODER_X86 1
| #define HAVE_DECODER_POWERPC 1
| #define HAVE_DECODER_IA64 1
| #define HAVE_DECODER_ARM 1
| #define HAVE_DECODER_ARMTHUMB 1
| #define HAVE_DECODER_ARM64 1
| #define HAVE_DECODER_SPARC 1
| #define HAVE_DECODER_RISCV 1
| #define HAVE_DECODERS 1
| #define HAVE_MF_HC3 1
| #define HAVE_MF_HC4 1
| #define HAVE_MF_BT2 1
| #define HAVE_MF_BT3 1
| #define HAVE_MF_BT4 1
| #define HAVE_CHECK_CRC32 1
| #define HAVE_CHECK_CRC64 1
| #define HAVE_CHECK_SHA256 1
| #define HAVE_LZIP_DECODER 1
| #define ASSUME_RAM 128
| #define PACKAGE "xz"
| #define VERSION "5.6.2"
| #define HAVE_STDIO_H 1
| #define HAVE_STDLIB_H 1
| #define HAVE_STRING_H 1
| #define HAVE_INTTYPES_H 1
| #define HAVE_STDINT_H 1
| #define HAVE_STRINGS_H 1
| #define HAVE_SYS_STAT_H 1
| #define HAVE_SYS_TYPES_H 1
| #define HAVE_UNISTD_H 1
| #define HAVE_WCHAR_H 1
| #define HAVE_SYS_CDEFS_H 1
| #define STDC_HEADERS 1
| #define _ALL_SOURCE 1
| #define _DARWIN_C_SOURCE 1
| #define _GNU_SOURCE 1
| #define _HPUX_ALT_XOPEN_SOCKET_API 1
| #define _NETBSD_SOURCE 1
| #define _OPENBSD_SOURCE 1
| #define _POSIX_PTHREAD_SEMANTICS 1
| #define __STDC_WANT_IEC_60559_ATTRIBS_EXT__ 1
| #define __STDC_WANT_IEC_60559_BFP_EXT__ 1
| #define __STDC_WANT_IEC_60559_DFP_EXT__ 1
| #define __STDC_WANT_IEC_60559_EXT__ 1
| #define __STDC_WANT_IEC_60559_FUNCS_EXT__ 1
| #define __STDC_WANT_IEC_60559_TYPES_EXT__ 1
| #define __STDC_WANT_LIB_EXT2__ 1
| #define __STDC_WANT_MATH_SPEC_FUNCS__ 1
| #define _TANDEM_SOURCE 1
| #define __EXTENSIONS__ 1
| #define HAVE_PTHREAD_PRIO_INHERIT 1
| #define MYTHREAD_POSIX 1
| #define HAVE_PTHREAD_CONDATTR_SETCLOCK 1
| #define HAVE_DLFCN_H 1
| #define LT_OBJDIR ".libs/"
| #define HAVE_SYMBOL_VERSIONS_LINUX 2
| #define ENABLE_NLS 1
| #define HAVE_GETTEXT 1
| #define HAVE_DCGETTEXT 1
| /* end confdefs.h.  */
| #include <stddef.h>
| #ifdef HAVE_STDIO_H
| # include <stdio.h>
| #endif
| #ifdef HAVE_STDLIB_H
| # include <stdlib.h>
| #endif
| #ifdef HAVE_STRING_H
| # include <string.h>
| #endif
| #ifdef HAVE_INTTYPES_H
| # include <inttypes.h>
| #endif
| #ifdef HAVE_STDINT_H
| # include <stdint.h>
| #endif
| #ifdef HAVE_STRINGS_H
| # include <strings.h>
| #endif
| #ifdef HAVE_SYS_TYPES_H
| # include <sys/types.h>
| #endif
| #ifdef HAVE_SYS_STAT_H
| # include <sys/stat.h>
| #endif
| #ifdef HAVE_UNISTD_H
| # include <unistd.h>
| #endif
| #include <immintrin.h>
configure:19713: result: no
configure:19719: checking for cpuid.h
configure:19719: arm-unknown-linux-gnueabihf-gcc -c -g -O2  conftest.c >&5
conftest.c:112:10: fatal error: cpuid.h: No such file or directory
  112 | #include <cpuid.h>
      |          ^~~~~~~~~
compilation terminated.
configure:19719: $? = 1
configure: failed program was:
| /* confdefs.h */
| #define PACKAGE_NAME "XZ Utils"
| #define PACKAGE_TARNAME "xz"
| #define PACKAGE_VERSION "5.6.2"
| #define PACKAGE_STRING "XZ Utils 5.6.2"
| #define PACKAGE_BUGREPORT "xz@tukaani.org"
| #define PACKAGE_URL "https://tukaani.org/xz/"
| #define NDEBUG 1
| #define HAVE_ENCODER_LZMA1 1
| #define HAVE_ENCODER_LZMA2 1
| #define HAVE_ENCODER_DELTA 1
| #define HAVE_ENCODER_X86 1
| #define HAVE_ENCODER_POWERPC 1
| #define HAVE_ENCODER_IA64 1
| #define HAVE_ENCODER_ARM 1
| #define HAVE_ENCODER_ARMTHUMB 1
| #define HAVE_ENCODER_ARM64 1
| #define HAVE_ENCODER_SPARC 1
| #define HAVE_ENCODER_RISCV 1
| #define HAVE_ENCODERS 1
| #define HAVE_DECODER_LZMA1 1
| #define HAVE_DECODER_LZMA2 1
| #define HAVE_DECODER_DELTA 1
| #define HAVE_DECODER_X86 1
| #define HAVE_DECODER_POWERPC 1
| #define HAVE_DECODER_IA64 1
| #define HAVE_DECODER_ARM 1
| #define HAVE_DECODER_ARMTHUMB 1
| #define HAVE_DECODER_ARM64 1
| #define HAVE_DECODER_SPARC 1
| #define HAVE_DECODER_RISCV 1
| #define HAVE_DECODERS 1
| #define HAVE_MF_HC3 1
| #define HAVE_MF_HC4 1
| #define HAVE_MF_BT2 1
| #define HAVE_MF_BT3 1
| #define HAVE_MF_BT4 1
| #define HAVE_CHECK_CRC32 1
| #define HAVE_CHECK_CRC64 1
| #define HAVE_CHECK_SHA256 1
| #define HAVE_LZIP_DECODER 1
| #define ASSUME_RAM 128
| #define PACKAGE "xz"
| #define VERSION "5.6.2"
| #define HAVE_STDIO_H 1
| #define HAVE_STDLIB_H 1
| #define HAVE_STRING_H 1
| #define HAVE_INTTYPES_H 1
| #define HAVE_STDINT_H 1
| #define HAVE_STRINGS_H 1
| #define HAVE_SYS_STAT_H 1
| #define HAVE_SYS_TYPES_H 1
| #define HAVE_UNISTD_H 1
| #define HAVE_WCHAR_H 1
| #define HAVE_SYS_CDEFS_H 1
| #define STDC_HEADERS 1
| #define _ALL_SOURCE 1
| #define _DARWIN_C_SOURCE 1
| #define _GNU_SOURCE 1
| #define _HPUX_ALT_XOPEN_SOCKET_API 1
| #define _NETBSD_SOURCE 1
| #define _OPENBSD_SOURCE 1
| #define _POSIX_PTHREAD_SEMANTICS 1
| #define __STDC_WANT_IEC_60559_ATTRIBS_EXT__ 1
| #define __STDC_WANT_IEC_60559_BFP_EXT__ 1
| #define __STDC_WANT_IEC_60559_DFP_EXT__ 1
| #define __STDC_WANT_IEC_60559_EXT__ 1
| #define __STDC_WANT_IEC_60559_FUNCS_EXT__ 1
| #define __STDC_WANT_IEC_60559_TYPES_EXT__ 1
| #define __STDC_WANT_LIB_EXT2__ 1
| #define __STDC_WANT_MATH_SPEC_FUNCS__ 1
| #define _TANDEM_SOURCE 1
| #define __EXTENSIONS__ 1
| #define HAVE_PTHREAD_PRIO_INHERIT 1
| #define MYTHREAD_POSIX 1
| #define HAVE_PTHREAD_CONDATTR_SETCLOCK 1
| #define HAVE_DLFCN_H 1
| #define LT_OBJDIR ".libs/"
| #define HAVE_SYMBOL_VERSIONS_LINUX 2
| #define ENABLE_NLS 1
| #define HAVE_GETTEXT 1
| #define HAVE_DCGETTEXT 1
| /* end confdefs.h.  */
| #include <stddef.h>
| #ifdef HAVE_STDIO_H
| # include <stdio.h>
| #endif
| #ifdef HAVE_STDLIB_H
| # include <stdlib.h>
| #endif
| #ifdef HAVE_STRING_H
| # include <string.h>
| #endif
| #ifdef HAVE_INTTYPES_H
| # include <inttypes.h>
| #endif
| #ifdef HAVE_STDINT_H
| # include <stdint.h>
| #endif
| #ifdef HAVE_STRINGS_H
| # include <strings.h>
| #endif
| #ifdef HAVE_SYS_TYPES_H
| # include <sys/types.h>
| #endif
| #ifdef HAVE_SYS_STAT_H
| # include <sys/stat.h>
| #endif
| #ifdef HAVE_UNISTD_H
| # include <unistd.h>
| #endif
| #include <cpuid.h>
configure:19719: result: no
configure:19732: checking for _Bool
configure:19732: arm-unknown-linux-gnueabihf-gcc -c -g -O2  conftest.c >&5
configure:19732: $? = 0
configure:19732: arm-unknown-linux-gnueabihf-gcc -c -g -O2  conftest.c >&5
conftest.c: In function 'main':
conftest.c:115:20: error: expected expression before ')' token
  115 | if (sizeof ((_Bool)))
      |                    ^
configure:19732: $? = 1
configure: failed program was:
| /* confdefs.h */
| #define PACKAGE_NAME "XZ Utils"
| #define PACKAGE_TARNAME "xz"
| #define PACKAGE_VERSION "5.6.2"
| #define PACKAGE_STRING "XZ Utils 5.6.2"
| #define PACKAGE_BUGREPORT "xz@tukaani.org"
| #define PACKAGE_URL "https://tukaani.org/xz/"
| #define NDEBUG 1
| #define HAVE_ENCODER_LZMA1 1
| #define HAVE_ENCODER_LZMA2 1
| #define HAVE_ENCODER_DELTA 1
| #define HAVE_ENCODER_X86 1
| #define HAVE_ENCODER_POWERPC 1
| #define HAVE_ENCODER_IA64 1
| #define HAVE_ENCODER_ARM 1
| #define HAVE_ENCODER_ARMTHUMB 1
| #define HAVE_ENCODER_ARM64 1
| #define HAVE_ENCODER_SPARC 1
| #define HAVE_ENCODER_RISCV 1
| #define HAVE_ENCODERS 1
| #define HAVE_DECODER_LZMA1 1
| #define HAVE_DECODER_LZMA2 1
| #define HAVE_DECODER_DELTA 1
| #define HAVE_DECODER_X86 1
| #define HAVE_DECODER_POWERPC 1
| #define HAVE_DECODER_IA64 1
| #define HAVE_DECODER_ARM 1
| #define HAVE_DECODER_ARMTHUMB 1
| #define HAVE_DECODER_ARM64 1
| #define HAVE_DECODER_SPARC 1
| #define HAVE_DECODER_RISCV 1
| #define HAVE_DECODERS 1
| #define HAVE_MF_HC3 1
| #define HAVE_MF_HC4 1
| #define HAVE_MF_BT2 1
| #define HAVE_MF_BT3 1
| #define HAVE_MF_BT4 1
| #define HAVE_CHECK_CRC32 1
| #define HAVE_CHECK_CRC64 1
| #define HAVE_CHECK_SHA256 1
| #define HAVE_LZIP_DECODER 1
| #define ASSUME_RAM 128
| #define PACKAGE "xz"
| #define VERSION "5.6.2"
| #define HAVE_STDIO_H 1
| #define HAVE_STDLIB_H 1
| #define HAVE_STRING_H 1
| #define HAVE_INTTYPES_H 1
| #define HAVE_STDINT_H 1
| #define HAVE_STRINGS_H 1
| #define HAVE_SYS_STAT_H 1
| #define HAVE_SYS_TYPES_H 1
| #define HAVE_UNISTD_H 1
| #define HAVE_WCHAR_H 1
| #define HAVE_SYS_CDEFS_H 1
| #define STDC_HEADERS 1
| #define _ALL_SOURCE 1
| #define _DARWIN_C_SOURCE 1
| #define _GNU_SOURCE 1
| #define _HPUX_ALT_XOPEN_SOCKET_API 1
| #define _NETBSD_SOURCE 1
| #define _OPENBSD_SOURCE 1
| #define _POSIX_PTHREAD_SEMANTICS 1
| #define __STDC_WANT_IEC_60559_ATTRIBS_EXT__ 1
| #define __STDC_WANT_IEC_60559_BFP_EXT__ 1
| #define __STDC_WANT_IEC_60559_DFP_EXT__ 1
| #define __STDC_WANT_IEC_60559_EXT__ 1
| #define __STDC_WANT_IEC_60559_FUNCS_EXT__ 1
| #define __STDC_WANT_IEC_60559_TYPES_EXT__ 1
| #define __STDC_WANT_LIB_EXT2__ 1
| #define __STDC_WANT_MATH_SPEC_FUNCS__ 1
| #define _TANDEM_SOURCE 1
| #define __EXTENSIONS__ 1
| #define HAVE_PTHREAD_PRIO_INHERIT 1
| #define MYTHREAD_POSIX 1
| #define HAVE_PTHREAD_CONDATTR_SETCLOCK 1
| #define HAVE_DLFCN_H 1
| #define LT_OBJDIR ".libs/"
| #define HAVE_SYMBOL_VERSIONS_LINUX 2
| #define ENABLE_NLS 1
| #define HAVE_GETTEXT 1
| #define HAVE_DCGETTEXT 1
| /* end confdefs.h.  */
| #include <stddef.h>
| #ifdef HAVE_STDIO_H
| # include <stdio.h>
| #endif
| #ifdef HAVE_STDLIB_H
| # include <stdlib.h>
| #endif
| #ifdef HAVE_STRING_H
| # include <string.h>
| #endif
| #ifdef HAVE_INTTYPES_H
| # include <inttypes.h>
| #endif
| #ifdef HAVE_STDINT_H
| # include <stdint.h>
| #endif
| #ifdef HAVE_STRINGS_H
| # include <strings.h>
| #endif
| #ifdef HAVE_SYS_TYPES_H
| # include <sys/types.h>
| #endif
| #ifdef HAVE_SYS_STAT_H
| # include <sys/stat.h>
| #endif
| #ifdef HAVE_UNISTD_H
| # include <unistd.h>
| #endif
| int
| main (void)
| {
| if (sizeof ((_Bool)))
| 	    return 0;
|   ;
|   return 0;
| }
configure:19732: result: yes
configure:19741: checking for stdbool.h that conforms to C99 or later
configure:19816: arm-unknown-linux-gnueabihf-gcc -c -g -O2  conftest.c >&5
configure:19816: $? = 0
configure:19826: result: yes
configure:19836: checking for uint8_t
configure:19836: arm-unknown-linux-gnueabihf-gcc -c -g -O2  conftest.c >&5
configure:19836: $? = 0
configure:19836: result: yes
configure:19848: checking for uint16_t
configure:19848: arm-unknown-linux-gnueabihf-gcc -c -g -O2  conftest.c >&5
configure:19848: $? = 0
configure:19848: result: yes
configure:19858: checking for int32_t
configure:19858: arm-unknown-linux-gnueabihf-gcc -c -g -O2  conftest.c >&5
configure:19858: $? = 0
configure:19858: arm-unknown-linux-gnueabihf-gcc -c -g -O2  conftest.c >&5
conftest.c: In function 'main':
conftest.c:119:53: warning: integer overflow in expression of type 'int' results in '-2147483648' [-Woverflow]
  119 |    < (int32_t) (((((int32_t) 1 << N) << N) - 1) * 2 + 2))];
      |                                                     ^
conftest.c:118:12: error: storage size of 'test_array' isn't constant
  118 | static int test_array [1 - 2 * !((int32_t) (((((int32_t) 1 << N) << N) - 1) * 2 + 1)
      |            ^~~~~~~~~~
configure:19858: $? = 1
configure: failed program was:
| /* confdefs.h */
| #define PACKAGE_NAME "XZ Utils"
| #define PACKAGE_TARNAME "xz"
| #define PACKAGE_VERSION "5.6.2"
| #define PACKAGE_STRING "XZ Utils 5.6.2"
| #define PACKAGE_BUGREPORT "xz@tukaani.org"
| #define PACKAGE_URL "https://tukaani.org/xz/"
| #define NDEBUG 1
| #define HAVE_ENCODER_LZMA1 1
| #define HAVE_ENCODER_LZMA2 1
| #define HAVE_ENCODER_DELTA 1
| #define HAVE_ENCODER_X86 1
| #define HAVE_ENCODER_POWERPC 1
| #define HAVE_ENCODER_IA64 1
| #define HAVE_ENCODER_ARM 1
| #define HAVE_ENCODER_ARMTHUMB 1
| #define HAVE_ENCODER_ARM64 1
| #define HAVE_ENCODER_SPARC 1
| #define HAVE_ENCODER_RISCV 1
| #define HAVE_ENCODERS 1
| #define HAVE_DECODER_LZMA1 1
| #define HAVE_DECODER_LZMA2 1
| #define HAVE_DECODER_DELTA 1
| #define HAVE_DECODER_X86 1
| #define HAVE_DECODER_POWERPC 1
| #define HAVE_DECODER_IA64 1
| #define HAVE_DECODER_ARM 1
| #define HAVE_DECODER_ARMTHUMB 1
| #define HAVE_DECODER_ARM64 1
| #define HAVE_DECODER_SPARC 1
| #define HAVE_DECODER_RISCV 1
| #define HAVE_DECODERS 1
| #define HAVE_MF_HC3 1
| #define HAVE_MF_HC4 1
| #define HAVE_MF_BT2 1
| #define HAVE_MF_BT3 1
| #define HAVE_MF_BT4 1
| #define HAVE_CHECK_CRC32 1
| #define HAVE_CHECK_CRC64 1
| #define HAVE_CHECK_SHA256 1
| #define HAVE_LZIP_DECODER 1
| #define ASSUME_RAM 128
| #define PACKAGE "xz"
| #define VERSION "5.6.2"
| #define HAVE_STDIO_H 1
| #define HAVE_STDLIB_H 1
| #define HAVE_STRING_H 1
| #define HAVE_INTTYPES_H 1
| #define HAVE_STDINT_H 1
| #define HAVE_STRINGS_H 1
| #define HAVE_SYS_STAT_H 1
| #define HAVE_SYS_TYPES_H 1
| #define HAVE_UNISTD_H 1
| #define HAVE_WCHAR_H 1
| #define HAVE_SYS_CDEFS_H 1
| #define STDC_HEADERS 1
| #define _ALL_SOURCE 1
| #define _DARWIN_C_SOURCE 1
| #define _GNU_SOURCE 1
| #define _HPUX_ALT_XOPEN_SOCKET_API 1
| #define _NETBSD_SOURCE 1
| #define _OPENBSD_SOURCE 1
| #define _POSIX_PTHREAD_SEMANTICS 1
| #define __STDC_WANT_IEC_60559_ATTRIBS_EXT__ 1
| #define __STDC_WANT_IEC_60559_BFP_EXT__ 1
| #define __STDC_WANT_IEC_60559_DFP_EXT__ 1
| #define __STDC_WANT_IEC_60559_EXT__ 1
| #define __STDC_WANT_IEC_60559_FUNCS_EXT__ 1
| #define __STDC_WANT_IEC_60559_TYPES_EXT__ 1
| #define __STDC_WANT_LIB_EXT2__ 1
| #define __STDC_WANT_MATH_SPEC_FUNCS__ 1
| #define _TANDEM_SOURCE 1
| #define __EXTENSIONS__ 1
| #define HAVE_PTHREAD_PRIO_INHERIT 1
| #define MYTHREAD_POSIX 1
| #define HAVE_PTHREAD_CONDATTR_SETCLOCK 1
| #define HAVE_DLFCN_H 1
| #define LT_OBJDIR ".libs/"
| #define HAVE_SYMBOL_VERSIONS_LINUX 2
| #define ENABLE_NLS 1
| #define HAVE_GETTEXT 1
| #define HAVE_DCGETTEXT 1
| #define HAVE__BOOL 1
| #define HAVE_STDBOOL_H 1
| /* end confdefs.h.  */
| #include <stddef.h>
| #ifdef HAVE_STDIO_H
| # include <stdio.h>
| #endif
| #ifdef HAVE_STDLIB_H
| # include <stdlib.h>
| #endif
| #ifdef HAVE_STRING_H
| # include <string.h>
| #endif
| #ifdef HAVE_INTTYPES_H
| # include <inttypes.h>
| #endif
| #ifdef HAVE_STDINT_H
| # include <stdint.h>
| #endif
| #ifdef HAVE_STRINGS_H
| # include <strings.h>
| #endif
| #ifdef HAVE_SYS_TYPES_H
| # include <sys/types.h>
| #endif
| #ifdef HAVE_SYS_STAT_H
| # include <sys/stat.h>
| #endif
| #ifdef HAVE_UNISTD_H
| # include <unistd.h>
| #endif
| 	        enum { N = 32 / 2 - 1 };
| int
| main (void)
| {
| static int test_array [1 - 2 * !((int32_t) (((((int32_t) 1 << N) << N) - 1) * 2 + 1)
| 		 < (int32_t) (((((int32_t) 1 << N) << N) - 1) * 2 + 2))];
| test_array [0] = 0;
| return test_array [0];
| 
|   ;
|   return 0;
| }
configure:19858: result: yes
configure:19867: checking for uint32_t
configure:19867: arm-unknown-linux-gnueabihf-gcc -c -g -O2  conftest.c >&5
configure:19867: $? = 0
configure:19867: result: yes
configure:19879: checking for int64_t
configure:19879: arm-unknown-linux-gnueabihf-gcc -c -g -O2  conftest.c >&5
configure:19879: $? = 0
configure:19879: arm-unknown-linux-gnueabihf-gcc -c -g -O2  conftest.c >&5
conftest.c: In function 'main':
conftest.c:119:53: warning: integer overflow in expression of type 'long long int' results in '-9223372036854775808' [-Woverflow]
  119 |    < (int64_t) (((((int64_t) 1 << N) << N) - 1) * 2 + 2))];
      |                                                     ^
conftest.c:118:12: error: storage size of 'test_array' isn't constant
  118 | static int test_array [1 - 2 * !((int64_t) (((((int64_t) 1 << N) << N) - 1) * 2 + 1)
      |            ^~~~~~~~~~
configure:19879: $? = 1
configure: failed program was:
| /* confdefs.h */
| #define PACKAGE_NAME "XZ Utils"
| #define PACKAGE_TARNAME "xz"
| #define PACKAGE_VERSION "5.6.2"
| #define PACKAGE_STRING "XZ Utils 5.6.2"
| #define PACKAGE_BUGREPORT "xz@tukaani.org"
| #define PACKAGE_URL "https://tukaani.org/xz/"
| #define NDEBUG 1
| #define HAVE_ENCODER_LZMA1 1
| #define HAVE_ENCODER_LZMA2 1
| #define HAVE_ENCODER_DELTA 1
| #define HAVE_ENCODER_X86 1
| #define HAVE_ENCODER_POWERPC 1
| #define HAVE_ENCODER_IA64 1
| #define HAVE_ENCODER_ARM 1
| #define HAVE_ENCODER_ARMTHUMB 1
| #define HAVE_ENCODER_ARM64 1
| #define HAVE_ENCODER_SPARC 1
| #define HAVE_ENCODER_RISCV 1
| #define HAVE_ENCODERS 1
| #define HAVE_DECODER_LZMA1 1
| #define HAVE_DECODER_LZMA2 1
| #define HAVE_DECODER_DELTA 1
| #define HAVE_DECODER_X86 1
| #define HAVE_DECODER_POWERPC 1
| #define HAVE_DECODER_IA64 1
| #define HAVE_DECODER_ARM 1
| #define HAVE_DECODER_ARMTHUMB 1
| #define HAVE_DECODER_ARM64 1
| #define HAVE_DECODER_SPARC 1
| #define HAVE_DECODER_RISCV 1
| #define HAVE_DECODERS 1
| #define HAVE_MF_HC3 1
| #define HAVE_MF_HC4 1
| #define HAVE_MF_BT2 1
| #define HAVE_MF_BT3 1
| #define HAVE_MF_BT4 1
| #define HAVE_CHECK_CRC32 1
| #define HAVE_CHECK_CRC64 1
| #define HAVE_CHECK_SHA256 1
| #define HAVE_LZIP_DECODER 1
| #define ASSUME_RAM 128
| #define PACKAGE "xz"
| #define VERSION "5.6.2"
| #define HAVE_STDIO_H 1
| #define HAVE_STDLIB_H 1
| #define HAVE_STRING_H 1
| #define HAVE_INTTYPES_H 1
| #define HAVE_STDINT_H 1
| #define HAVE_STRINGS_H 1
| #define HAVE_SYS_STAT_H 1
| #define HAVE_SYS_TYPES_H 1
| #define HAVE_UNISTD_H 1
| #define HAVE_WCHAR_H 1
| #define HAVE_SYS_CDEFS_H 1
| #define STDC_HEADERS 1
| #define _ALL_SOURCE 1
| #define _DARWIN_C_SOURCE 1
| #define _GNU_SOURCE 1
| #define _HPUX_ALT_XOPEN_SOCKET_API 1
| #define _NETBSD_SOURCE 1
| #define _OPENBSD_SOURCE 1
| #define _POSIX_PTHREAD_SEMANTICS 1
| #define __STDC_WANT_IEC_60559_ATTRIBS_EXT__ 1
| #define __STDC_WANT_IEC_60559_BFP_EXT__ 1
| #define __STDC_WANT_IEC_60559_DFP_EXT__ 1
| #define __STDC_WANT_IEC_60559_EXT__ 1
| #define __STDC_WANT_IEC_60559_FUNCS_EXT__ 1
| #define __STDC_WANT_IEC_60559_TYPES_EXT__ 1
| #define __STDC_WANT_LIB_EXT2__ 1
| #define __STDC_WANT_MATH_SPEC_FUNCS__ 1
| #define _TANDEM_SOURCE 1
| #define __EXTENSIONS__ 1
| #define HAVE_PTHREAD_PRIO_INHERIT 1
| #define MYTHREAD_POSIX 1
| #define HAVE_PTHREAD_CONDATTR_SETCLOCK 1
| #define HAVE_DLFCN_H 1
| #define LT_OBJDIR ".libs/"
| #define HAVE_SYMBOL_VERSIONS_LINUX 2
| #define ENABLE_NLS 1
| #define HAVE_GETTEXT 1
| #define HAVE_DCGETTEXT 1
| #define HAVE__BOOL 1
| #define HAVE_STDBOOL_H 1
| /* end confdefs.h.  */
| #include <stddef.h>
| #ifdef HAVE_STDIO_H
| # include <stdio.h>
| #endif
| #ifdef HAVE_STDLIB_H
| # include <stdlib.h>
| #endif
| #ifdef HAVE_STRING_H
| # include <string.h>
| #endif
| #ifdef HAVE_INTTYPES_H
| # include <inttypes.h>
| #endif
| #ifdef HAVE_STDINT_H
| # include <stdint.h>
| #endif
| #ifdef HAVE_STRINGS_H
| # include <strings.h>
| #endif
| #ifdef HAVE_SYS_TYPES_H
| # include <sys/types.h>
| #endif
| #ifdef HAVE_SYS_STAT_H
| # include <sys/stat.h>
| #endif
| #ifdef HAVE_UNISTD_H
| # include <unistd.h>
| #endif
| 	        enum { N = 64 / 2 - 1 };
| int
| main (void)
| {
| static int test_array [1 - 2 * !((int64_t) (((((int64_t) 1 << N) << N) - 1) * 2 + 1)
| 		 < (int64_t) (((((int64_t) 1 << N) << N) - 1) * 2 + 2))];
| test_array [0] = 0;
| return test_array [0];
| 
|   ;
|   return 0;
| }
configure:19879: result: yes
configure:19888: checking for uint64_t
configure:19888: arm-unknown-linux-gnueabihf-gcc -c -g -O2  conftest.c >&5
configure:19888: $? = 0
configure:19888: result: yes
configure:19901: checking for uintptr_t
configure:19901: arm-unknown-linux-gnueabihf-gcc -c -g -O2  conftest.c >&5
configure:19901: $? = 0
configure:19901: arm-unknown-linux-gnueabihf-gcc -c -g -O2  conftest.c >&5
conftest.c: In function 'main':
conftest.c:117:24: error: expected expression before ')' token
  117 | if (sizeof ((uintptr_t)))
      |                        ^
configure:19901: $? = 1
configure: failed program was:
| /* confdefs.h */
| #define PACKAGE_NAME "XZ Utils"
| #define PACKAGE_TARNAME "xz"
| #define PACKAGE_VERSION "5.6.2"
| #define PACKAGE_STRING "XZ Utils 5.6.2"
| #define PACKAGE_BUGREPORT "xz@tukaani.org"
| #define PACKAGE_URL "https://tukaani.org/xz/"
| #define NDEBUG 1
| #define HAVE_ENCODER_LZMA1 1
| #define HAVE_ENCODER_LZMA2 1
| #define HAVE_ENCODER_DELTA 1
| #define HAVE_ENCODER_X86 1
| #define HAVE_ENCODER_POWERPC 1
| #define HAVE_ENCODER_IA64 1
| #define HAVE_ENCODER_ARM 1
| #define HAVE_ENCODER_ARMTHUMB 1
| #define HAVE_ENCODER_ARM64 1
| #define HAVE_ENCODER_SPARC 1
| #define HAVE_ENCODER_RISCV 1
| #define HAVE_ENCODERS 1
| #define HAVE_DECODER_LZMA1 1
| #define HAVE_DECODER_LZMA2 1
| #define HAVE_DECODER_DELTA 1
| #define HAVE_DECODER_X86 1
| #define HAVE_DECODER_POWERPC 1
| #define HAVE_DECODER_IA64 1
| #define HAVE_DECODER_ARM 1
| #define HAVE_DECODER_ARMTHUMB 1
| #define HAVE_DECODER_ARM64 1
| #define HAVE_DECODER_SPARC 1
| #define HAVE_DECODER_RISCV 1
| #define HAVE_DECODERS 1
| #define HAVE_MF_HC3 1
| #define HAVE_MF_HC4 1
| #define HAVE_MF_BT2 1
| #define HAVE_MF_BT3 1
| #define HAVE_MF_BT4 1
| #define HAVE_CHECK_CRC32 1
| #define HAVE_CHECK_CRC64 1
| #define HAVE_CHECK_SHA256 1
| #define HAVE_LZIP_DECODER 1
| #define ASSUME_RAM 128
| #define PACKAGE "xz"
| #define VERSION "5.6.2"
| #define HAVE_STDIO_H 1
| #define HAVE_STDLIB_H 1
| #define HAVE_STRING_H 1
| #define HAVE_INTTYPES_H 1
| #define HAVE_STDINT_H 1
| #define HAVE_STRINGS_H 1
| #define HAVE_SYS_STAT_H 1
| #define HAVE_SYS_TYPES_H 1
| #define HAVE_UNISTD_H 1
| #define HAVE_WCHAR_H 1
| #define HAVE_SYS_CDEFS_H 1
| #define STDC_HEADERS 1
| #define _ALL_SOURCE 1
| #define _DARWIN_C_SOURCE 1
| #define _GNU_SOURCE 1
| #define _HPUX_ALT_XOPEN_SOCKET_API 1
| #define _NETBSD_SOURCE 1
| #define _OPENBSD_SOURCE 1
| #define _POSIX_PTHREAD_SEMANTICS 1
| #define __STDC_WANT_IEC_60559_ATTRIBS_EXT__ 1
| #define __STDC_WANT_IEC_60559_BFP_EXT__ 1
| #define __STDC_WANT_IEC_60559_DFP_EXT__ 1
| #define __STDC_WANT_IEC_60559_EXT__ 1
| #define __STDC_WANT_IEC_60559_FUNCS_EXT__ 1
| #define __STDC_WANT_IEC_60559_TYPES_EXT__ 1
| #define __STDC_WANT_LIB_EXT2__ 1
| #define __STDC_WANT_MATH_SPEC_FUNCS__ 1
| #define _TANDEM_SOURCE 1
| #define __EXTENSIONS__ 1
| #define HAVE_PTHREAD_PRIO_INHERIT 1
| #define MYTHREAD_POSIX 1
| #define HAVE_PTHREAD_CONDATTR_SETCLOCK 1
| #define HAVE_DLFCN_H 1
| #define LT_OBJDIR ".libs/"
| #define HAVE_SYMBOL_VERSIONS_LINUX 2
| #define ENABLE_NLS 1
| #define HAVE_GETTEXT 1
| #define HAVE_DCGETTEXT 1
| #define HAVE__BOOL 1
| #define HAVE_STDBOOL_H 1
| /* end confdefs.h.  */
| #include <stddef.h>
| #ifdef HAVE_STDIO_H
| # include <stdio.h>
| #endif
| #ifdef HAVE_STDLIB_H
| # include <stdlib.h>
| #endif
| #ifdef HAVE_STRING_H
| # include <string.h>
| #endif
| #ifdef HAVE_INTTYPES_H
| # include <inttypes.h>
| #endif
| #ifdef HAVE_STDINT_H
| # include <stdint.h>
| #endif
| #ifdef HAVE_STRINGS_H
| # include <strings.h>
| #endif
| #ifdef HAVE_SYS_TYPES_H
| # include <sys/types.h>
| #endif
| #ifdef HAVE_SYS_STAT_H
| # include <sys/stat.h>
| #endif
| #ifdef HAVE_UNISTD_H
| # include <unistd.h>
| #endif
| int
| main (void)
| {
| if (sizeof ((uintptr_t)))
| 	    return 0;
|   ;
|   return 0;
| }
configure:19901: result: yes
configure:19943: checking size of size_t
configure:19949: arm-unknown-linux-gnueabihf-gcc -c -g -O2  conftest.c >&5
configure:19949: $? = 0
configure:19949: arm-unknown-linux-gnueabihf-gcc -c -g -O2  conftest.c >&5
conftest.c: In function 'main':
conftest.c:118:12: error: size of array 'test_array' is negative
  118 | static int test_array [1 - 2 * !(((long int) (sizeof (size_t))) <= 0)];
      |            ^~~~~~~~~~
configure:19949: $? = 1
configure: failed program was:
| /* confdefs.h */
| #define PACKAGE_NAME "XZ Utils"
| #define PACKAGE_TARNAME "xz"
| #define PACKAGE_VERSION "5.6.2"
| #define PACKAGE_STRING "XZ Utils 5.6.2"
| #define PACKAGE_BUGREPORT "xz@tukaani.org"
| #define PACKAGE_URL "https://tukaani.org/xz/"
| #define NDEBUG 1
| #define HAVE_ENCODER_LZMA1 1
| #define HAVE_ENCODER_LZMA2 1
| #define HAVE_ENCODER_DELTA 1
| #define HAVE_ENCODER_X86 1
| #define HAVE_ENCODER_POWERPC 1
| #define HAVE_ENCODER_IA64 1
| #define HAVE_ENCODER_ARM 1
| #define HAVE_ENCODER_ARMTHUMB 1
| #define HAVE_ENCODER_ARM64 1
| #define HAVE_ENCODER_SPARC 1
| #define HAVE_ENCODER_RISCV 1
| #define HAVE_ENCODERS 1
| #define HAVE_DECODER_LZMA1 1
| #define HAVE_DECODER_LZMA2 1
| #define HAVE_DECODER_DELTA 1
| #define HAVE_DECODER_X86 1
| #define HAVE_DECODER_POWERPC 1
| #define HAVE_DECODER_IA64 1
| #define HAVE_DECODER_ARM 1
| #define HAVE_DECODER_ARMTHUMB 1
| #define HAVE_DECODER_ARM64 1
| #define HAVE_DECODER_SPARC 1
| #define HAVE_DECODER_RISCV 1
| #define HAVE_DECODERS 1
| #define HAVE_MF_HC3 1
| #define HAVE_MF_HC4 1
| #define HAVE_MF_BT2 1
| #define HAVE_MF_BT3 1
| #define HAVE_MF_BT4 1
| #define HAVE_CHECK_CRC32 1
| #define HAVE_CHECK_CRC64 1
| #define HAVE_CHECK_SHA256 1
| #define HAVE_LZIP_DECODER 1
| #define ASSUME_RAM 128
| #define PACKAGE "xz"
| #define VERSION "5.6.2"
| #define HAVE_STDIO_H 1
| #define HAVE_STDLIB_H 1
| #define HAVE_STRING_H 1
| #define HAVE_INTTYPES_H 1
| #define HAVE_STDINT_H 1
| #define HAVE_STRINGS_H 1
| #define HAVE_SYS_STAT_H 1
| #define HAVE_SYS_TYPES_H 1
| #define HAVE_UNISTD_H 1
| #define HAVE_WCHAR_H 1
| #define HAVE_SYS_CDEFS_H 1
| #define STDC_HEADERS 1
| #define _ALL_SOURCE 1
| #define _DARWIN_C_SOURCE 1
| #define _GNU_SOURCE 1
| #define _HPUX_ALT_XOPEN_SOCKET_API 1
| #define _NETBSD_SOURCE 1
| #define _OPENBSD_SOURCE 1
| #define _POSIX_PTHREAD_SEMANTICS 1
| #define __STDC_WANT_IEC_60559_ATTRIBS_EXT__ 1
| #define __STDC_WANT_IEC_60559_BFP_EXT__ 1
| #define __STDC_WANT_IEC_60559_DFP_EXT__ 1
| #define __STDC_WANT_IEC_60559_EXT__ 1
| #define __STDC_WANT_IEC_60559_FUNCS_EXT__ 1
| #define __STDC_WANT_IEC_60559_TYPES_EXT__ 1
| #define __STDC_WANT_LIB_EXT2__ 1
| #define __STDC_WANT_MATH_SPEC_FUNCS__ 1
| #define _TANDEM_SOURCE 1
| #define __EXTENSIONS__ 1
| #define HAVE_PTHREAD_PRIO_INHERIT 1
| #define MYTHREAD_POSIX 1
| #define HAVE_PTHREAD_CONDATTR_SETCLOCK 1
| #define HAVE_DLFCN_H 1
| #define LT_OBJDIR ".libs/"
| #define HAVE_SYMBOL_VERSIONS_LINUX 2
| #define ENABLE_NLS 1
| #define HAVE_GETTEXT 1
| #define HAVE_DCGETTEXT 1
| #define HAVE__BOOL 1
| #define HAVE_STDBOOL_H 1
| #define HAVE_UINTPTR_T 1
| /* end confdefs.h.  */
| #include <stddef.h>
| #ifdef HAVE_STDIO_H
| # include <stdio.h>
| #endif
| #ifdef HAVE_STDLIB_H
| # include <stdlib.h>
| #endif
| #ifdef HAVE_STRING_H
| # include <string.h>
| #endif
| #ifdef HAVE_INTTYPES_H
| # include <inttypes.h>
| #endif
| #ifdef HAVE_STDINT_H
| # include <stdint.h>
| #endif
| #ifdef HAVE_STRINGS_H
| # include <strings.h>
| #endif
| #ifdef HAVE_SYS_TYPES_H
| # include <sys/types.h>
| #endif
| #ifdef HAVE_SYS_STAT_H
| # include <sys/stat.h>
| #endif
| #ifdef HAVE_UNISTD_H
| # include <unistd.h>
| #endif
| int
| main (void)
| {
| static int test_array [1 - 2 * !(((long int) (sizeof (size_t))) <= 0)];
| test_array [0] = 0;
| return test_array [0];
| 
|   ;
|   return 0;
| }
configure:19949: arm-unknown-linux-gnueabihf-gcc -c -g -O2  conftest.c >&5
conftest.c: In function 'main':
conftest.c:118:12: error: size of array 'test_array' is negative
  118 | static int test_array [1 - 2 * !(((long int) (sizeof (size_t))) <= 1)];
      |            ^~~~~~~~~~
configure:19949: $? = 1
configure: failed program was:
| /* confdefs.h */
| #define PACKAGE_NAME "XZ Utils"
| #define PACKAGE_TARNAME "xz"
| #define PACKAGE_VERSION "5.6.2"
| #define PACKAGE_STRING "XZ Utils 5.6.2"
| #define PACKAGE_BUGREPORT "xz@tukaani.org"
| #define PACKAGE_URL "https://tukaani.org/xz/"
| #define NDEBUG 1
| #define HAVE_ENCODER_LZMA1 1
| #define HAVE_ENCODER_LZMA2 1
| #define HAVE_ENCODER_DELTA 1
| #define HAVE_ENCODER_X86 1
| #define HAVE_ENCODER_POWERPC 1
| #define HAVE_ENCODER_IA64 1
| #define HAVE_ENCODER_ARM 1
| #define HAVE_ENCODER_ARMTHUMB 1
| #define HAVE_ENCODER_ARM64 1
| #define HAVE_ENCODER_SPARC 1
| #define HAVE_ENCODER_RISCV 1
| #define HAVE_ENCODERS 1
| #define HAVE_DECODER_LZMA1 1
| #define HAVE_DECODER_LZMA2 1
| #define HAVE_DECODER_DELTA 1
| #define HAVE_DECODER_X86 1
| #define HAVE_DECODER_POWERPC 1
| #define HAVE_DECODER_IA64 1
| #define HAVE_DECODER_ARM 1
| #define HAVE_DECODER_ARMTHUMB 1
| #define HAVE_DECODER_ARM64 1
| #define HAVE_DECODER_SPARC 1
| #define HAVE_DECODER_RISCV 1
| #define HAVE_DECODERS 1
| #define HAVE_MF_HC3 1
| #define HAVE_MF_HC4 1
| #define HAVE_MF_BT2 1
| #define HAVE_MF_BT3 1
| #define HAVE_MF_BT4 1
| #define HAVE_CHECK_CRC32 1
| #define HAVE_CHECK_CRC64 1
| #define HAVE_CHECK_SHA256 1
| #define HAVE_LZIP_DECODER 1
| #define ASSUME_RAM 128
| #define PACKAGE "xz"
| #define VERSION "5.6.2"
| #define HAVE_STDIO_H 1
| #define HAVE_STDLIB_H 1
| #define HAVE_STRING_H 1
| #define HAVE_INTTYPES_H 1
| #define HAVE_STDINT_H 1
| #define HAVE_STRINGS_H 1
| #define HAVE_SYS_STAT_H 1
| #define HAVE_SYS_TYPES_H 1
| #define HAVE_UNISTD_H 1
| #define HAVE_WCHAR_H 1
| #define HAVE_SYS_CDEFS_H 1
| #define STDC_HEADERS 1
| #define _ALL_SOURCE 1
| #define _DARWIN_C_SOURCE 1
| #define _GNU_SOURCE 1
| #define _HPUX_ALT_XOPEN_SOCKET_API 1
| #define _NETBSD_SOURCE 1
| #define _OPENBSD_SOURCE 1
| #define _POSIX_PTHREAD_SEMANTICS 1
| #define __STDC_WANT_IEC_60559_ATTRIBS_EXT__ 1
| #define __STDC_WANT_IEC_60559_BFP_EXT__ 1
| #define __STDC_WANT_IEC_60559_DFP_EXT__ 1
| #define __STDC_WANT_IEC_60559_EXT__ 1
| #define __STDC_WANT_IEC_60559_FUNCS_EXT__ 1
| #define __STDC_WANT_IEC_60559_TYPES_EXT__ 1
| #define __STDC_WANT_LIB_EXT2__ 1
| #define __STDC_WANT_MATH_SPEC_FUNCS__ 1
| #define _TANDEM_SOURCE 1
| #define __EXTENSIONS__ 1
| #define HAVE_PTHREAD_PRIO_INHERIT 1
| #define MYTHREAD_POSIX 1
| #define HAVE_PTHREAD_CONDATTR_SETCLOCK 1
| #define HAVE_DLFCN_H 1
| #define LT_OBJDIR ".libs/"
| #define HAVE_SYMBOL_VERSIONS_LINUX 2
| #define ENABLE_NLS 1
| #define HAVE_GETTEXT 1
| #define HAVE_DCGETTEXT 1
| #define HAVE__BOOL 1
| #define HAVE_STDBOOL_H 1
| #define HAVE_UINTPTR_T 1
| /* end confdefs.h.  */
| #include <stddef.h>
| #ifdef HAVE_STDIO_H
| # include <stdio.h>
| #endif
| #ifdef HAVE_STDLIB_H
| # include <stdlib.h>
| #endif
| #ifdef HAVE_STRING_H
| # include <string.h>
| #endif
| #ifdef HAVE_INTTYPES_H
| # include <inttypes.h>
| #endif
| #ifdef HAVE_STDINT_H
| # include <stdint.h>
| #endif
| #ifdef HAVE_STRINGS_H
| # include <strings.h>
| #endif
| #ifdef HAVE_SYS_TYPES_H
| # include <sys/types.h>
| #endif
| #ifdef HAVE_SYS_STAT_H
| # include <sys/stat.h>
| #endif
| #ifdef HAVE_UNISTD_H
| # include <unistd.h>
| #endif
| int
| main (void)
| {
| static int test_array [1 - 2 * !(((long int) (sizeof (size_t))) <= 1)];
| test_array [0] = 0;
| return test_array [0];
| 
|   ;
|   return 0;
| }
configure:19949: arm-unknown-linux-gnueabihf-gcc -c -g -O2  conftest.c >&5
conftest.c: In function 'main':
conftest.c:118:12: error: size of array 'test_array' is negative
  118 | static int test_array [1 - 2 * !(((long int) (sizeof (size_t))) <= 3)];
      |            ^~~~~~~~~~
configure:19949: $? = 1
configure: failed program was:
| /* confdefs.h */
| #define PACKAGE_NAME "XZ Utils"
| #define PACKAGE_TARNAME "xz"
| #define PACKAGE_VERSION "5.6.2"
| #define PACKAGE_STRING "XZ Utils 5.6.2"
| #define PACKAGE_BUGREPORT "xz@tukaani.org"
| #define PACKAGE_URL "https://tukaani.org/xz/"
| #define NDEBUG 1
| #define HAVE_ENCODER_LZMA1 1
| #define HAVE_ENCODER_LZMA2 1
| #define HAVE_ENCODER_DELTA 1
| #define HAVE_ENCODER_X86 1
| #define HAVE_ENCODER_POWERPC 1
| #define HAVE_ENCODER_IA64 1
| #define HAVE_ENCODER_ARM 1
| #define HAVE_ENCODER_ARMTHUMB 1
| #define HAVE_ENCODER_ARM64 1
| #define HAVE_ENCODER_SPARC 1
| #define HAVE_ENCODER_RISCV 1
| #define HAVE_ENCODERS 1
| #define HAVE_DECODER_LZMA1 1
| #define HAVE_DECODER_LZMA2 1
| #define HAVE_DECODER_DELTA 1
| #define HAVE_DECODER_X86 1
| #define HAVE_DECODER_POWERPC 1
| #define HAVE_DECODER_IA64 1
| #define HAVE_DECODER_ARM 1
| #define HAVE_DECODER_ARMTHUMB 1
| #define HAVE_DECODER_ARM64 1
| #define HAVE_DECODER_SPARC 1
| #define HAVE_DECODER_RISCV 1
| #define HAVE_DECODERS 1
| #define HAVE_MF_HC3 1
| #define HAVE_MF_HC4 1
| #define HAVE_MF_BT2 1
| #define HAVE_MF_BT3 1
| #define HAVE_MF_BT4 1
| #define HAVE_CHECK_CRC32 1
| #define HAVE_CHECK_CRC64 1
| #define HAVE_CHECK_SHA256 1
| #define HAVE_LZIP_DECODER 1
| #define ASSUME_RAM 128
| #define PACKAGE "xz"
| #define VERSION "5.6.2"
| #define HAVE_STDIO_H 1
| #define HAVE_STDLIB_H 1
| #define HAVE_STRING_H 1
| #define HAVE_INTTYPES_H 1
| #define HAVE_STDINT_H 1
| #define HAVE_STRINGS_H 1
| #define HAVE_SYS_STAT_H 1
| #define HAVE_SYS_TYPES_H 1
| #define HAVE_UNISTD_H 1
| #define HAVE_WCHAR_H 1
| #define HAVE_SYS_CDEFS_H 1
| #define STDC_HEADERS 1
| #define _ALL_SOURCE 1
| #define _DARWIN_C_SOURCE 1
| #define _GNU_SOURCE 1
| #define _HPUX_ALT_XOPEN_SOCKET_API 1
| #define _NETBSD_SOURCE 1
| #define _OPENBSD_SOURCE 1
| #define _POSIX_PTHREAD_SEMANTICS 1
| #define __STDC_WANT_IEC_60559_ATTRIBS_EXT__ 1
| #define __STDC_WANT_IEC_60559_BFP_EXT__ 1
| #define __STDC_WANT_IEC_60559_DFP_EXT__ 1
| #define __STDC_WANT_IEC_60559_EXT__ 1
| #define __STDC_WANT_IEC_60559_FUNCS_EXT__ 1
| #define __STDC_WANT_IEC_60559_TYPES_EXT__ 1
| #define __STDC_WANT_LIB_EXT2__ 1
| #define __STDC_WANT_MATH_SPEC_FUNCS__ 1
| #define _TANDEM_SOURCE 1
| #define __EXTENSIONS__ 1
| #define HAVE_PTHREAD_PRIO_INHERIT 1
| #define MYTHREAD_POSIX 1
| #define HAVE_PTHREAD_CONDATTR_SETCLOCK 1
| #define HAVE_DLFCN_H 1
| #define LT_OBJDIR ".libs/"
| #define HAVE_SYMBOL_VERSIONS_LINUX 2
| #define ENABLE_NLS 1
| #define HAVE_GETTEXT 1
| #define HAVE_DCGETTEXT 1
| #define HAVE__BOOL 1
| #define HAVE_STDBOOL_H 1
| #define HAVE_UINTPTR_T 1
| /* end confdefs.h.  */
| #include <stddef.h>
| #ifdef HAVE_STDIO_H
| # include <stdio.h>
| #endif
| #ifdef HAVE_STDLIB_H
| # include <stdlib.h>
| #endif
| #ifdef HAVE_STRING_H
| # include <string.h>
| #endif
| #ifdef HAVE_INTTYPES_H
| # include <inttypes.h>
| #endif
| #ifdef HAVE_STDINT_H
| # include <stdint.h>
| #endif
| #ifdef HAVE_STRINGS_H
| # include <strings.h>
| #endif
| #ifdef HAVE_SYS_TYPES_H
| # include <sys/types.h>
| #endif
| #ifdef HAVE_SYS_STAT_H
| # include <sys/stat.h>
| #endif
| #ifdef HAVE_UNISTD_H
| # include <unistd.h>
| #endif
| int
| main (void)
| {
| static int test_array [1 - 2 * !(((long int) (sizeof (size_t))) <= 3)];
| test_array [0] = 0;
| return test_array [0];
| 
|   ;
|   return 0;
| }
configure:19949: arm-unknown-linux-gnueabihf-gcc -c -g -O2  conftest.c >&5
configure:19949: $? = 0
configure:19949: arm-unknown-linux-gnueabihf-gcc -c -g -O2  conftest.c >&5
configure:19949: $? = 0
configure:19949: arm-unknown-linux-gnueabihf-gcc -c -g -O2  conftest.c >&5
configure:19949: $? = 0
configure:19966: result: 4
configure:19978: checking for struct stat.st_atim.tv_nsec
configure:19978: arm-unknown-linux-gnueabihf-gcc -c -g -O2  conftest.c >&5
configure:19978: $? = 0
configure:19978: result: yes
configure:19986: checking for struct stat.st_atimespec.tv_nsec
configure:19986: arm-unknown-linux-gnueabihf-gcc -c -g -O2  conftest.c >&5
conftest.c: In function 'main':
conftest.c:121:12: error: 'struct stat' has no member named 'st_atimespec'
  121 | if (ac_aggr.st_atimespec.tv_nsec)
      |            ^
configure:19986: $? = 1
configure: failed program was:
| /* confdefs.h */
| #define PACKAGE_NAME "XZ Utils"
| #define PACKAGE_TARNAME "xz"
| #define PACKAGE_VERSION "5.6.2"
| #define PACKAGE_STRING "XZ Utils 5.6.2"
| #define PACKAGE_BUGREPORT "xz@tukaani.org"
| #define PACKAGE_URL "https://tukaani.org/xz/"
| #define NDEBUG 1
| #define HAVE_ENCODER_LZMA1 1
| #define HAVE_ENCODER_LZMA2 1
| #define HAVE_ENCODER_DELTA 1
| #define HAVE_ENCODER_X86 1
| #define HAVE_ENCODER_POWERPC 1
| #define HAVE_ENCODER_IA64 1
| #define HAVE_ENCODER_ARM 1
| #define HAVE_ENCODER_ARMTHUMB 1
| #define HAVE_ENCODER_ARM64 1
| #define HAVE_ENCODER_SPARC 1
| #define HAVE_ENCODER_RISCV 1
| #define HAVE_ENCODERS 1
| #define HAVE_DECODER_LZMA1 1
| #define HAVE_DECODER_LZMA2 1
| #define HAVE_DECODER_DELTA 1
| #define HAVE_DECODER_X86 1
| #define HAVE_DECODER_POWERPC 1
| #define HAVE_DECODER_IA64 1
| #define HAVE_DECODER_ARM 1
| #define HAVE_DECODER_ARMTHUMB 1
| #define HAVE_DECODER_ARM64 1
| #define HAVE_DECODER_SPARC 1
| #define HAVE_DECODER_RISCV 1
| #define HAVE_DECODERS 1
| #define HAVE_MF_HC3 1
| #define HAVE_MF_HC4 1
| #define HAVE_MF_BT2 1
| #define HAVE_MF_BT3 1
| #define HAVE_MF_BT4 1
| #define HAVE_CHECK_CRC32 1
| #define HAVE_CHECK_CRC64 1
| #define HAVE_CHECK_SHA256 1
| #define HAVE_LZIP_DECODER 1
| #define ASSUME_RAM 128
| #define PACKAGE "xz"
| #define VERSION "5.6.2"
| #define HAVE_STDIO_H 1
| #define HAVE_STDLIB_H 1
| #define HAVE_STRING_H 1
| #define HAVE_INTTYPES_H 1
| #define HAVE_STDINT_H 1
| #define HAVE_STRINGS_H 1
| #define HAVE_SYS_STAT_H 1
| #define HAVE_SYS_TYPES_H 1
| #define HAVE_UNISTD_H 1
| #define HAVE_WCHAR_H 1
| #define HAVE_SYS_CDEFS_H 1
| #define STDC_HEADERS 1
| #define _ALL_SOURCE 1
| #define _DARWIN_C_SOURCE 1
| #define _GNU_SOURCE 1
| #define _HPUX_ALT_XOPEN_SOCKET_API 1
| #define _NETBSD_SOURCE 1
| #define _OPENBSD_SOURCE 1
| #define _POSIX_PTHREAD_SEMANTICS 1
| #define __STDC_WANT_IEC_60559_ATTRIBS_EXT__ 1
| #define __STDC_WANT_IEC_60559_BFP_EXT__ 1
| #define __STDC_WANT_IEC_60559_DFP_EXT__ 1
| #define __STDC_WANT_IEC_60559_EXT__ 1
| #define __STDC_WANT_IEC_60559_FUNCS_EXT__ 1
| #define __STDC_WANT_IEC_60559_TYPES_EXT__ 1
| #define __STDC_WANT_LIB_EXT2__ 1
| #define __STDC_WANT_MATH_SPEC_FUNCS__ 1
| #define _TANDEM_SOURCE 1
| #define __EXTENSIONS__ 1
| #define HAVE_PTHREAD_PRIO_INHERIT 1
| #define MYTHREAD_POSIX 1
| #define HAVE_PTHREAD_CONDATTR_SETCLOCK 1
| #define HAVE_DLFCN_H 1
| #define LT_OBJDIR ".libs/"
| #define HAVE_SYMBOL_VERSIONS_LINUX 2
| #define ENABLE_NLS 1
| #define HAVE_GETTEXT 1
| #define HAVE_DCGETTEXT 1
| #define HAVE__BOOL 1
| #define HAVE_STDBOOL_H 1
| #define HAVE_UINTPTR_T 1
| #define SIZEOF_SIZE_T 4
| #define HAVE_STRUCT_STAT_ST_ATIM_TV_NSEC 1
| /* end confdefs.h.  */
| #include <stddef.h>
| #ifdef HAVE_STDIO_H
| # include <stdio.h>
| #endif
| #ifdef HAVE_STDLIB_H
| # include <stdlib.h>
| #endif
| #ifdef HAVE_STRING_H
| # include <string.h>
| #endif
| #ifdef HAVE_INTTYPES_H
| # include <inttypes.h>
| #endif
| #ifdef HAVE_STDINT_H
| # include <stdint.h>
| #endif
| #ifdef HAVE_STRINGS_H
| # include <strings.h>
| #endif
| #ifdef HAVE_SYS_TYPES_H
| # include <sys/types.h>
| #endif
| #ifdef HAVE_SYS_STAT_H
| # include <sys/stat.h>
| #endif
| #ifdef HAVE_UNISTD_H
| # include <unistd.h>
| #endif
| int
| main (void)
| {
| static struct stat ac_aggr;
| if (ac_aggr.st_atimespec.tv_nsec)
| return 0;
|   ;
|   return 0;
| }
configure:19986: arm-unknown-linux-gnueabihf-gcc -c -g -O2  conftest.c >&5
conftest.c: In function 'main':
conftest.c:121:19: error: 'struct stat' has no member named 'st_atimespec'
  121 | if (sizeof ac_aggr.st_atimespec.tv_nsec)
      |                   ^
configure:19986: $? = 1
configure: failed program was:
| /* confdefs.h */
| #define PACKAGE_NAME "XZ Utils"
| #define PACKAGE_TARNAME "xz"
| #define PACKAGE_VERSION "5.6.2"
| #define PACKAGE_STRING "XZ Utils 5.6.2"
| #define PACKAGE_BUGREPORT "xz@tukaani.org"
| #define PACKAGE_URL "https://tukaani.org/xz/"
| #define NDEBUG 1
| #define HAVE_ENCODER_LZMA1 1
| #define HAVE_ENCODER_LZMA2 1
| #define HAVE_ENCODER_DELTA 1
| #define HAVE_ENCODER_X86 1
| #define HAVE_ENCODER_POWERPC 1
| #define HAVE_ENCODER_IA64 1
| #define HAVE_ENCODER_ARM 1
| #define HAVE_ENCODER_ARMTHUMB 1
| #define HAVE_ENCODER_ARM64 1
| #define HAVE_ENCODER_SPARC 1
| #define HAVE_ENCODER_RISCV 1
| #define HAVE_ENCODERS 1
| #define HAVE_DECODER_LZMA1 1
| #define HAVE_DECODER_LZMA2 1
| #define HAVE_DECODER_DELTA 1
| #define HAVE_DECODER_X86 1
| #define HAVE_DECODER_POWERPC 1
| #define HAVE_DECODER_IA64 1
| #define HAVE_DECODER_ARM 1
| #define HAVE_DECODER_ARMTHUMB 1
| #define HAVE_DECODER_ARM64 1
| #define HAVE_DECODER_SPARC 1
| #define HAVE_DECODER_RISCV 1
| #define HAVE_DECODERS 1
| #define HAVE_MF_HC3 1
| #define HAVE_MF_HC4 1
| #define HAVE_MF_BT2 1
| #define HAVE_MF_BT3 1
| #define HAVE_MF_BT4 1
| #define HAVE_CHECK_CRC32 1
| #define HAVE_CHECK_CRC64 1
| #define HAVE_CHECK_SHA256 1
| #define HAVE_LZIP_DECODER 1
| #define ASSUME_RAM 128
| #define PACKAGE "xz"
| #define VERSION "5.6.2"
| #define HAVE_STDIO_H 1
| #define HAVE_STDLIB_H 1
| #define HAVE_STRING_H 1
| #define HAVE_INTTYPES_H 1
| #define HAVE_STDINT_H 1
| #define HAVE_STRINGS_H 1
| #define HAVE_SYS_STAT_H 1
| #define HAVE_SYS_TYPES_H 1
| #define HAVE_UNISTD_H 1
| #define HAVE_WCHAR_H 1
| #define HAVE_SYS_CDEFS_H 1
| #define STDC_HEADERS 1
| #define _ALL_SOURCE 1
| #define _DARWIN_C_SOURCE 1
| #define _GNU_SOURCE 1
| #define _HPUX_ALT_XOPEN_SOCKET_API 1
| #define _NETBSD_SOURCE 1
| #define _OPENBSD_SOURCE 1
| #define _POSIX_PTHREAD_SEMANTICS 1
| #define __STDC_WANT_IEC_60559_ATTRIBS_EXT__ 1
| #define __STDC_WANT_IEC_60559_BFP_EXT__ 1
| #define __STDC_WANT_IEC_60559_DFP_EXT__ 1
| #define __STDC_WANT_IEC_60559_EXT__ 1
| #define __STDC_WANT_IEC_60559_FUNCS_EXT__ 1
| #define __STDC_WANT_IEC_60559_TYPES_EXT__ 1
| #define __STDC_WANT_LIB_EXT2__ 1
| #define __STDC_WANT_MATH_SPEC_FUNCS__ 1
| #define _TANDEM_SOURCE 1
| #define __EXTENSIONS__ 1
| #define HAVE_PTHREAD_PRIO_INHERIT 1
| #define MYTHREAD_POSIX 1
| #define HAVE_PTHREAD_CONDATTR_SETCLOCK 1
| #define HAVE_DLFCN_H 1
| #define LT_OBJDIR ".libs/"
| #define HAVE_SYMBOL_VERSIONS_LINUX 2
| #define ENABLE_NLS 1
| #define HAVE_GETTEXT 1
| #define HAVE_DCGETTEXT 1
| #define HAVE__BOOL 1
| #define HAVE_STDBOOL_H 1
| #define HAVE_UINTPTR_T 1
| #define SIZEOF_SIZE_T 4
| #define HAVE_STRUCT_STAT_ST_ATIM_TV_NSEC 1
| /* end confdefs.h.  */
| #include <stddef.h>
| #ifdef HAVE_STDIO_H
| # include <stdio.h>
| #endif
| #ifdef HAVE_STDLIB_H
| # include <stdlib.h>
| #endif
| #ifdef HAVE_STRING_H
| # include <string.h>
| #endif
| #ifdef HAVE_INTTYPES_H
| # include <inttypes.h>
| #endif
| #ifdef HAVE_STDINT_H
| # include <stdint.h>
| #endif
| #ifdef HAVE_STRINGS_H
| # include <strings.h>
| #endif
| #ifdef HAVE_SYS_TYPES_H
| # include <sys/types.h>
| #endif
| #ifdef HAVE_SYS_STAT_H
| # include <sys/stat.h>
| #endif
| #ifdef HAVE_UNISTD_H
| # include <unistd.h>
| #endif
| int
| main (void)
| {
| static struct stat ac_aggr;
| if (sizeof ac_aggr.st_atimespec.tv_nsec)
| return 0;
|   ;
|   return 0;
| }
configure:19986: result: no
configure:19994: checking for struct stat.st_atimensec
configure:19994: arm-unknown-linux-gnueabihf-gcc -c -g -O2  conftest.c >&5
conftest.c: In function 'main':
conftest.c:121:12: error: 'struct stat' has no member named 'st_atimensec'
  121 | if (ac_aggr.st_atimensec)
      |            ^
configure:19994: $? = 1
configure: failed program was:
| /* confdefs.h */
| #define PACKAGE_NAME "XZ Utils"
| #define PACKAGE_TARNAME "xz"
| #define PACKAGE_VERSION "5.6.2"
| #define PACKAGE_STRING "XZ Utils 5.6.2"
| #define PACKAGE_BUGREPORT "xz@tukaani.org"
| #define PACKAGE_URL "https://tukaani.org/xz/"
| #define NDEBUG 1
| #define HAVE_ENCODER_LZMA1 1
| #define HAVE_ENCODER_LZMA2 1
| #define HAVE_ENCODER_DELTA 1
| #define HAVE_ENCODER_X86 1
| #define HAVE_ENCODER_POWERPC 1
| #define HAVE_ENCODER_IA64 1
| #define HAVE_ENCODER_ARM 1
| #define HAVE_ENCODER_ARMTHUMB 1
| #define HAVE_ENCODER_ARM64 1
| #define HAVE_ENCODER_SPARC 1
| #define HAVE_ENCODER_RISCV 1
| #define HAVE_ENCODERS 1
| #define HAVE_DECODER_LZMA1 1
| #define HAVE_DECODER_LZMA2 1
| #define HAVE_DECODER_DELTA 1
| #define HAVE_DECODER_X86 1
| #define HAVE_DECODER_POWERPC 1
| #define HAVE_DECODER_IA64 1
| #define HAVE_DECODER_ARM 1
| #define HAVE_DECODER_ARMTHUMB 1
| #define HAVE_DECODER_ARM64 1
| #define HAVE_DECODER_SPARC 1
| #define HAVE_DECODER_RISCV 1
| #define HAVE_DECODERS 1
| #define HAVE_MF_HC3 1
| #define HAVE_MF_HC4 1
| #define HAVE_MF_BT2 1
| #define HAVE_MF_BT3 1
| #define HAVE_MF_BT4 1
| #define HAVE_CHECK_CRC32 1
| #define HAVE_CHECK_CRC64 1
| #define HAVE_CHECK_SHA256 1
| #define HAVE_LZIP_DECODER 1
| #define ASSUME_RAM 128
| #define PACKAGE "xz"
| #define VERSION "5.6.2"
| #define HAVE_STDIO_H 1
| #define HAVE_STDLIB_H 1
| #define HAVE_STRING_H 1
| #define HAVE_INTTYPES_H 1
| #define HAVE_STDINT_H 1
| #define HAVE_STRINGS_H 1
| #define HAVE_SYS_STAT_H 1
| #define HAVE_SYS_TYPES_H 1
| #define HAVE_UNISTD_H 1
| #define HAVE_WCHAR_H 1
| #define HAVE_SYS_CDEFS_H 1
| #define STDC_HEADERS 1
| #define _ALL_SOURCE 1
| #define _DARWIN_C_SOURCE 1
| #define _GNU_SOURCE 1
| #define _HPUX_ALT_XOPEN_SOCKET_API 1
| #define _NETBSD_SOURCE 1
| #define _OPENBSD_SOURCE 1
| #define _POSIX_PTHREAD_SEMANTICS 1
| #define __STDC_WANT_IEC_60559_ATTRIBS_EXT__ 1
| #define __STDC_WANT_IEC_60559_BFP_EXT__ 1
| #define __STDC_WANT_IEC_60559_DFP_EXT__ 1
| #define __STDC_WANT_IEC_60559_EXT__ 1
| #define __STDC_WANT_IEC_60559_FUNCS_EXT__ 1
| #define __STDC_WANT_IEC_60559_TYPES_EXT__ 1
| #define __STDC_WANT_LIB_EXT2__ 1
| #define __STDC_WANT_MATH_SPEC_FUNCS__ 1
| #define _TANDEM_SOURCE 1
| #define __EXTENSIONS__ 1
| #define HAVE_PTHREAD_PRIO_INHERIT 1
| #define MYTHREAD_POSIX 1
| #define HAVE_PTHREAD_CONDATTR_SETCLOCK 1
| #define HAVE_DLFCN_H 1
| #define LT_OBJDIR ".libs/"
| #define HAVE_SYMBOL_VERSIONS_LINUX 2
| #define ENABLE_NLS 1
| #define HAVE_GETTEXT 1
| #define HAVE_DCGETTEXT 1
| #define HAVE__BOOL 1
| #define HAVE_STDBOOL_H 1
| #define HAVE_UINTPTR_T 1
| #define SIZEOF_SIZE_T 4
| #define HAVE_STRUCT_STAT_ST_ATIM_TV_NSEC 1
| /* end confdefs.h.  */
| #include <stddef.h>
| #ifdef HAVE_STDIO_H
| # include <stdio.h>
| #endif
| #ifdef HAVE_STDLIB_H
| # include <stdlib.h>
| #endif
| #ifdef HAVE_STRING_H
| # include <string.h>
| #endif
| #ifdef HAVE_INTTYPES_H
| # include <inttypes.h>
| #endif
| #ifdef HAVE_STDINT_H
| # include <stdint.h>
| #endif
| #ifdef HAVE_STRINGS_H
| # include <strings.h>
| #endif
| #ifdef HAVE_SYS_TYPES_H
| # include <sys/types.h>
| #endif
| #ifdef HAVE_SYS_STAT_H
| # include <sys/stat.h>
| #endif
| #ifdef HAVE_UNISTD_H
| # include <unistd.h>
| #endif
| int
| main (void)
| {
| static struct stat ac_aggr;
| if (ac_aggr.st_atimensec)
| return 0;
|   ;
|   return 0;
| }
configure:19994: arm-unknown-linux-gnueabihf-gcc -c -g -O2  conftest.c >&5
conftest.c: In function 'main':
conftest.c:121:19: error: 'struct stat' has no member named 'st_atimensec'
  121 | if (sizeof ac_aggr.st_atimensec)
      |                   ^
configure:19994: $? = 1
configure: failed program was:
| /* confdefs.h */
| #define PACKAGE_NAME "XZ Utils"
| #define PACKAGE_TARNAME "xz"
| #define PACKAGE_VERSION "5.6.2"
| #define PACKAGE_STRING "XZ Utils 5.6.2"
| #define PACKAGE_BUGREPORT "xz@tukaani.org"
| #define PACKAGE_URL "https://tukaani.org/xz/"
| #define NDEBUG 1
| #define HAVE_ENCODER_LZMA1 1
| #define HAVE_ENCODER_LZMA2 1
| #define HAVE_ENCODER_DELTA 1
| #define HAVE_ENCODER_X86 1
| #define HAVE_ENCODER_POWERPC 1
| #define HAVE_ENCODER_IA64 1
| #define HAVE_ENCODER_ARM 1
| #define HAVE_ENCODER_ARMTHUMB 1
| #define HAVE_ENCODER_ARM64 1
| #define HAVE_ENCODER_SPARC 1
| #define HAVE_ENCODER_RISCV 1
| #define HAVE_ENCODERS 1
| #define HAVE_DECODER_LZMA1 1
| #define HAVE_DECODER_LZMA2 1
| #define HAVE_DECODER_DELTA 1
| #define HAVE_DECODER_X86 1
| #define HAVE_DECODER_POWERPC 1
| #define HAVE_DECODER_IA64 1
| #define HAVE_DECODER_ARM 1
| #define HAVE_DECODER_ARMTHUMB 1
| #define HAVE_DECODER_ARM64 1
| #define HAVE_DECODER_SPARC 1
| #define HAVE_DECODER_RISCV 1
| #define HAVE_DECODERS 1
| #define HAVE_MF_HC3 1
| #define HAVE_MF_HC4 1
| #define HAVE_MF_BT2 1
| #define HAVE_MF_BT3 1
| #define HAVE_MF_BT4 1
| #define HAVE_CHECK_CRC32 1
| #define HAVE_CHECK_CRC64 1
| #define HAVE_CHECK_SHA256 1
| #define HAVE_LZIP_DECODER 1
| #define ASSUME_RAM 128
| #define PACKAGE "xz"
| #define VERSION "5.6.2"
| #define HAVE_STDIO_H 1
| #define HAVE_STDLIB_H 1
| #define HAVE_STRING_H 1
| #define HAVE_INTTYPES_H 1
| #define HAVE_STDINT_H 1
| #define HAVE_STRINGS_H 1
| #define HAVE_SYS_STAT_H 1
| #define HAVE_SYS_TYPES_H 1
| #define HAVE_UNISTD_H 1
| #define HAVE_WCHAR_H 1
| #define HAVE_SYS_CDEFS_H 1
| #define STDC_HEADERS 1
| #define _ALL_SOURCE 1
| #define _DARWIN_C_SOURCE 1
| #define _GNU_SOURCE 1
| #define _HPUX_ALT_XOPEN_SOCKET_API 1
| #define _NETBSD_SOURCE 1
| #define _OPENBSD_SOURCE 1
| #define _POSIX_PTHREAD_SEMANTICS 1
| #define __STDC_WANT_IEC_60559_ATTRIBS_EXT__ 1
| #define __STDC_WANT_IEC_60559_BFP_EXT__ 1
| #define __STDC_WANT_IEC_60559_DFP_EXT__ 1
| #define __STDC_WANT_IEC_60559_EXT__ 1
| #define __STDC_WANT_IEC_60559_FUNCS_EXT__ 1
| #define __STDC_WANT_IEC_60559_TYPES_EXT__ 1
| #define __STDC_WANT_LIB_EXT2__ 1
| #define __STDC_WANT_MATH_SPEC_FUNCS__ 1
| #define _TANDEM_SOURCE 1
| #define __EXTENSIONS__ 1
| #define HAVE_PTHREAD_PRIO_INHERIT 1
| #define MYTHREAD_POSIX 1
| #define HAVE_PTHREAD_CONDATTR_SETCLOCK 1
| #define HAVE_DLFCN_H 1
| #define LT_OBJDIR ".libs/"
| #define HAVE_SYMBOL_VERSIONS_LINUX 2
| #define ENABLE_NLS 1
| #define HAVE_GETTEXT 1
| #define HAVE_DCGETTEXT 1
| #define HAVE__BOOL 1
| #define HAVE_STDBOOL_H 1
| #define HAVE_UINTPTR_T 1
| #define SIZEOF_SIZE_T 4
| #define HAVE_STRUCT_STAT_ST_ATIM_TV_NSEC 1
| /* end confdefs.h.  */
| #include <stddef.h>
| #ifdef HAVE_STDIO_H
| # include <stdio.h>
| #endif
| #ifdef HAVE_STDLIB_H
| # include <stdlib.h>
| #endif
| #ifdef HAVE_STRING_H
| # include <string.h>
| #endif
| #ifdef HAVE_INTTYPES_H
| # include <inttypes.h>
| #endif
| #ifdef HAVE_STDINT_H
| # include <stdint.h>
| #endif
| #ifdef HAVE_STRINGS_H
| # include <strings.h>
| #endif
| #ifdef HAVE_SYS_TYPES_H
| # include <sys/types.h>
| #endif
| #ifdef HAVE_SYS_STAT_H
| # include <sys/stat.h>
| #endif
| #ifdef HAVE_UNISTD_H
| # include <unistd.h>
| #endif
| int
| main (void)
| {
| static struct stat ac_aggr;
| if (sizeof ac_aggr.st_atimensec)
| return 0;
|   ;
|   return 0;
| }
configure:19994: result: no
configure:20002: checking for struct stat.st_uatime
configure:20002: arm-unknown-linux-gnueabihf-gcc -c -g -O2  conftest.c >&5
conftest.c: In function 'main':
conftest.c:121:13: error: 'struct stat' has no member named 'st_uatime'; did you mean 'st_atim'?
  121 | if (ac_aggr.st_uatime)
      |             ^~~~~~~~~
      |             st_atim
configure:20002: $? = 1
configure: failed program was:
| /* confdefs.h */
| #define PACKAGE_NAME "XZ Utils"
| #define PACKAGE_TARNAME "xz"
| #define PACKAGE_VERSION "5.6.2"
| #define PACKAGE_STRING "XZ Utils 5.6.2"
| #define PACKAGE_BUGREPORT "xz@tukaani.org"
| #define PACKAGE_URL "https://tukaani.org/xz/"
| #define NDEBUG 1
| #define HAVE_ENCODER_LZMA1 1
| #define HAVE_ENCODER_LZMA2 1
| #define HAVE_ENCODER_DELTA 1
| #define HAVE_ENCODER_X86 1
| #define HAVE_ENCODER_POWERPC 1
| #define HAVE_ENCODER_IA64 1
| #define HAVE_ENCODER_ARM 1
| #define HAVE_ENCODER_ARMTHUMB 1
| #define HAVE_ENCODER_ARM64 1
| #define HAVE_ENCODER_SPARC 1
| #define HAVE_ENCODER_RISCV 1
| #define HAVE_ENCODERS 1
| #define HAVE_DECODER_LZMA1 1
| #define HAVE_DECODER_LZMA2 1
| #define HAVE_DECODER_DELTA 1
| #define HAVE_DECODER_X86 1
| #define HAVE_DECODER_POWERPC 1
| #define HAVE_DECODER_IA64 1
| #define HAVE_DECODER_ARM 1
| #define HAVE_DECODER_ARMTHUMB 1
| #define HAVE_DECODER_ARM64 1
| #define HAVE_DECODER_SPARC 1
| #define HAVE_DECODER_RISCV 1
| #define HAVE_DECODERS 1
| #define HAVE_MF_HC3 1
| #define HAVE_MF_HC4 1
| #define HAVE_MF_BT2 1
| #define HAVE_MF_BT3 1
| #define HAVE_MF_BT4 1
| #define HAVE_CHECK_CRC32 1
| #define HAVE_CHECK_CRC64 1
| #define HAVE_CHECK_SHA256 1
| #define HAVE_LZIP_DECODER 1
| #define ASSUME_RAM 128
| #define PACKAGE "xz"
| #define VERSION "5.6.2"
| #define HAVE_STDIO_H 1
| #define HAVE_STDLIB_H 1
| #define HAVE_STRING_H 1
| #define HAVE_INTTYPES_H 1
| #define HAVE_STDINT_H 1
| #define HAVE_STRINGS_H 1
| #define HAVE_SYS_STAT_H 1
| #define HAVE_SYS_TYPES_H 1
| #define HAVE_UNISTD_H 1
| #define HAVE_WCHAR_H 1
| #define HAVE_SYS_CDEFS_H 1
| #define STDC_HEADERS 1
| #define _ALL_SOURCE 1
| #define _DARWIN_C_SOURCE 1
| #define _GNU_SOURCE 1
| #define _HPUX_ALT_XOPEN_SOCKET_API 1
| #define _NETBSD_SOURCE 1
| #define _OPENBSD_SOURCE 1
| #define _POSIX_PTHREAD_SEMANTICS 1
| #define __STDC_WANT_IEC_60559_ATTRIBS_EXT__ 1
| #define __STDC_WANT_IEC_60559_BFP_EXT__ 1
| #define __STDC_WANT_IEC_60559_DFP_EXT__ 1
| #define __STDC_WANT_IEC_60559_EXT__ 1
| #define __STDC_WANT_IEC_60559_FUNCS_EXT__ 1
| #define __STDC_WANT_IEC_60559_TYPES_EXT__ 1
| #define __STDC_WANT_LIB_EXT2__ 1
| #define __STDC_WANT_MATH_SPEC_FUNCS__ 1
| #define _TANDEM_SOURCE 1
| #define __EXTENSIONS__ 1
| #define HAVE_PTHREAD_PRIO_INHERIT 1
| #define MYTHREAD_POSIX 1
| #define HAVE_PTHREAD_CONDATTR_SETCLOCK 1
| #define HAVE_DLFCN_H 1
| #define LT_OBJDIR ".libs/"
| #define HAVE_SYMBOL_VERSIONS_LINUX 2
| #define ENABLE_NLS 1
| #define HAVE_GETTEXT 1
| #define HAVE_DCGETTEXT 1
| #define HAVE__BOOL 1
| #define HAVE_STDBOOL_H 1
| #define HAVE_UINTPTR_T 1
| #define SIZEOF_SIZE_T 4
| #define HAVE_STRUCT_STAT_ST_ATIM_TV_NSEC 1
| /* end confdefs.h.  */
| #include <stddef.h>
| #ifdef HAVE_STDIO_H
| # include <stdio.h>
| #endif
| #ifdef HAVE_STDLIB_H
| # include <stdlib.h>
| #endif
| #ifdef HAVE_STRING_H
| # include <string.h>
| #endif
| #ifdef HAVE_INTTYPES_H
| # include <inttypes.h>
| #endif
| #ifdef HAVE_STDINT_H
| # include <stdint.h>
| #endif
| #ifdef HAVE_STRINGS_H
| # include <strings.h>
| #endif
| #ifdef HAVE_SYS_TYPES_H
| # include <sys/types.h>
| #endif
| #ifdef HAVE_SYS_STAT_H
| # include <sys/stat.h>
| #endif
| #ifdef HAVE_UNISTD_H
| # include <unistd.h>
| #endif
| int
| main (void)
| {
| static struct stat ac_aggr;
| if (ac_aggr.st_uatime)
| return 0;
|   ;
|   return 0;
| }
configure:20002: arm-unknown-linux-gnueabihf-gcc -c -g -O2  conftest.c >&5
conftest.c: In function 'main':
conftest.c:121:20: error: 'struct stat' has no member named 'st_uatime'; did you mean 'st_atim'?
  121 | if (sizeof ac_aggr.st_uatime)
      |                    ^~~~~~~~~
      |                    st_atim
configure:20002: $? = 1
configure: failed program was:
| /* confdefs.h */
| #define PACKAGE_NAME "XZ Utils"
| #define PACKAGE_TARNAME "xz"
| #define PACKAGE_VERSION "5.6.2"
| #define PACKAGE_STRING "XZ Utils 5.6.2"
| #define PACKAGE_BUGREPORT "xz@tukaani.org"
| #define PACKAGE_URL "https://tukaani.org/xz/"
| #define NDEBUG 1
| #define HAVE_ENCODER_LZMA1 1
| #define HAVE_ENCODER_LZMA2 1
| #define HAVE_ENCODER_DELTA 1
| #define HAVE_ENCODER_X86 1
| #define HAVE_ENCODER_POWERPC 1
| #define HAVE_ENCODER_IA64 1
| #define HAVE_ENCODER_ARM 1
| #define HAVE_ENCODER_ARMTHUMB 1
| #define HAVE_ENCODER_ARM64 1
| #define HAVE_ENCODER_SPARC 1
| #define HAVE_ENCODER_RISCV 1
| #define HAVE_ENCODERS 1
| #define HAVE_DECODER_LZMA1 1
| #define HAVE_DECODER_LZMA2 1
| #define HAVE_DECODER_DELTA 1
| #define HAVE_DECODER_X86 1
| #define HAVE_DECODER_POWERPC 1
| #define HAVE_DECODER_IA64 1
| #define HAVE_DECODER_ARM 1
| #define HAVE_DECODER_ARMTHUMB 1
| #define HAVE_DECODER_ARM64 1
| #define HAVE_DECODER_SPARC 1
| #define HAVE_DECODER_RISCV 1
| #define HAVE_DECODERS 1
| #define HAVE_MF_HC3 1
| #define HAVE_MF_HC4 1
| #define HAVE_MF_BT2 1
| #define HAVE_MF_BT3 1
| #define HAVE_MF_BT4 1
| #define HAVE_CHECK_CRC32 1
| #define HAVE_CHECK_CRC64 1
| #define HAVE_CHECK_SHA256 1
| #define HAVE_LZIP_DECODER 1
| #define ASSUME_RAM 128
| #define PACKAGE "xz"
| #define VERSION "5.6.2"
| #define HAVE_STDIO_H 1
| #define HAVE_STDLIB_H 1
| #define HAVE_STRING_H 1
| #define HAVE_INTTYPES_H 1
| #define HAVE_STDINT_H 1
| #define HAVE_STRINGS_H 1
| #define HAVE_SYS_STAT_H 1
| #define HAVE_SYS_TYPES_H 1
| #define HAVE_UNISTD_H 1
| #define HAVE_WCHAR_H 1
| #define HAVE_SYS_CDEFS_H 1
| #define STDC_HEADERS 1
| #define _ALL_SOURCE 1
| #define _DARWIN_C_SOURCE 1
| #define _GNU_SOURCE 1
| #define _HPUX_ALT_XOPEN_SOCKET_API 1
| #define _NETBSD_SOURCE 1
| #define _OPENBSD_SOURCE 1
| #define _POSIX_PTHREAD_SEMANTICS 1
| #define __STDC_WANT_IEC_60559_ATTRIBS_EXT__ 1
| #define __STDC_WANT_IEC_60559_BFP_EXT__ 1
| #define __STDC_WANT_IEC_60559_DFP_EXT__ 1
| #define __STDC_WANT_IEC_60559_EXT__ 1
| #define __STDC_WANT_IEC_60559_FUNCS_EXT__ 1
| #define __STDC_WANT_IEC_60559_TYPES_EXT__ 1
| #define __STDC_WANT_LIB_EXT2__ 1
| #define __STDC_WANT_MATH_SPEC_FUNCS__ 1
| #define _TANDEM_SOURCE 1
| #define __EXTENSIONS__ 1
| #define HAVE_PTHREAD_PRIO_INHERIT 1
| #define MYTHREAD_POSIX 1
| #define HAVE_PTHREAD_CONDATTR_SETCLOCK 1
| #define HAVE_DLFCN_H 1
| #define LT_OBJDIR ".libs/"
| #define HAVE_SYMBOL_VERSIONS_LINUX 2
| #define ENABLE_NLS 1
| #define HAVE_GETTEXT 1
| #define HAVE_DCGETTEXT 1
| #define HAVE__BOOL 1
| #define HAVE_STDBOOL_H 1
| #define HAVE_UINTPTR_T 1
| #define SIZEOF_SIZE_T 4
| #define HAVE_STRUCT_STAT_ST_ATIM_TV_NSEC 1
| /* end confdefs.h.  */
| #include <stddef.h>
| #ifdef HAVE_STDIO_H
| # include <stdio.h>
| #endif
| #ifdef HAVE_STDLIB_H
| # include <stdlib.h>
| #endif
| #ifdef HAVE_STRING_H
| # include <string.h>
| #endif
| #ifdef HAVE_INTTYPES_H
| # include <inttypes.h>
| #endif
| #ifdef HAVE_STDINT_H
| # include <stdint.h>
| #endif
| #ifdef HAVE_STRINGS_H
| # include <strings.h>
| #endif
| #ifdef HAVE_SYS_TYPES_H
| # include <sys/types.h>
| #endif
| #ifdef HAVE_SYS_STAT_H
| # include <sys/stat.h>
| #endif
| #ifdef HAVE_UNISTD_H
| # include <unistd.h>
| #endif
| int
| main (void)
| {
| static struct stat ac_aggr;
| if (sizeof ac_aggr.st_uatime)
| return 0;
|   ;
|   return 0;
| }
configure:20002: result: no
configure:20010: checking for struct stat.st_atim.st__tim.tv_nsec
configure:20010: arm-unknown-linux-gnueabihf-gcc -c -g -O2  conftest.c >&5
conftest.c: In function 'main':
conftest.c:121:20: error: 'struct timespec' has no member named 'st__tim'
  121 | if (ac_aggr.st_atim.st__tim.tv_nsec)
      |                    ^
configure:20010: $? = 1
configure: failed program was:
| /* confdefs.h */
| #define PACKAGE_NAME "XZ Utils"
| #define PACKAGE_TARNAME "xz"
| #define PACKAGE_VERSION "5.6.2"
| #define PACKAGE_STRING "XZ Utils 5.6.2"
| #define PACKAGE_BUGREPORT "xz@tukaani.org"
| #define PACKAGE_URL "https://tukaani.org/xz/"
| #define NDEBUG 1
| #define HAVE_ENCODER_LZMA1 1
| #define HAVE_ENCODER_LZMA2 1
| #define HAVE_ENCODER_DELTA 1
| #define HAVE_ENCODER_X86 1
| #define HAVE_ENCODER_POWERPC 1
| #define HAVE_ENCODER_IA64 1
| #define HAVE_ENCODER_ARM 1
| #define HAVE_ENCODER_ARMTHUMB 1
| #define HAVE_ENCODER_ARM64 1
| #define HAVE_ENCODER_SPARC 1
| #define HAVE_ENCODER_RISCV 1
| #define HAVE_ENCODERS 1
| #define HAVE_DECODER_LZMA1 1
| #define HAVE_DECODER_LZMA2 1
| #define HAVE_DECODER_DELTA 1
| #define HAVE_DECODER_X86 1
| #define HAVE_DECODER_POWERPC 1
| #define HAVE_DECODER_IA64 1
| #define HAVE_DECODER_ARM 1
| #define HAVE_DECODER_ARMTHUMB 1
| #define HAVE_DECODER_ARM64 1
| #define HAVE_DECODER_SPARC 1
| #define HAVE_DECODER_RISCV 1
| #define HAVE_DECODERS 1
| #define HAVE_MF_HC3 1
| #define HAVE_MF_HC4 1
| #define HAVE_MF_BT2 1
| #define HAVE_MF_BT3 1
| #define HAVE_MF_BT4 1
| #define HAVE_CHECK_CRC32 1
| #define HAVE_CHECK_CRC64 1
| #define HAVE_CHECK_SHA256 1
| #define HAVE_LZIP_DECODER 1
| #define ASSUME_RAM 128
| #define PACKAGE "xz"
| #define VERSION "5.6.2"
| #define HAVE_STDIO_H 1
| #define HAVE_STDLIB_H 1
| #define HAVE_STRING_H 1
| #define HAVE_INTTYPES_H 1
| #define HAVE_STDINT_H 1
| #define HAVE_STRINGS_H 1
| #define HAVE_SYS_STAT_H 1
| #define HAVE_SYS_TYPES_H 1
| #define HAVE_UNISTD_H 1
| #define HAVE_WCHAR_H 1
| #define HAVE_SYS_CDEFS_H 1
| #define STDC_HEADERS 1
| #define _ALL_SOURCE 1
| #define _DARWIN_C_SOURCE 1
| #define _GNU_SOURCE 1
| #define _HPUX_ALT_XOPEN_SOCKET_API 1
| #define _NETBSD_SOURCE 1
| #define _OPENBSD_SOURCE 1
| #define _POSIX_PTHREAD_SEMANTICS 1
| #define __STDC_WANT_IEC_60559_ATTRIBS_EXT__ 1
| #define __STDC_WANT_IEC_60559_BFP_EXT__ 1
| #define __STDC_WANT_IEC_60559_DFP_EXT__ 1
| #define __STDC_WANT_IEC_60559_EXT__ 1
| #define __STDC_WANT_IEC_60559_FUNCS_EXT__ 1
| #define __STDC_WANT_IEC_60559_TYPES_EXT__ 1
| #define __STDC_WANT_LIB_EXT2__ 1
| #define __STDC_WANT_MATH_SPEC_FUNCS__ 1
| #define _TANDEM_SOURCE 1
| #define __EXTENSIONS__ 1
| #define HAVE_PTHREAD_PRIO_INHERIT 1
| #define MYTHREAD_POSIX 1
| #define HAVE_PTHREAD_CONDATTR_SETCLOCK 1
| #define HAVE_DLFCN_H 1
| #define LT_OBJDIR ".libs/"
| #define HAVE_SYMBOL_VERSIONS_LINUX 2
| #define ENABLE_NLS 1
| #define HAVE_GETTEXT 1
| #define HAVE_DCGETTEXT 1
| #define HAVE__BOOL 1
| #define HAVE_STDBOOL_H 1
| #define HAVE_UINTPTR_T 1
| #define SIZEOF_SIZE_T 4
| #define HAVE_STRUCT_STAT_ST_ATIM_TV_NSEC 1
| /* end confdefs.h.  */
| #include <stddef.h>
| #ifdef HAVE_STDIO_H
| # include <stdio.h>
| #endif
| #ifdef HAVE_STDLIB_H
| # include <stdlib.h>
| #endif
| #ifdef HAVE_STRING_H
| # include <string.h>
| #endif
| #ifdef HAVE_INTTYPES_H
| # include <inttypes.h>
| #endif
| #ifdef HAVE_STDINT_H
| # include <stdint.h>
| #endif
| #ifdef HAVE_STRINGS_H
| # include <strings.h>
| #endif
| #ifdef HAVE_SYS_TYPES_H
| # include <sys/types.h>
| #endif
| #ifdef HAVE_SYS_STAT_H
| # include <sys/stat.h>
| #endif
| #ifdef HAVE_UNISTD_H
| # include <unistd.h>
| #endif
| int
| main (void)
| {
| static struct stat ac_aggr;
| if (ac_aggr.st_atim.st__tim.tv_nsec)
| return 0;
|   ;
|   return 0;
| }
configure:20010: arm-unknown-linux-gnueabihf-gcc -c -g -O2  conftest.c >&5
conftest.c: In function 'main':
conftest.c:121:27: error: 'struct timespec' has no member named 'st__tim'
  121 | if (sizeof ac_aggr.st_atim.st__tim.tv_nsec)
      |                           ^
configure:20010: $? = 1
configure: failed program was:
| /* confdefs.h */
| #define PACKAGE_NAME "XZ Utils"
| #define PACKAGE_TARNAME "xz"
| #define PACKAGE_VERSION "5.6.2"
| #define PACKAGE_STRING "XZ Utils 5.6.2"
| #define PACKAGE_BUGREPORT "xz@tukaani.org"
| #define PACKAGE_URL "https://tukaani.org/xz/"
| #define NDEBUG 1
| #define HAVE_ENCODER_LZMA1 1
| #define HAVE_ENCODER_LZMA2 1
| #define HAVE_ENCODER_DELTA 1
| #define HAVE_ENCODER_X86 1
| #define HAVE_ENCODER_POWERPC 1
| #define HAVE_ENCODER_IA64 1
| #define HAVE_ENCODER_ARM 1
| #define HAVE_ENCODER_ARMTHUMB 1
| #define HAVE_ENCODER_ARM64 1
| #define HAVE_ENCODER_SPARC 1
| #define HAVE_ENCODER_RISCV 1
| #define HAVE_ENCODERS 1
| #define HAVE_DECODER_LZMA1 1
| #define HAVE_DECODER_LZMA2 1
| #define HAVE_DECODER_DELTA 1
| #define HAVE_DECODER_X86 1
| #define HAVE_DECODER_POWERPC 1
| #define HAVE_DECODER_IA64 1
| #define HAVE_DECODER_ARM 1
| #define HAVE_DECODER_ARMTHUMB 1
| #define HAVE_DECODER_ARM64 1
| #define HAVE_DECODER_SPARC 1
| #define HAVE_DECODER_RISCV 1
| #define HAVE_DECODERS 1
| #define HAVE_MF_HC3 1
| #define HAVE_MF_HC4 1
| #define HAVE_MF_BT2 1
| #define HAVE_MF_BT3 1
| #define HAVE_MF_BT4 1
| #define HAVE_CHECK_CRC32 1
| #define HAVE_CHECK_CRC64 1
| #define HAVE_CHECK_SHA256 1
| #define HAVE_LZIP_DECODER 1
| #define ASSUME_RAM 128
| #define PACKAGE "xz"
| #define VERSION "5.6.2"
| #define HAVE_STDIO_H 1
| #define HAVE_STDLIB_H 1
| #define HAVE_STRING_H 1
| #define HAVE_INTTYPES_H 1
| #define HAVE_STDINT_H 1
| #define HAVE_STRINGS_H 1
| #define HAVE_SYS_STAT_H 1
| #define HAVE_SYS_TYPES_H 1
| #define HAVE_UNISTD_H 1
| #define HAVE_WCHAR_H 1
| #define HAVE_SYS_CDEFS_H 1
| #define STDC_HEADERS 1
| #define _ALL_SOURCE 1
| #define _DARWIN_C_SOURCE 1
| #define _GNU_SOURCE 1
| #define _HPUX_ALT_XOPEN_SOCKET_API 1
| #define _NETBSD_SOURCE 1
| #define _OPENBSD_SOURCE 1
| #define _POSIX_PTHREAD_SEMANTICS 1
| #define __STDC_WANT_IEC_60559_ATTRIBS_EXT__ 1
| #define __STDC_WANT_IEC_60559_BFP_EXT__ 1
| #define __STDC_WANT_IEC_60559_DFP_EXT__ 1
| #define __STDC_WANT_IEC_60559_EXT__ 1
| #define __STDC_WANT_IEC_60559_FUNCS_EXT__ 1
| #define __STDC_WANT_IEC_60559_TYPES_EXT__ 1
| #define __STDC_WANT_LIB_EXT2__ 1
| #define __STDC_WANT_MATH_SPEC_FUNCS__ 1
| #define _TANDEM_SOURCE 1
| #define __EXTENSIONS__ 1
| #define HAVE_PTHREAD_PRIO_INHERIT 1
| #define MYTHREAD_POSIX 1
| #define HAVE_PTHREAD_CONDATTR_SETCLOCK 1
| #define HAVE_DLFCN_H 1
| #define LT_OBJDIR ".libs/"
| #define HAVE_SYMBOL_VERSIONS_LINUX 2
| #define ENABLE_NLS 1
| #define HAVE_GETTEXT 1
| #define HAVE_DCGETTEXT 1
| #define HAVE__BOOL 1
| #define HAVE_STDBOOL_H 1
| #define HAVE_UINTPTR_T 1
| #define SIZEOF_SIZE_T 4
| #define HAVE_STRUCT_STAT_ST_ATIM_TV_NSEC 1
| /* end confdefs.h.  */
| #include <stddef.h>
| #ifdef HAVE_STDIO_H
| # include <stdio.h>
| #endif
| #ifdef HAVE_STDLIB_H
| # include <stdlib.h>
| #endif
| #ifdef HAVE_STRING_H
| # include <string.h>
| #endif
| #ifdef HAVE_INTTYPES_H
| # include <inttypes.h>
| #endif
| #ifdef HAVE_STDINT_H
| # include <stdint.h>
| #endif
| #ifdef HAVE_STRINGS_H
| # include <strings.h>
| #endif
| #ifdef HAVE_SYS_TYPES_H
| # include <sys/types.h>
| #endif
| #ifdef HAVE_SYS_STAT_H
| # include <sys/stat.h>
| #endif
| #ifdef HAVE_UNISTD_H
| # include <unistd.h>
| #endif
| int
| main (void)
| {
| static struct stat ac_aggr;
| if (sizeof ac_aggr.st_atim.st__tim.tv_nsec)
| return 0;
|   ;
|   return 0;
| }
configure:20010: result: no
configure:20027: checking for arm-unknown-linux-gnueabihf-gcc option to enable large file support
configure:20062: arm-unknown-linux-gnueabihf-gcc -c -g -O2  conftest.c >&5
conftest.c:97:39: warning: result of '-2147483648 << 31' requires 63 bits to represent, but 'long int' only has 32 bits [-Wshift-overflow=]
   97 | #define LARGE_FTYPE (((FTYPE) 1 << 31 << 31) - 1 + ((FTYPE) 1 << 31 << 31))
      |                                       ^~
conftest.c:98:23: note: in expansion of macro 'LARGE_FTYPE'
   98 |   int FTYPE_is_large[(LARGE_FTYPE % 2147483629 == 721
      |                       ^~~~~~~~~~~
conftest.c:97:69: warning: result of '-2147483648 << 31' requires 63 bits to represent, but 'long int' only has 32 bits [-Wshift-overflow=]
   97 | #define LARGE_FTYPE (((FTYPE) 1 << 31 << 31) - 1 + ((FTYPE) 1 << 31 << 31))
      |                                                                     ^~
conftest.c:98:23: note: in expansion of macro 'LARGE_FTYPE'
   98 |   int FTYPE_is_large[(LARGE_FTYPE % 2147483629 == 721
      |                       ^~~~~~~~~~~
conftest.c:97:39: warning: result of '-2147483648 << 31' requires 63 bits to represent, but 'long int' only has 32 bits [-Wshift-overflow=]
   97 | #define LARGE_FTYPE (((FTYPE) 1 << 31 << 31) - 1 + ((FTYPE) 1 << 31 << 31))
      |                                       ^~
conftest.c:99:13: note: in expansion of macro 'LARGE_FTYPE'
   99 |          && LARGE_FTYPE % 2147483647 == 1)
      |             ^~~~~~~~~~~
conftest.c:97:69: warning: result of '-2147483648 << 31' requires 63 bits to represent, but 'long int' only has 32 bits [-Wshift-overflow=]
   97 | #define LARGE_FTYPE (((FTYPE) 1 << 31 << 31) - 1 + ((FTYPE) 1 << 31 << 31))
      |                                                                     ^~
conftest.c:99:13: note: in expansion of macro 'LARGE_FTYPE'
   99 |          && LARGE_FTYPE % 2147483647 == 1)
      |             ^~~~~~~~~~~
conftest.c:98:7: error: variably modified 'FTYPE_is_large' at file scope
   98 |   int FTYPE_is_large[(LARGE_FTYPE % 2147483629 == 721
      |       ^~~~~~~~~~~~~~
configure:20062: $? = 1
configure: failed program was:
| /* confdefs.h */
| #define PACKAGE_NAME "XZ Utils"
| #define PACKAGE_TARNAME "xz"
| #define PACKAGE_VERSION "5.6.2"
| #define PACKAGE_STRING "XZ Utils 5.6.2"
| #define PACKAGE_BUGREPORT "xz@tukaani.org"
| #define PACKAGE_URL "https://tukaani.org/xz/"
| #define NDEBUG 1
| #define HAVE_ENCODER_LZMA1 1
| #define HAVE_ENCODER_LZMA2 1
| #define HAVE_ENCODER_DELTA 1
| #define HAVE_ENCODER_X86 1
| #define HAVE_ENCODER_POWERPC 1
| #define HAVE_ENCODER_IA64 1
| #define HAVE_ENCODER_ARM 1
| #define HAVE_ENCODER_ARMTHUMB 1
| #define HAVE_ENCODER_ARM64 1
| #define HAVE_ENCODER_SPARC 1
| #define HAVE_ENCODER_RISCV 1
| #define HAVE_ENCODERS 1
| #define HAVE_DECODER_LZMA1 1
| #define HAVE_DECODER_LZMA2 1
| #define HAVE_DECODER_DELTA 1
| #define HAVE_DECODER_X86 1
| #define HAVE_DECODER_POWERPC 1
| #define HAVE_DECODER_IA64 1
| #define HAVE_DECODER_ARM 1
| #define HAVE_DECODER_ARMTHUMB 1
| #define HAVE_DECODER_ARM64 1
| #define HAVE_DECODER_SPARC 1
| #define HAVE_DECODER_RISCV 1
| #define HAVE_DECODERS 1
| #define HAVE_MF_HC3 1
| #define HAVE_MF_HC4 1
| #define HAVE_MF_BT2 1
| #define HAVE_MF_BT3 1
| #define HAVE_MF_BT4 1
| #define HAVE_CHECK_CRC32 1
| #define HAVE_CHECK_CRC64 1
| #define HAVE_CHECK_SHA256 1
| #define HAVE_LZIP_DECODER 1
| #define ASSUME_RAM 128
| #define PACKAGE "xz"
| #define VERSION "5.6.2"
| #define HAVE_STDIO_H 1
| #define HAVE_STDLIB_H 1
| #define HAVE_STRING_H 1
| #define HAVE_INTTYPES_H 1
| #define HAVE_STDINT_H 1
| #define HAVE_STRINGS_H 1
| #define HAVE_SYS_STAT_H 1
| #define HAVE_SYS_TYPES_H 1
| #define HAVE_UNISTD_H 1
| #define HAVE_WCHAR_H 1
| #define HAVE_SYS_CDEFS_H 1
| #define STDC_HEADERS 1
| #define _ALL_SOURCE 1
| #define _DARWIN_C_SOURCE 1
| #define _GNU_SOURCE 1
| #define _HPUX_ALT_XOPEN_SOCKET_API 1
| #define _NETBSD_SOURCE 1
| #define _OPENBSD_SOURCE 1
| #define _POSIX_PTHREAD_SEMANTICS 1
| #define __STDC_WANT_IEC_60559_ATTRIBS_EXT__ 1
| #define __STDC_WANT_IEC_60559_BFP_EXT__ 1
| #define __STDC_WANT_IEC_60559_DFP_EXT__ 1
| #define __STDC_WANT_IEC_60559_EXT__ 1
| #define __STDC_WANT_IEC_60559_FUNCS_EXT__ 1
| #define __STDC_WANT_IEC_60559_TYPES_EXT__ 1
| #define __STDC_WANT_LIB_EXT2__ 1
| #define __STDC_WANT_MATH_SPEC_FUNCS__ 1
| #define _TANDEM_SOURCE 1
| #define __EXTENSIONS__ 1
| #define HAVE_PTHREAD_PRIO_INHERIT 1
| #define MYTHREAD_POSIX 1
| #define HAVE_PTHREAD_CONDATTR_SETCLOCK 1
| #define HAVE_DLFCN_H 1
| #define LT_OBJDIR ".libs/"
| #define HAVE_SYMBOL_VERSIONS_LINUX 2
| #define ENABLE_NLS 1
| #define HAVE_GETTEXT 1
| #define HAVE_DCGETTEXT 1
| #define HAVE__BOOL 1
| #define HAVE_STDBOOL_H 1
| #define HAVE_UINTPTR_T 1
| #define SIZEOF_SIZE_T 4
| #define HAVE_STRUCT_STAT_ST_ATIM_TV_NSEC 1
| /* end confdefs.h.  */
| #include <sys/types.h>
| #ifndef FTYPE
| # define FTYPE off_t
| #endif
|  /* Check that FTYPE can represent 2**63 - 1 correctly.
|     We can't simply define LARGE_FTYPE to be 9223372036854775807,
|     since some C++ compilers masquerading as C compilers
|     incorrectly reject 9223372036854775807.  */
| #define LARGE_FTYPE (((FTYPE) 1 << 31 << 31) - 1 + ((FTYPE) 1 << 31 << 31))
|   int FTYPE_is_large[(LARGE_FTYPE % 2147483629 == 721
| 		       && LARGE_FTYPE % 2147483647 == 1)
| 		      ? 1 : -1];
| int
| main (void)
| {
| 
|   ;
|   return 0;
| }
configure:20062: arm-unknown-linux-gnueabihf-gcc -D_FILE_OFFSET_BITS=64 -c -g -O2  conftest.c >&5
configure:20062: $? = 0
configure:20093: result: -D_FILE_OFFSET_BITS=64
configure:20195: checking whether byte ordering is bigendian
configure:20211: arm-unknown-linux-gnueabihf-gcc -c -g -O2  conftest.c >&5
conftest.c:91:9: error: unknown type name 'not'
   91 |         not a universal capable compiler
      |         ^~~
conftest.c:91:15: error: expected '=', ',', ';', 'asm' or '__attribute__' before 'universal'
   91 |         not a universal capable compiler
      |               ^~~~~~~~~
conftest.c:91:15: error: unknown type name 'universal'
configure:20211: $? = 1
configure: failed program was:
| /* confdefs.h */
| #define PACKAGE_NAME "XZ Utils"
| #define PACKAGE_TARNAME "xz"
| #define PACKAGE_VERSION "5.6.2"
| #define PACKAGE_STRING "XZ Utils 5.6.2"
| #define PACKAGE_BUGREPORT "xz@tukaani.org"
| #define PACKAGE_URL "https://tukaani.org/xz/"
| #define NDEBUG 1
| #define HAVE_ENCODER_LZMA1 1
| #define HAVE_ENCODER_LZMA2 1
| #define HAVE_ENCODER_DELTA 1
| #define HAVE_ENCODER_X86 1
| #define HAVE_ENCODER_POWERPC 1
| #define HAVE_ENCODER_IA64 1
| #define HAVE_ENCODER_ARM 1
| #define HAVE_ENCODER_ARMTHUMB 1
| #define HAVE_ENCODER_ARM64 1
| #define HAVE_ENCODER_SPARC 1
| #define HAVE_ENCODER_RISCV 1
| #define HAVE_ENCODERS 1
| #define HAVE_DECODER_LZMA1 1
| #define HAVE_DECODER_LZMA2 1
| #define HAVE_DECODER_DELTA 1
| #define HAVE_DECODER_X86 1
| #define HAVE_DECODER_POWERPC 1
| #define HAVE_DECODER_IA64 1
| #define HAVE_DECODER_ARM 1
| #define HAVE_DECODER_ARMTHUMB 1
| #define HAVE_DECODER_ARM64 1
| #define HAVE_DECODER_SPARC 1
| #define HAVE_DECODER_RISCV 1
| #define HAVE_DECODERS 1
| #define HAVE_MF_HC3 1
| #define HAVE_MF_HC4 1
| #define HAVE_MF_BT2 1
| #define HAVE_MF_BT3 1
| #define HAVE_MF_BT4 1
| #define HAVE_CHECK_CRC32 1
| #define HAVE_CHECK_CRC64 1
| #define HAVE_CHECK_SHA256 1
| #define HAVE_LZIP_DECODER 1
| #define ASSUME_RAM 128
| #define PACKAGE "xz"
| #define VERSION "5.6.2"
| #define HAVE_STDIO_H 1
| #define HAVE_STDLIB_H 1
| #define HAVE_STRING_H 1
| #define HAVE_INTTYPES_H 1
| #define HAVE_STDINT_H 1
| #define HAVE_STRINGS_H 1
| #define HAVE_SYS_STAT_H 1
| #define HAVE_SYS_TYPES_H 1
| #define HAVE_UNISTD_H 1
| #define HAVE_WCHAR_H 1
| #define HAVE_SYS_CDEFS_H 1
| #define STDC_HEADERS 1
| #define _ALL_SOURCE 1
| #define _DARWIN_C_SOURCE 1
| #define _GNU_SOURCE 1
| #define _HPUX_ALT_XOPEN_SOCKET_API 1
| #define _NETBSD_SOURCE 1
| #define _OPENBSD_SOURCE 1
| #define _POSIX_PTHREAD_SEMANTICS 1
| #define __STDC_WANT_IEC_60559_ATTRIBS_EXT__ 1
| #define __STDC_WANT_IEC_60559_BFP_EXT__ 1
| #define __STDC_WANT_IEC_60559_DFP_EXT__ 1
| #define __STDC_WANT_IEC_60559_EXT__ 1
| #define __STDC_WANT_IEC_60559_FUNCS_EXT__ 1
| #define __STDC_WANT_IEC_60559_TYPES_EXT__ 1
| #define __STDC_WANT_LIB_EXT2__ 1
| #define __STDC_WANT_MATH_SPEC_FUNCS__ 1
| #define _TANDEM_SOURCE 1
| #define __EXTENSIONS__ 1
| #define HAVE_PTHREAD_PRIO_INHERIT 1
| #define MYTHREAD_POSIX 1
| #define HAVE_PTHREAD_CONDATTR_SETCLOCK 1
| #define HAVE_DLFCN_H 1
| #define LT_OBJDIR ".libs/"
| #define HAVE_SYMBOL_VERSIONS_LINUX 2
| #define ENABLE_NLS 1
| #define HAVE_GETTEXT 1
| #define HAVE_DCGETTEXT 1
| #define HAVE__BOOL 1
| #define HAVE_STDBOOL_H 1
| #define HAVE_UINTPTR_T 1
| #define SIZEOF_SIZE_T 4
| #define HAVE_STRUCT_STAT_ST_ATIM_TV_NSEC 1
| #define _FILE_OFFSET_BITS 64
| /* end confdefs.h.  */
| #ifndef __APPLE_CC__
| 	       not a universal capable compiler
| 	     #endif
| 	     typedef int dummy;
| 
configure:20257: arm-unknown-linux-gnueabihf-gcc -c -g -O2  conftest.c >&5
configure:20257: $? = 0
configure:20276: arm-unknown-linux-gnueabihf-gcc -c -g -O2  conftest.c >&5
conftest.c: In function 'main':
conftest.c:97:4: error: unknown type name 'not'; did you mean 'ino_t'?
   97 |    not big endian
      |    ^~~
      |    ino_t
conftest.c:97:12: error: expected '=', ',', ';', 'asm' or '__attribute__' before 'endian'
   97 |    not big endian
      |            ^~~~~~
configure:20276: $? = 1
configure: failed program was:
| /* confdefs.h */
| #define PACKAGE_NAME "XZ Utils"
| #define PACKAGE_TARNAME "xz"
| #define PACKAGE_VERSION "5.6.2"
| #define PACKAGE_STRING "XZ Utils 5.6.2"
| #define PACKAGE_BUGREPORT "xz@tukaani.org"
| #define PACKAGE_URL "https://tukaani.org/xz/"
| #define NDEBUG 1
| #define HAVE_ENCODER_LZMA1 1
| #define HAVE_ENCODER_LZMA2 1
| #define HAVE_ENCODER_DELTA 1
| #define HAVE_ENCODER_X86 1
| #define HAVE_ENCODER_POWERPC 1
| #define HAVE_ENCODER_IA64 1
| #define HAVE_ENCODER_ARM 1
| #define HAVE_ENCODER_ARMTHUMB 1
| #define HAVE_ENCODER_ARM64 1
| #define HAVE_ENCODER_SPARC 1
| #define HAVE_ENCODER_RISCV 1
| #define HAVE_ENCODERS 1
| #define HAVE_DECODER_LZMA1 1
| #define HAVE_DECODER_LZMA2 1
| #define HAVE_DECODER_DELTA 1
| #define HAVE_DECODER_X86 1
| #define HAVE_DECODER_POWERPC 1
| #define HAVE_DECODER_IA64 1
| #define HAVE_DECODER_ARM 1
| #define HAVE_DECODER_ARMTHUMB 1
| #define HAVE_DECODER_ARM64 1
| #define HAVE_DECODER_SPARC 1
| #define HAVE_DECODER_RISCV 1
| #define HAVE_DECODERS 1
| #define HAVE_MF_HC3 1
| #define HAVE_MF_HC4 1
| #define HAVE_MF_BT2 1
| #define HAVE_MF_BT3 1
| #define HAVE_MF_BT4 1
| #define HAVE_CHECK_CRC32 1
| #define HAVE_CHECK_CRC64 1
| #define HAVE_CHECK_SHA256 1
| #define HAVE_LZIP_DECODER 1
| #define ASSUME_RAM 128
| #define PACKAGE "xz"
| #define VERSION "5.6.2"
| #define HAVE_STDIO_H 1
| #define HAVE_STDLIB_H 1
| #define HAVE_STRING_H 1
| #define HAVE_INTTYPES_H 1
| #define HAVE_STDINT_H 1
| #define HAVE_STRINGS_H 1
| #define HAVE_SYS_STAT_H 1
| #define HAVE_SYS_TYPES_H 1
| #define HAVE_UNISTD_H 1
| #define HAVE_WCHAR_H 1
| #define HAVE_SYS_CDEFS_H 1
| #define STDC_HEADERS 1
| #define _ALL_SOURCE 1
| #define _DARWIN_C_SOURCE 1
| #define _GNU_SOURCE 1
| #define _HPUX_ALT_XOPEN_SOCKET_API 1
| #define _NETBSD_SOURCE 1
| #define _OPENBSD_SOURCE 1
| #define _POSIX_PTHREAD_SEMANTICS 1
| #define __STDC_WANT_IEC_60559_ATTRIBS_EXT__ 1
| #define __STDC_WANT_IEC_60559_BFP_EXT__ 1
| #define __STDC_WANT_IEC_60559_DFP_EXT__ 1
| #define __STDC_WANT_IEC_60559_EXT__ 1
| #define __STDC_WANT_IEC_60559_FUNCS_EXT__ 1
| #define __STDC_WANT_IEC_60559_TYPES_EXT__ 1
| #define __STDC_WANT_LIB_EXT2__ 1
| #define __STDC_WANT_MATH_SPEC_FUNCS__ 1
| #define _TANDEM_SOURCE 1
| #define __EXTENSIONS__ 1
| #define HAVE_PTHREAD_PRIO_INHERIT 1
| #define MYTHREAD_POSIX 1
| #define HAVE_PTHREAD_CONDATTR_SETCLOCK 1
| #define HAVE_DLFCN_H 1
| #define LT_OBJDIR ".libs/"
| #define HAVE_SYMBOL_VERSIONS_LINUX 2
| #define ENABLE_NLS 1
| #define HAVE_GETTEXT 1
| #define HAVE_DCGETTEXT 1
| #define HAVE__BOOL 1
| #define HAVE_STDBOOL_H 1
| #define HAVE_UINTPTR_T 1
| #define SIZEOF_SIZE_T 4
| #define HAVE_STRUCT_STAT_ST_ATIM_TV_NSEC 1
| #define _FILE_OFFSET_BITS 64
| /* end confdefs.h.  */
| #include <sys/types.h>
| 		#include <sys/param.h>
| 
| int
| main (void)
| {
| #if BYTE_ORDER != BIG_ENDIAN
| 		 not big endian
| 		#endif
| 
|   ;
|   return 0;
| }
configure:20417: result: no
configure:20446: checking if __attribute__((__constructor__)) can be used
configure:20458: arm-unknown-linux-gnueabihf-gcc -c -g -O2 -Werror  conftest.c >&5
configure:20458: $? = 0
configure:20465: result: yes
configure:20498: checking for arm-unknown-linux-gnueabihf-gcc options needed to detect all undeclared functions
configure:20520: arm-unknown-linux-gnueabihf-gcc -c -g -O2   conftest.c >&5
conftest.c: In function 'main':
conftest.c:95:8: error: 'strchr' undeclared (first use in this function)
   95 | (void) strchr;
      |        ^~~~~~
conftest.c:1:1: note: 'strchr' is defined in header '<string.h>'; did you forget to '#include <string.h>'?
    1 | /* confdefs.h */
conftest.c:95:8: note: each undeclared identifier is reported only once for each function it appears in
   95 | (void) strchr;
      |        ^~~~~~
configure:20520: $? = 1
configure: failed program was:
| /* confdefs.h */
| #define PACKAGE_NAME "XZ Utils"
| #define PACKAGE_TARNAME "xz"
| #define PACKAGE_VERSION "5.6.2"
| #define PACKAGE_STRING "XZ Utils 5.6.2"
| #define PACKAGE_BUGREPORT "xz@tukaani.org"
| #define PACKAGE_URL "https://tukaani.org/xz/"
| #define NDEBUG 1
| #define HAVE_ENCODER_LZMA1 1
| #define HAVE_ENCODER_LZMA2 1
| #define HAVE_ENCODER_DELTA 1
| #define HAVE_ENCODER_X86 1
| #define HAVE_ENCODER_POWERPC 1
| #define HAVE_ENCODER_IA64 1
| #define HAVE_ENCODER_ARM 1
| #define HAVE_ENCODER_ARMTHUMB 1
| #define HAVE_ENCODER_ARM64 1
| #define HAVE_ENCODER_SPARC 1
| #define HAVE_ENCODER_RISCV 1
| #define HAVE_ENCODERS 1
| #define HAVE_DECODER_LZMA1 1
| #define HAVE_DECODER_LZMA2 1
| #define HAVE_DECODER_DELTA 1
| #define HAVE_DECODER_X86 1
| #define HAVE_DECODER_POWERPC 1
| #define HAVE_DECODER_IA64 1
| #define HAVE_DECODER_ARM 1
| #define HAVE_DECODER_ARMTHUMB 1
| #define HAVE_DECODER_ARM64 1
| #define HAVE_DECODER_SPARC 1
| #define HAVE_DECODER_RISCV 1
| #define HAVE_DECODERS 1
| #define HAVE_MF_HC3 1
| #define HAVE_MF_HC4 1
| #define HAVE_MF_BT2 1
| #define HAVE_MF_BT3 1
| #define HAVE_MF_BT4 1
| #define HAVE_CHECK_CRC32 1
| #define HAVE_CHECK_CRC64 1
| #define HAVE_CHECK_SHA256 1
| #define HAVE_LZIP_DECODER 1
| #define ASSUME_RAM 128
| #define PACKAGE "xz"
| #define VERSION "5.6.2"
| #define HAVE_STDIO_H 1
| #define HAVE_STDLIB_H 1
| #define HAVE_STRING_H 1
| #define HAVE_INTTYPES_H 1
| #define HAVE_STDINT_H 1
| #define HAVE_STRINGS_H 1
| #define HAVE_SYS_STAT_H 1
| #define HAVE_SYS_TYPES_H 1
| #define HAVE_UNISTD_H 1
| #define HAVE_WCHAR_H 1
| #define HAVE_SYS_CDEFS_H 1
| #define STDC_HEADERS 1
| #define _ALL_SOURCE 1
| #define _DARWIN_C_SOURCE 1
| #define _GNU_SOURCE 1
| #define _HPUX_ALT_XOPEN_SOCKET_API 1
| #define _NETBSD_SOURCE 1
| #define _OPENBSD_SOURCE 1
| #define _POSIX_PTHREAD_SEMANTICS 1
| #define __STDC_WANT_IEC_60559_ATTRIBS_EXT__ 1
| #define __STDC_WANT_IEC_60559_BFP_EXT__ 1
| #define __STDC_WANT_IEC_60559_DFP_EXT__ 1
| #define __STDC_WANT_IEC_60559_EXT__ 1
| #define __STDC_WANT_IEC_60559_FUNCS_EXT__ 1
| #define __STDC_WANT_IEC_60559_TYPES_EXT__ 1
| #define __STDC_WANT_LIB_EXT2__ 1
| #define __STDC_WANT_MATH_SPEC_FUNCS__ 1
| #define _TANDEM_SOURCE 1
| #define __EXTENSIONS__ 1
| #define HAVE_PTHREAD_PRIO_INHERIT 1
| #define MYTHREAD_POSIX 1
| #define HAVE_PTHREAD_CONDATTR_SETCLOCK 1
| #define HAVE_DLFCN_H 1
| #define LT_OBJDIR ".libs/"
| #define HAVE_SYMBOL_VERSIONS_LINUX 2
| #define ENABLE_NLS 1
| #define HAVE_GETTEXT 1
| #define HAVE_DCGETTEXT 1
| #define HAVE__BOOL 1
| #define HAVE_STDBOOL_H 1
| #define HAVE_UINTPTR_T 1
| #define SIZEOF_SIZE_T 4
| #define HAVE_STRUCT_STAT_ST_ATIM_TV_NSEC 1
| #define _FILE_OFFSET_BITS 64
| #define HAVE_FUNC_ATTRIBUTE_CONSTRUCTOR 1
| /* end confdefs.h.  */
| 
| int
| main (void)
| {
| (void) strchr;
|   ;
|   return 0;
| }
configure:20547: arm-unknown-linux-gnueabihf-gcc -c -g -O2   conftest.c >&5
configure:20547: $? = 0
configure:20567: result: none needed
configure:20587: checking for getopt.h
configure:20587: arm-unknown-linux-gnueabihf-gcc -c -g -O2  conftest.c >&5
configure:20587: $? = 0
configure:20587: result: yes
configure:20604: checking for getopt_long
configure:20604: arm-unknown-linux-gnueabihf-gcc -o conftest -g -O2   conftest.c  -lpthread >&5
configure:20604: $? = 0
configure:20604: result: yes
configure:20618: checking whether optreset is declared
configure:20618: arm-unknown-linux-gnueabihf-gcc -c -g -O2   conftest.c >&5
conftest.c: In function 'main':
conftest.c:102:10: error: 'optreset' undeclared (first use in this function)
  102 |   (void) optreset;
      |          ^~~~~~~~
conftest.c:102:10: note: each undeclared identifier is reported only once for each function it appears in
configure:20618: $? = 1
configure: failed program was:
| /* confdefs.h */
| #define PACKAGE_NAME "XZ Utils"
| #define PACKAGE_TARNAME "xz"
| #define PACKAGE_VERSION "5.6.2"
| #define PACKAGE_STRING "XZ Utils 5.6.2"
| #define PACKAGE_BUGREPORT "xz@tukaani.org"
| #define PACKAGE_URL "https://tukaani.org/xz/"
| #define NDEBUG 1
| #define HAVE_ENCODER_LZMA1 1
| #define HAVE_ENCODER_LZMA2 1
| #define HAVE_ENCODER_DELTA 1
| #define HAVE_ENCODER_X86 1
| #define HAVE_ENCODER_POWERPC 1
| #define HAVE_ENCODER_IA64 1
| #define HAVE_ENCODER_ARM 1
| #define HAVE_ENCODER_ARMTHUMB 1
| #define HAVE_ENCODER_ARM64 1
| #define HAVE_ENCODER_SPARC 1
| #define HAVE_ENCODER_RISCV 1
| #define HAVE_ENCODERS 1
| #define HAVE_DECODER_LZMA1 1
| #define HAVE_DECODER_LZMA2 1
| #define HAVE_DECODER_DELTA 1
| #define HAVE_DECODER_X86 1
| #define HAVE_DECODER_POWERPC 1
| #define HAVE_DECODER_IA64 1
| #define HAVE_DECODER_ARM 1
| #define HAVE_DECODER_ARMTHUMB 1
| #define HAVE_DECODER_ARM64 1
| #define HAVE_DECODER_SPARC 1
| #define HAVE_DECODER_RISCV 1
| #define HAVE_DECODERS 1
| #define HAVE_MF_HC3 1
| #define HAVE_MF_HC4 1
| #define HAVE_MF_BT2 1
| #define HAVE_MF_BT3 1
| #define HAVE_MF_BT4 1
| #define HAVE_CHECK_CRC32 1
| #define HAVE_CHECK_CRC64 1
| #define HAVE_CHECK_SHA256 1
| #define HAVE_LZIP_DECODER 1
| #define ASSUME_RAM 128
| #define PACKAGE "xz"
| #define VERSION "5.6.2"
| #define HAVE_STDIO_H 1
| #define HAVE_STDLIB_H 1
| #define HAVE_STRING_H 1
| #define HAVE_INTTYPES_H 1
| #define HAVE_STDINT_H 1
| #define HAVE_STRINGS_H 1
| #define HAVE_SYS_STAT_H 1
| #define HAVE_SYS_TYPES_H 1
| #define HAVE_UNISTD_H 1
| #define HAVE_WCHAR_H 1
| #define HAVE_SYS_CDEFS_H 1
| #define STDC_HEADERS 1
| #define _ALL_SOURCE 1
| #define _DARWIN_C_SOURCE 1
| #define _GNU_SOURCE 1
| #define _HPUX_ALT_XOPEN_SOCKET_API 1
| #define _NETBSD_SOURCE 1
| #define _OPENBSD_SOURCE 1
| #define _POSIX_PTHREAD_SEMANTICS 1
| #define __STDC_WANT_IEC_60559_ATTRIBS_EXT__ 1
| #define __STDC_WANT_IEC_60559_BFP_EXT__ 1
| #define __STDC_WANT_IEC_60559_DFP_EXT__ 1
| #define __STDC_WANT_IEC_60559_EXT__ 1
| #define __STDC_WANT_IEC_60559_FUNCS_EXT__ 1
| #define __STDC_WANT_IEC_60559_TYPES_EXT__ 1
| #define __STDC_WANT_LIB_EXT2__ 1
| #define __STDC_WANT_MATH_SPEC_FUNCS__ 1
| #define _TANDEM_SOURCE 1
| #define __EXTENSIONS__ 1
| #define HAVE_PTHREAD_PRIO_INHERIT 1
| #define MYTHREAD_POSIX 1
| #define HAVE_PTHREAD_CONDATTR_SETCLOCK 1
| #define HAVE_DLFCN_H 1
| #define LT_OBJDIR ".libs/"
| #define HAVE_SYMBOL_VERSIONS_LINUX 2
| #define ENABLE_NLS 1
| #define HAVE_GETTEXT 1
| #define HAVE_DCGETTEXT 1
| #define HAVE__BOOL 1
| #define HAVE_STDBOOL_H 1
| #define HAVE_UINTPTR_T 1
| #define SIZEOF_SIZE_T 4
| #define HAVE_STRUCT_STAT_ST_ATIM_TV_NSEC 1
| #define _FILE_OFFSET_BITS 64
| #define HAVE_FUNC_ATTRIBUTE_CONSTRUCTOR 1
| #define HAVE_GETOPT_H 1
| #define HAVE_GETOPT_LONG 1
| /* end confdefs.h.  */
| #include <getopt.h>
| 
| int
| main (void)
| {
| #ifndef optreset
| #ifdef __cplusplus
|   (void) optreset;
| #else
|   (void) optreset;
| #endif
| #endif
| 
|   ;
|   return 0;
| }
configure:20618: result: no
configure:20672: checking for library containing clock_gettime
configure:20708: arm-unknown-linux-gnueabihf-gcc -o conftest -g -O2   conftest.c  -lpthread >&5
configure:20708: $? = 0
configure:20730: result: none required
configure:20739: checking for clock_gettime
configure:20739: arm-unknown-linux-gnueabihf-gcc -o conftest -g -O2   conftest.c  -lpthread >&5
configure:20739: $? = 0
configure:20739: result: yes
configure:20746: checking whether CLOCK_MONOTONIC is declared
configure:20746: arm-unknown-linux-gnueabihf-gcc -c -g -O2   conftest.c >&5
configure:20746: $? = 0
configure:20746: result: yes
configure:20760: checking for futimens
configure:20760: arm-unknown-linux-gnueabihf-gcc -o conftest -g -O2   conftest.c  -lpthread >&5
configure:20760: $? = 0
configure:20760: result: yes
configure:20772: checking for posix_fadvise
configure:20772: arm-unknown-linux-gnueabihf-gcc -o conftest -g -O2   conftest.c  -lpthread >&5
configure:20772: $? = 0
configure:20772: result: yes
configure:20787: checking whether program_invocation_name is declared
configure:20787: arm-unknown-linux-gnueabihf-gcc -c -g -O2   conftest.c >&5
configure:20787: $? = 0
configure:20787: result: yes
configure:20800: checking if __builtin_bswap16/32/64 are supported
configure:20815: arm-unknown-linux-gnueabihf-gcc -o conftest -g -O2   conftest.c  -lpthread >&5
configure:20815: $? = 0
configure:20821: result: yes
configure:20949: checking if unaligned memory access should be used
configure:20998: arm-unknown-linux-gnueabihf-gcc -c -g -O2  conftest.c >&5
configure:20998: $? = 0
configure:21016: result: yes
configure:21023: checking if unsafe type punning should be used
configure:21041: result: no
configure:21045: checking if __builtin_assume_aligned is supported
configure:21058: arm-unknown-linux-gnueabihf-gcc -o conftest -g -O2   conftest.c  -lpthread >&5
configure:21058: $? = 0
configure:21064: result: yes
configure:21081: checking for sys/param.h
configure:21081: arm-unknown-linux-gnueabihf-gcc -c -g -O2  conftest.c >&5
configure:21081: $? = 0
configure:21081: result: yes
configure:21089: checking how to detect the amount of physical memory
configure:21114: arm-unknown-linux-gnueabihf-gcc -c -g -O2  conftest.c >&5
conftest.c:106:1: error: unknown type name 'compile'
  106 | compile error
      | ^~~~~~~
conftest.c:106:1: error: expected '=', ',', ';', 'asm' or '__attribute__' at end of input
configure:21114: $? = 1
configure: failed program was:
| /* confdefs.h */
| #define PACKAGE_NAME "XZ Utils"
| #define PACKAGE_TARNAME "xz"
| #define PACKAGE_VERSION "5.6.2"
| #define PACKAGE_STRING "XZ Utils 5.6.2"
| #define PACKAGE_BUGREPORT "xz@tukaani.org"
| #define PACKAGE_URL "https://tukaani.org/xz/"
| #define NDEBUG 1
| #define HAVE_ENCODER_LZMA1 1
| #define HAVE_ENCODER_LZMA2 1
| #define HAVE_ENCODER_DELTA 1
| #define HAVE_ENCODER_X86 1
| #define HAVE_ENCODER_POWERPC 1
| #define HAVE_ENCODER_IA64 1
| #define HAVE_ENCODER_ARM 1
| #define HAVE_ENCODER_ARMTHUMB 1
| #define HAVE_ENCODER_ARM64 1
| #define HAVE_ENCODER_SPARC 1
| #define HAVE_ENCODER_RISCV 1
| #define HAVE_ENCODERS 1
| #define HAVE_DECODER_LZMA1 1
| #define HAVE_DECODER_LZMA2 1
| #define HAVE_DECODER_DELTA 1
| #define HAVE_DECODER_X86 1
| #define HAVE_DECODER_POWERPC 1
| #define HAVE_DECODER_IA64 1
| #define HAVE_DECODER_ARM 1
| #define HAVE_DECODER_ARMTHUMB 1
| #define HAVE_DECODER_ARM64 1
| #define HAVE_DECODER_SPARC 1
| #define HAVE_DECODER_RISCV 1
| #define HAVE_DECODERS 1
| #define HAVE_MF_HC3 1
| #define HAVE_MF_HC4 1
| #define HAVE_MF_BT2 1
| #define HAVE_MF_BT3 1
| #define HAVE_MF_BT4 1
| #define HAVE_CHECK_CRC32 1
| #define HAVE_CHECK_CRC64 1
| #define HAVE_CHECK_SHA256 1
| #define HAVE_LZIP_DECODER 1
| #define ASSUME_RAM 128
| #define PACKAGE "xz"
| #define VERSION "5.6.2"
| #define HAVE_STDIO_H 1
| #define HAVE_STDLIB_H 1
| #define HAVE_STRING_H 1
| #define HAVE_INTTYPES_H 1
| #define HAVE_STDINT_H 1
| #define HAVE_STRINGS_H 1
| #define HAVE_SYS_STAT_H 1
| #define HAVE_SYS_TYPES_H 1
| #define HAVE_UNISTD_H 1
| #define HAVE_WCHAR_H 1
| #define HAVE_SYS_CDEFS_H 1
| #define STDC_HEADERS 1
| #define _ALL_SOURCE 1
| #define _DARWIN_C_SOURCE 1
| #define _GNU_SOURCE 1
| #define _HPUX_ALT_XOPEN_SOCKET_API 1
| #define _NETBSD_SOURCE 1
| #define _OPENBSD_SOURCE 1
| #define _POSIX_PTHREAD_SEMANTICS 1
| #define __STDC_WANT_IEC_60559_ATTRIBS_EXT__ 1
| #define __STDC_WANT_IEC_60559_BFP_EXT__ 1
| #define __STDC_WANT_IEC_60559_DFP_EXT__ 1
| #define __STDC_WANT_IEC_60559_EXT__ 1
| #define __STDC_WANT_IEC_60559_FUNCS_EXT__ 1
| #define __STDC_WANT_IEC_60559_TYPES_EXT__ 1
| #define __STDC_WANT_LIB_EXT2__ 1
| #define __STDC_WANT_MATH_SPEC_FUNCS__ 1
| #define _TANDEM_SOURCE 1
| #define __EXTENSIONS__ 1
| #define HAVE_PTHREAD_PRIO_INHERIT 1
| #define MYTHREAD_POSIX 1
| #define HAVE_PTHREAD_CONDATTR_SETCLOCK 1
| #define HAVE_DLFCN_H 1
| #define LT_OBJDIR ".libs/"
| #define HAVE_SYMBOL_VERSIONS_LINUX 2
| #define ENABLE_NLS 1
| #define HAVE_GETTEXT 1
| #define HAVE_DCGETTEXT 1
| #define HAVE__BOOL 1
| #define HAVE_STDBOOL_H 1
| #define HAVE_UINTPTR_T 1
| #define SIZEOF_SIZE_T 4
| #define HAVE_STRUCT_STAT_ST_ATIM_TV_NSEC 1
| #define _FILE_OFFSET_BITS 64
| #define HAVE_FUNC_ATTRIBUTE_CONSTRUCTOR 1
| #define HAVE_GETOPT_H 1
| #define HAVE_GETOPT_LONG 1
| #define HAVE_CLOCK_GETTIME 1
| #define HAVE_CLOCK_MONOTONIC 1
| #define HAVE_FUTIMENS 1
| #define HAVE_POSIX_FADVISE 1
| #define HAVE_PROGRAM_INVOCATION_NAME 1
| #define HAVE___BUILTIN_BSWAPXX 1
| #define TUKLIB_FAST_UNALIGNED_ACCESS 1
| #define HAVE___BUILTIN_ASSUME_ALIGNED 1
| #define HAVE_SYS_PARAM_H 1
| /* end confdefs.h.  */
| 
| #if defined(_WIN32) || defined(__CYGWIN__) || defined(__OS2__) 		|| defined(__DJGPP__) || defined(__VMS) 		|| defined(AMIGA) || defined(__AROS__) || defined(__QNX__)
| int main(void) { return 0; }
| #else
| compile error
| #endif
| 
configure:21136: arm-unknown-linux-gnueabihf-gcc -c -g -O2  conftest.c >&5
conftest.c:103:10: fatal error: sys/systemcfg.h: No such file or directory
  103 | #include <sys/systemcfg.h>
      |          ^~~~~~~~~~~~~~~~~
compilation terminated.
configure:21136: $? = 1
configure: failed program was:
| /* confdefs.h */
| #define PACKAGE_NAME "XZ Utils"
| #define PACKAGE_TARNAME "xz"
| #define PACKAGE_VERSION "5.6.2"
| #define PACKAGE_STRING "XZ Utils 5.6.2"
| #define PACKAGE_BUGREPORT "xz@tukaani.org"
| #define PACKAGE_URL "https://tukaani.org/xz/"
| #define NDEBUG 1
| #define HAVE_ENCODER_LZMA1 1
| #define HAVE_ENCODER_LZMA2 1
| #define HAVE_ENCODER_DELTA 1
| #define HAVE_ENCODER_X86 1
| #define HAVE_ENCODER_POWERPC 1
| #define HAVE_ENCODER_IA64 1
| #define HAVE_ENCODER_ARM 1
| #define HAVE_ENCODER_ARMTHUMB 1
| #define HAVE_ENCODER_ARM64 1
| #define HAVE_ENCODER_SPARC 1
| #define HAVE_ENCODER_RISCV 1
| #define HAVE_ENCODERS 1
| #define HAVE_DECODER_LZMA1 1
| #define HAVE_DECODER_LZMA2 1
| #define HAVE_DECODER_DELTA 1
| #define HAVE_DECODER_X86 1
| #define HAVE_DECODER_POWERPC 1
| #define HAVE_DECODER_IA64 1
| #define HAVE_DECODER_ARM 1
| #define HAVE_DECODER_ARMTHUMB 1
| #define HAVE_DECODER_ARM64 1
| #define HAVE_DECODER_SPARC 1
| #define HAVE_DECODER_RISCV 1
| #define HAVE_DECODERS 1
| #define HAVE_MF_HC3 1
| #define HAVE_MF_HC4 1
| #define HAVE_MF_BT2 1
| #define HAVE_MF_BT3 1
| #define HAVE_MF_BT4 1
| #define HAVE_CHECK_CRC32 1
| #define HAVE_CHECK_CRC64 1
| #define HAVE_CHECK_SHA256 1
| #define HAVE_LZIP_DECODER 1
| #define ASSUME_RAM 128
| #define PACKAGE "xz"
| #define VERSION "5.6.2"
| #define HAVE_STDIO_H 1
| #define HAVE_STDLIB_H 1
| #define HAVE_STRING_H 1
| #define HAVE_INTTYPES_H 1
| #define HAVE_STDINT_H 1
| #define HAVE_STRINGS_H 1
| #define HAVE_SYS_STAT_H 1
| #define HAVE_SYS_TYPES_H 1
| #define HAVE_UNISTD_H 1
| #define HAVE_WCHAR_H 1
| #define HAVE_SYS_CDEFS_H 1
| #define STDC_HEADERS 1
| #define _ALL_SOURCE 1
| #define _DARWIN_C_SOURCE 1
| #define _GNU_SOURCE 1
| #define _HPUX_ALT_XOPEN_SOCKET_API 1
| #define _NETBSD_SOURCE 1
| #define _OPENBSD_SOURCE 1
| #define _POSIX_PTHREAD_SEMANTICS 1
| #define __STDC_WANT_IEC_60559_ATTRIBS_EXT__ 1
| #define __STDC_WANT_IEC_60559_BFP_EXT__ 1
| #define __STDC_WANT_IEC_60559_DFP_EXT__ 1
| #define __STDC_WANT_IEC_60559_EXT__ 1
| #define __STDC_WANT_IEC_60559_FUNCS_EXT__ 1
| #define __STDC_WANT_IEC_60559_TYPES_EXT__ 1
| #define __STDC_WANT_LIB_EXT2__ 1
| #define __STDC_WANT_MATH_SPEC_FUNCS__ 1
| #define _TANDEM_SOURCE 1
| #define __EXTENSIONS__ 1
| #define HAVE_PTHREAD_PRIO_INHERIT 1
| #define MYTHREAD_POSIX 1
| #define HAVE_PTHREAD_CONDATTR_SETCLOCK 1
| #define HAVE_DLFCN_H 1
| #define LT_OBJDIR ".libs/"
| #define HAVE_SYMBOL_VERSIONS_LINUX 2
| #define ENABLE_NLS 1
| #define HAVE_GETTEXT 1
| #define HAVE_DCGETTEXT 1
| #define HAVE__BOOL 1
| #define HAVE_STDBOOL_H 1
| #define HAVE_UINTPTR_T 1
| #define SIZEOF_SIZE_T 4
| #define HAVE_STRUCT_STAT_ST_ATIM_TV_NSEC 1
| #define _FILE_OFFSET_BITS 64
| #define HAVE_FUNC_ATTRIBUTE_CONSTRUCTOR 1
| #define HAVE_GETOPT_H 1
| #define HAVE_GETOPT_LONG 1
| #define HAVE_CLOCK_GETTIME 1
| #define HAVE_CLOCK_MONOTONIC 1
| #define HAVE_FUTIMENS 1
| #define HAVE_POSIX_FADVISE 1
| #define HAVE_PROGRAM_INVOCATION_NAME 1
| #define HAVE___BUILTIN_BSWAPXX 1
| #define TUKLIB_FAST_UNALIGNED_ACCESS 1
| #define HAVE___BUILTIN_ASSUME_ALIGNED 1
| #define HAVE_SYS_PARAM_H 1
| /* end confdefs.h.  */
| 
| #include <sys/systemcfg.h>
| 
| int
| main(void)
| {
| 	(void)_system_configuration.physmem;
| 	return 0;
| }
| 
configure:21156: arm-unknown-linux-gnueabihf-gcc -c -g -O2  conftest.c >&5
configure:21156: $? = 0
configure:21310: result: sysconf
configure:21355: checking for sys/param.h
configure:21355: result: yes
configure:21363: checking how to detect the number of available CPU cores
configure:21386: arm-unknown-linux-gnueabihf-gcc -c -g -O2  conftest.c >&5
conftest.c:108:1: error: unknown type name 'compile'
  108 | compile error
      | ^~~~~~~
conftest.c:108:1: error: expected '=', ',', ';', 'asm' or '__attribute__' at end of input
configure:21386: $? = 1
configure: failed program was:
| /* confdefs.h */
| #define PACKAGE_NAME "XZ Utils"
| #define PACKAGE_TARNAME "xz"
| #define PACKAGE_VERSION "5.6.2"
| #define PACKAGE_STRING "XZ Utils 5.6.2"
| #define PACKAGE_BUGREPORT "xz@tukaani.org"
| #define PACKAGE_URL "https://tukaani.org/xz/"
| #define NDEBUG 1
| #define HAVE_ENCODER_LZMA1 1
| #define HAVE_ENCODER_LZMA2 1
| #define HAVE_ENCODER_DELTA 1
| #define HAVE_ENCODER_X86 1
| #define HAVE_ENCODER_POWERPC 1
| #define HAVE_ENCODER_IA64 1
| #define HAVE_ENCODER_ARM 1
| #define HAVE_ENCODER_ARMTHUMB 1
| #define HAVE_ENCODER_ARM64 1
| #define HAVE_ENCODER_SPARC 1
| #define HAVE_ENCODER_RISCV 1
| #define HAVE_ENCODERS 1
| #define HAVE_DECODER_LZMA1 1
| #define HAVE_DECODER_LZMA2 1
| #define HAVE_DECODER_DELTA 1
| #define HAVE_DECODER_X86 1
| #define HAVE_DECODER_POWERPC 1
| #define HAVE_DECODER_IA64 1
| #define HAVE_DECODER_ARM 1
| #define HAVE_DECODER_ARMTHUMB 1
| #define HAVE_DECODER_ARM64 1
| #define HAVE_DECODER_SPARC 1
| #define HAVE_DECODER_RISCV 1
| #define HAVE_DECODERS 1
| #define HAVE_MF_HC3 1
| #define HAVE_MF_HC4 1
| #define HAVE_MF_BT2 1
| #define HAVE_MF_BT3 1
| #define HAVE_MF_BT4 1
| #define HAVE_CHECK_CRC32 1
| #define HAVE_CHECK_CRC64 1
| #define HAVE_CHECK_SHA256 1
| #define HAVE_LZIP_DECODER 1
| #define ASSUME_RAM 128
| #define PACKAGE "xz"
| #define VERSION "5.6.2"
| #define HAVE_STDIO_H 1
| #define HAVE_STDLIB_H 1
| #define HAVE_STRING_H 1
| #define HAVE_INTTYPES_H 1
| #define HAVE_STDINT_H 1
| #define HAVE_STRINGS_H 1
| #define HAVE_SYS_STAT_H 1
| #define HAVE_SYS_TYPES_H 1
| #define HAVE_UNISTD_H 1
| #define HAVE_WCHAR_H 1
| #define HAVE_SYS_CDEFS_H 1
| #define STDC_HEADERS 1
| #define _ALL_SOURCE 1
| #define _DARWIN_C_SOURCE 1
| #define _GNU_SOURCE 1
| #define _HPUX_ALT_XOPEN_SOCKET_API 1
| #define _NETBSD_SOURCE 1
| #define _OPENBSD_SOURCE 1
| #define _POSIX_PTHREAD_SEMANTICS 1
| #define __STDC_WANT_IEC_60559_ATTRIBS_EXT__ 1
| #define __STDC_WANT_IEC_60559_BFP_EXT__ 1
| #define __STDC_WANT_IEC_60559_DFP_EXT__ 1
| #define __STDC_WANT_IEC_60559_EXT__ 1
| #define __STDC_WANT_IEC_60559_FUNCS_EXT__ 1
| #define __STDC_WANT_IEC_60559_TYPES_EXT__ 1
| #define __STDC_WANT_LIB_EXT2__ 1
| #define __STDC_WANT_MATH_SPEC_FUNCS__ 1
| #define _TANDEM_SOURCE 1
| #define __EXTENSIONS__ 1
| #define HAVE_PTHREAD_PRIO_INHERIT 1
| #define MYTHREAD_POSIX 1
| #define HAVE_PTHREAD_CONDATTR_SETCLOCK 1
| #define HAVE_DLFCN_H 1
| #define LT_OBJDIR ".libs/"
| #define HAVE_SYMBOL_VERSIONS_LINUX 2
| #define ENABLE_NLS 1
| #define HAVE_GETTEXT 1
| #define HAVE_DCGETTEXT 1
| #define HAVE__BOOL 1
| #define HAVE_STDBOOL_H 1
| #define HAVE_UINTPTR_T 1
| #define SIZEOF_SIZE_T 4
| #define HAVE_STRUCT_STAT_ST_ATIM_TV_NSEC 1
| #define _FILE_OFFSET_BITS 64
| #define HAVE_FUNC_ATTRIBUTE_CONSTRUCTOR 1
| #define HAVE_GETOPT_H 1
| #define HAVE_GETOPT_LONG 1
| #define HAVE_CLOCK_GETTIME 1
| #define HAVE_CLOCK_MONOTONIC 1
| #define HAVE_FUTIMENS 1
| #define HAVE_POSIX_FADVISE 1
| #define HAVE_PROGRAM_INVOCATION_NAME 1
| #define HAVE___BUILTIN_BSWAPXX 1
| #define TUKLIB_FAST_UNALIGNED_ACCESS 1
| #define HAVE___BUILTIN_ASSUME_ALIGNED 1
| #define HAVE_SYS_PARAM_H 1
| #define TUKLIB_PHYSMEM_SYSCONF 1
| #define HAVE_SYS_PARAM_H 1
| /* end confdefs.h.  */
| 
| #if defined(_WIN32) || defined(__CYGWIN__)
| int main(void) { return 0; }
| #else
| compile error
| #endif
| 
configure:21410: arm-unknown-linux-gnueabihf-gcc -o conftest -g -O2   conftest.c  -lpthread >&5
configure:21410: $? = 0
configure:21554: result: sched_getaffinity
configure:21588: checking whether mbrtowc and mbstate_t are properly declared
configure:21609: arm-unknown-linux-gnueabihf-gcc -o conftest -g -O2   conftest.c  -lpthread >&5
configure:21609: $? = 0
configure:21620: result: yes
configure:21628: checking for wcwidth
configure:21628: arm-unknown-linux-gnueabihf-gcc -o conftest -g -O2   conftest.c  -lpthread >&5
configure:21628: $? = 0
configure:21628: result: yes
configure:21905: checking whether _mm_movemask_epi8 is declared
configure:21905: arm-unknown-linux-gnueabihf-gcc -c -g -O2   conftest.c >&5
conftest.c: In function 'main':
conftest.c:118:10: error: '_mm_movemask_epi8' undeclared (first use in this function)
  118 |   (void) _mm_movemask_epi8;
      |          ^~~~~~~~~~~~~~~~~
conftest.c:118:10: note: each undeclared identifier is reported only once for each function it appears in
configure:21905: $? = 1
configure: failed program was:
| /* confdefs.h */
| #define PACKAGE_NAME "XZ Utils"
| #define PACKAGE_TARNAME "xz"
| #define PACKAGE_VERSION "5.6.2"
| #define PACKAGE_STRING "XZ Utils 5.6.2"
| #define PACKAGE_BUGREPORT "xz@tukaani.org"
| #define PACKAGE_URL "https://tukaani.org/xz/"
| #define NDEBUG 1
| #define HAVE_ENCODER_LZMA1 1
| #define HAVE_ENCODER_LZMA2 1
| #define HAVE_ENCODER_DELTA 1
| #define HAVE_ENCODER_X86 1
| #define HAVE_ENCODER_POWERPC 1
| #define HAVE_ENCODER_IA64 1
| #define HAVE_ENCODER_ARM 1
| #define HAVE_ENCODER_ARMTHUMB 1
| #define HAVE_ENCODER_ARM64 1
| #define HAVE_ENCODER_SPARC 1
| #define HAVE_ENCODER_RISCV 1
| #define HAVE_ENCODERS 1
| #define HAVE_DECODER_LZMA1 1
| #define HAVE_DECODER_LZMA2 1
| #define HAVE_DECODER_DELTA 1
| #define HAVE_DECODER_X86 1
| #define HAVE_DECODER_POWERPC 1
| #define HAVE_DECODER_IA64 1
| #define HAVE_DECODER_ARM 1
| #define HAVE_DECODER_ARMTHUMB 1
| #define HAVE_DECODER_ARM64 1
| #define HAVE_DECODER_SPARC 1
| #define HAVE_DECODER_RISCV 1
| #define HAVE_DECODERS 1
| #define HAVE_MF_HC3 1
| #define HAVE_MF_HC4 1
| #define HAVE_MF_BT2 1
| #define HAVE_MF_BT3 1
| #define HAVE_MF_BT4 1
| #define HAVE_CHECK_CRC32 1
| #define HAVE_CHECK_CRC64 1
| #define HAVE_CHECK_SHA256 1
| #define HAVE_LZIP_DECODER 1
| #define ASSUME_RAM 128
| #define PACKAGE "xz"
| #define VERSION "5.6.2"
| #define HAVE_STDIO_H 1
| #define HAVE_STDLIB_H 1
| #define HAVE_STRING_H 1
| #define HAVE_INTTYPES_H 1
| #define HAVE_STDINT_H 1
| #define HAVE_STRINGS_H 1
| #define HAVE_SYS_STAT_H 1
| #define HAVE_SYS_TYPES_H 1
| #define HAVE_UNISTD_H 1
| #define HAVE_WCHAR_H 1
| #define HAVE_SYS_CDEFS_H 1
| #define STDC_HEADERS 1
| #define _ALL_SOURCE 1
| #define _DARWIN_C_SOURCE 1
| #define _GNU_SOURCE 1
| #define _HPUX_ALT_XOPEN_SOCKET_API 1
| #define _NETBSD_SOURCE 1
| #define _OPENBSD_SOURCE 1
| #define _POSIX_PTHREAD_SEMANTICS 1
| #define __STDC_WANT_IEC_60559_ATTRIBS_EXT__ 1
| #define __STDC_WANT_IEC_60559_BFP_EXT__ 1
| #define __STDC_WANT_IEC_60559_DFP_EXT__ 1
| #define __STDC_WANT_IEC_60559_EXT__ 1
| #define __STDC_WANT_IEC_60559_FUNCS_EXT__ 1
| #define __STDC_WANT_IEC_60559_TYPES_EXT__ 1
| #define __STDC_WANT_LIB_EXT2__ 1
| #define __STDC_WANT_MATH_SPEC_FUNCS__ 1
| #define _TANDEM_SOURCE 1
| #define __EXTENSIONS__ 1
| #define HAVE_PTHREAD_PRIO_INHERIT 1
| #define MYTHREAD_POSIX 1
| #define HAVE_PTHREAD_CONDATTR_SETCLOCK 1
| #define HAVE_DLFCN_H 1
| #define LT_OBJDIR ".libs/"
| #define HAVE_SYMBOL_VERSIONS_LINUX 2
| #define ENABLE_NLS 1
| #define HAVE_GETTEXT 1
| #define HAVE_DCGETTEXT 1
| #define HAVE__BOOL 1
| #define HAVE_STDBOOL_H 1
| #define HAVE_UINTPTR_T 1
| #define SIZEOF_SIZE_T 4
| #define HAVE_STRUCT_STAT_ST_ATIM_TV_NSEC 1
| #define _FILE_OFFSET_BITS 64
| #define HAVE_FUNC_ATTRIBUTE_CONSTRUCTOR 1
| #define HAVE_GETOPT_H 1
| #define HAVE_GETOPT_LONG 1
| #define HAVE_CLOCK_GETTIME 1
| #define HAVE_CLOCK_MONOTONIC 1
| #define HAVE_FUTIMENS 1
| #define HAVE_POSIX_FADVISE 1
| #define HAVE_PROGRAM_INVOCATION_NAME 1
| #define HAVE___BUILTIN_BSWAPXX 1
| #define TUKLIB_FAST_UNALIGNED_ACCESS 1
| #define HAVE___BUILTIN_ASSUME_ALIGNED 1
| #define HAVE_SYS_PARAM_H 1
| #define TUKLIB_PHYSMEM_SYSCONF 1
| #define HAVE_SYS_PARAM_H 1
| #define TUKLIB_CPUCORES_SCHED_GETAFFINITY 1
| #define HAVE_MBRTOWC 1
| #define HAVE_WCWIDTH 1
| /* end confdefs.h.  */
| #ifdef HAVE_IMMINTRIN_H
| #include <immintrin.h>
| #endif
| 
| int
| main (void)
| {
| #ifndef _mm_movemask_epi8
| #ifdef __cplusplus
|   (void) _mm_movemask_epi8;
| #else
|   (void) _mm_movemask_epi8;
| #endif
| #endif
| 
|   ;
|   return 0;
| }
configure:21905: result: no
configure:21930: checking if _mm_clmulepi64_si128 is usable
configure:21963: arm-unknown-linux-gnueabihf-gcc -c -g -O2  conftest.c >&5
conftest.c:108:10: fatal error: immintrin.h: No such file or directory
  108 | #include <immintrin.h>
      |          ^~~~~~~~~~~~~
compilation terminated.
configure:21963: $? = 1
configure: failed program was:
| /* confdefs.h */
| #define PACKAGE_NAME "XZ Utils"
| #define PACKAGE_TARNAME "xz"
| #define PACKAGE_VERSION "5.6.2"
| #define PACKAGE_STRING "XZ Utils 5.6.2"
| #define PACKAGE_BUGREPORT "xz@tukaani.org"
| #define PACKAGE_URL "https://tukaani.org/xz/"
| #define NDEBUG 1
| #define HAVE_ENCODER_LZMA1 1
| #define HAVE_ENCODER_LZMA2 1
| #define HAVE_ENCODER_DELTA 1
| #define HAVE_ENCODER_X86 1
| #define HAVE_ENCODER_POWERPC 1
| #define HAVE_ENCODER_IA64 1
| #define HAVE_ENCODER_ARM 1
| #define HAVE_ENCODER_ARMTHUMB 1
| #define HAVE_ENCODER_ARM64 1
| #define HAVE_ENCODER_SPARC 1
| #define HAVE_ENCODER_RISCV 1
| #define HAVE_ENCODERS 1
| #define HAVE_DECODER_LZMA1 1
| #define HAVE_DECODER_LZMA2 1
| #define HAVE_DECODER_DELTA 1
| #define HAVE_DECODER_X86 1
| #define HAVE_DECODER_POWERPC 1
| #define HAVE_DECODER_IA64 1
| #define HAVE_DECODER_ARM 1
| #define HAVE_DECODER_ARMTHUMB 1
| #define HAVE_DECODER_ARM64 1
| #define HAVE_DECODER_SPARC 1
| #define HAVE_DECODER_RISCV 1
| #define HAVE_DECODERS 1
| #define HAVE_MF_HC3 1
| #define HAVE_MF_HC4 1
| #define HAVE_MF_BT2 1
| #define HAVE_MF_BT3 1
| #define HAVE_MF_BT4 1
| #define HAVE_CHECK_CRC32 1
| #define HAVE_CHECK_CRC64 1
| #define HAVE_CHECK_SHA256 1
| #define HAVE_LZIP_DECODER 1
| #define ASSUME_RAM 128
| #define PACKAGE "xz"
| #define VERSION "5.6.2"
| #define HAVE_STDIO_H 1
| #define HAVE_STDLIB_H 1
| #define HAVE_STRING_H 1
| #define HAVE_INTTYPES_H 1
| #define HAVE_STDINT_H 1
| #define HAVE_STRINGS_H 1
| #define HAVE_SYS_STAT_H 1
| #define HAVE_SYS_TYPES_H 1
| #define HAVE_UNISTD_H 1
| #define HAVE_WCHAR_H 1
| #define HAVE_SYS_CDEFS_H 1
| #define STDC_HEADERS 1
| #define _ALL_SOURCE 1
| #define _DARWIN_C_SOURCE 1
| #define _GNU_SOURCE 1
| #define _HPUX_ALT_XOPEN_SOCKET_API 1
| #define _NETBSD_SOURCE 1
| #define _OPENBSD_SOURCE 1
| #define _POSIX_PTHREAD_SEMANTICS 1
| #define __STDC_WANT_IEC_60559_ATTRIBS_EXT__ 1
| #define __STDC_WANT_IEC_60559_BFP_EXT__ 1
| #define __STDC_WANT_IEC_60559_DFP_EXT__ 1
| #define __STDC_WANT_IEC_60559_EXT__ 1
| #define __STDC_WANT_IEC_60559_FUNCS_EXT__ 1
| #define __STDC_WANT_IEC_60559_TYPES_EXT__ 1
| #define __STDC_WANT_LIB_EXT2__ 1
| #define __STDC_WANT_MATH_SPEC_FUNCS__ 1
| #define _TANDEM_SOURCE 1
| #define __EXTENSIONS__ 1
| #define HAVE_PTHREAD_PRIO_INHERIT 1
| #define MYTHREAD_POSIX 1
| #define HAVE_PTHREAD_CONDATTR_SETCLOCK 1
| #define HAVE_DLFCN_H 1
| #define LT_OBJDIR ".libs/"
| #define HAVE_SYMBOL_VERSIONS_LINUX 2
| #define ENABLE_NLS 1
| #define HAVE_GETTEXT 1
| #define HAVE_DCGETTEXT 1
| #define HAVE__BOOL 1
| #define HAVE_STDBOOL_H 1
| #define HAVE_UINTPTR_T 1
| #define SIZEOF_SIZE_T 4
| #define HAVE_STRUCT_STAT_ST_ATIM_TV_NSEC 1
| #define _FILE_OFFSET_BITS 64
| #define HAVE_FUNC_ATTRIBUTE_CONSTRUCTOR 1
| #define HAVE_GETOPT_H 1
| #define HAVE_GETOPT_LONG 1
| #define HAVE_CLOCK_GETTIME 1
| #define HAVE_CLOCK_MONOTONIC 1
| #define HAVE_FUTIMENS 1
| #define HAVE_POSIX_FADVISE 1
| #define HAVE_PROGRAM_INVOCATION_NAME 1
| #define HAVE___BUILTIN_BSWAPXX 1
| #define TUKLIB_FAST_UNALIGNED_ACCESS 1
| #define HAVE___BUILTIN_ASSUME_ALIGNED 1
| #define HAVE_SYS_PARAM_H 1
| #define TUKLIB_PHYSMEM_SYSCONF 1
| #define HAVE_SYS_PARAM_H 1
| #define TUKLIB_CPUCORES_SCHED_GETAFFINITY 1
| #define HAVE_MBRTOWC 1
| #define HAVE_WCWIDTH 1
| /* end confdefs.h.  */
| 
| #include <immintrin.h>
| 
| // CLMUL works on older E2K instruction set but it is slow due to emulation.
| #if defined(__e2k__) && __iset__ < 6
| #	error
| #endif
| 
| // Intel's old compiler (ICC) can define __GNUC__ but the attribute must not
| // be used with it. The new Clang-based ICX needs the attribute.
| // Checking for !defined(__EDG__) catches ICC and other EDG-based compilers.
| #if (defined(__GNUC__) || defined(__clang__)) && !defined(__EDG__)
| __attribute__((__target__("ssse3,sse4.1,pclmul")))
| #endif
| __m128i my_clmul(__m128i a)
| {
| 	const __m128i b = _mm_set_epi64x(1, 2);
| 	return _mm_clmulepi64_si128(a, b, 0);
| }
| 
configure:21978: result: no
configure:21988: checking if ARM64 CRC32 instruction is usable
configure:22021: arm-unknown-linux-gnueabihf-gcc -c -g -O2 -Werror  conftest.c >&5
conftest.c:115:1: error: 'armv7-a' does not support feature 'crc'
  115 | {
      | ^
conftest.c:115:1: note: valid feature names are: mp sec fp vfpv3 vfpv3-d16-fp16 vfpv3-fp16 vfpv4-d16 vfpv4 simd neon-fp16 neon-vfpv4 nosimd nofp vfpv3-d16 neon neon-vfpv3
conftest.c: In function 'my_crc':
conftest.c:115:1: error: 'armv7-a' does not support feature 'crc'
conftest.c:115:1: note: valid feature names are: mp sec fp vfpv3 vfpv3-d16-fp16 vfpv3-fp16 vfpv4-d16 vfpv4 simd neon-fp16 neon-vfpv4 nosimd nofp vfpv3-d16 neon neon-vfpv3
conftest.c:116:9: error: implicit declaration of function '__crc32d' [-Werror=implicit-function-declaration]
  116 |  return __crc32d(a, b);
      |         ^~~~~~~~
cc1: all warnings being treated as errors
configure:22021: $? = 1
configure: failed program was:
| /* confdefs.h */
| #define PACKAGE_NAME "XZ Utils"
| #define PACKAGE_TARNAME "xz"
| #define PACKAGE_VERSION "5.6.2"
| #define PACKAGE_STRING "XZ Utils 5.6.2"
| #define PACKAGE_BUGREPORT "xz@tukaani.org"
| #define PACKAGE_URL "https://tukaani.org/xz/"
| #define NDEBUG 1
| #define HAVE_ENCODER_LZMA1 1
| #define HAVE_ENCODER_LZMA2 1
| #define HAVE_ENCODER_DELTA 1
| #define HAVE_ENCODER_X86 1
| #define HAVE_ENCODER_POWERPC 1
| #define HAVE_ENCODER_IA64 1
| #define HAVE_ENCODER_ARM 1
| #define HAVE_ENCODER_ARMTHUMB 1
| #define HAVE_ENCODER_ARM64 1
| #define HAVE_ENCODER_SPARC 1
| #define HAVE_ENCODER_RISCV 1
| #define HAVE_ENCODERS 1
| #define HAVE_DECODER_LZMA1 1
| #define HAVE_DECODER_LZMA2 1
| #define HAVE_DECODER_DELTA 1
| #define HAVE_DECODER_X86 1
| #define HAVE_DECODER_POWERPC 1
| #define HAVE_DECODER_IA64 1
| #define HAVE_DECODER_ARM 1
| #define HAVE_DECODER_ARMTHUMB 1
| #define HAVE_DECODER_ARM64 1
| #define HAVE_DECODER_SPARC 1
| #define HAVE_DECODER_RISCV 1
| #define HAVE_DECODERS 1
| #define HAVE_MF_HC3 1
| #define HAVE_MF_HC4 1
| #define HAVE_MF_BT2 1
| #define HAVE_MF_BT3 1
| #define HAVE_MF_BT4 1
| #define HAVE_CHECK_CRC32 1
| #define HAVE_CHECK_CRC64 1
| #define HAVE_CHECK_SHA256 1
| #define HAVE_LZIP_DECODER 1
| #define ASSUME_RAM 128
| #define PACKAGE "xz"
| #define VERSION "5.6.2"
| #define HAVE_STDIO_H 1
| #define HAVE_STDLIB_H 1
| #define HAVE_STRING_H 1
| #define HAVE_INTTYPES_H 1
| #define HAVE_STDINT_H 1
| #define HAVE_STRINGS_H 1
| #define HAVE_SYS_STAT_H 1
| #define HAVE_SYS_TYPES_H 1
| #define HAVE_UNISTD_H 1
| #define HAVE_WCHAR_H 1
| #define HAVE_SYS_CDEFS_H 1
| #define STDC_HEADERS 1
| #define _ALL_SOURCE 1
| #define _DARWIN_C_SOURCE 1
| #define _GNU_SOURCE 1
| #define _HPUX_ALT_XOPEN_SOCKET_API 1
| #define _NETBSD_SOURCE 1
| #define _OPENBSD_SOURCE 1
| #define _POSIX_PTHREAD_SEMANTICS 1
| #define __STDC_WANT_IEC_60559_ATTRIBS_EXT__ 1
| #define __STDC_WANT_IEC_60559_BFP_EXT__ 1
| #define __STDC_WANT_IEC_60559_DFP_EXT__ 1
| #define __STDC_WANT_IEC_60559_EXT__ 1
| #define __STDC_WANT_IEC_60559_FUNCS_EXT__ 1
| #define __STDC_WANT_IEC_60559_TYPES_EXT__ 1
| #define __STDC_WANT_LIB_EXT2__ 1
| #define __STDC_WANT_MATH_SPEC_FUNCS__ 1
| #define _TANDEM_SOURCE 1
| #define __EXTENSIONS__ 1
| #define HAVE_PTHREAD_PRIO_INHERIT 1
| #define MYTHREAD_POSIX 1
| #define HAVE_PTHREAD_CONDATTR_SETCLOCK 1
| #define HAVE_DLFCN_H 1
| #define LT_OBJDIR ".libs/"
| #define HAVE_SYMBOL_VERSIONS_LINUX 2
| #define ENABLE_NLS 1
| #define HAVE_GETTEXT 1
| #define HAVE_DCGETTEXT 1
| #define HAVE__BOOL 1
| #define HAVE_STDBOOL_H 1
| #define HAVE_UINTPTR_T 1
| #define SIZEOF_SIZE_T 4
| #define HAVE_STRUCT_STAT_ST_ATIM_TV_NSEC 1
| #define _FILE_OFFSET_BITS 64
| #define HAVE_FUNC_ATTRIBUTE_CONSTRUCTOR 1
| #define HAVE_GETOPT_H 1
| #define HAVE_GETOPT_LONG 1
| #define HAVE_CLOCK_GETTIME 1
| #define HAVE_CLOCK_MONOTONIC 1
| #define HAVE_FUTIMENS 1
| #define HAVE_POSIX_FADVISE 1
| #define HAVE_PROGRAM_INVOCATION_NAME 1
| #define HAVE___BUILTIN_BSWAPXX 1
| #define TUKLIB_FAST_UNALIGNED_ACCESS 1
| #define HAVE___BUILTIN_ASSUME_ALIGNED 1
| #define HAVE_SYS_PARAM_H 1
| #define TUKLIB_PHYSMEM_SYSCONF 1
| #define HAVE_SYS_PARAM_H 1
| #define TUKLIB_CPUCORES_SCHED_GETAFFINITY 1
| #define HAVE_MBRTOWC 1
| #define HAVE_WCWIDTH 1
| /* end confdefs.h.  */
| 
| #include <arm_acle.h>
| #include <stdint.h>
| 
| #if (defined(__GNUC__) || defined(__clang__)) && !defined(__EDG__)
| __attribute__((__target__("+crc")))
| #endif
| uint32_t my_crc(uint32_t a, uint64_t b)
| {
| 	return __crc32d(a, b);
| }
| 
configure:22036: result: no
configure:22209: checking whether the -Werror option is usable
configure:22228: arm-unknown-linux-gnueabihf-gcc -c -g -O2 -Werror  conftest.c >&5
configure:22228: $? = 0
configure:22240: result: yes
configure:22242: checking for simple visibility declarations
configure:22274: arm-unknown-linux-gnueabihf-gcc -c -g -O2 -fvisibility=hidden -Werror  conftest.c >&5
configure:22274: $? = 0
configure:22286: result: yes
configure:22365: checking if arm-unknown-linux-gnueabihf-gcc accepts -Wall
configure:22373: arm-unknown-linux-gnueabihf-gcc -c -g -O2 -Wall -Werror  conftest.c >&5
configure:22373: $? = 0
configure:22377: result: yes
configure:22365: checking if arm-unknown-linux-gnueabihf-gcc accepts -Wextra
configure:22373: arm-unknown-linux-gnueabihf-gcc -c -g -O2 -Wextra -Werror  conftest.c >&5
configure:22373: $? = 0
configure:22377: result: yes
configure:22365: checking if arm-unknown-linux-gnueabihf-gcc accepts -Wvla
configure:22373: arm-unknown-linux-gnueabihf-gcc -c -g -O2 -Wvla -Werror  conftest.c >&5
configure:22373: $? = 0
configure:22377: result: yes
configure:22365: checking if arm-unknown-linux-gnueabihf-gcc accepts -Wformat=2
configure:22373: arm-unknown-linux-gnueabihf-gcc -c -g -O2 -Wformat=2 -Werror  conftest.c >&5
configure:22373: $? = 0
configure:22377: result: yes
configure:22365: checking if arm-unknown-linux-gnueabihf-gcc accepts -Winit-self
configure:22373: arm-unknown-linux-gnueabihf-gcc -c -g -O2 -Winit-self -Werror  conftest.c >&5
configure:22373: $? = 0
configure:22377: result: yes
configure:22365: checking if arm-unknown-linux-gnueabihf-gcc accepts -Wmissing-include-dirs
configure:22373: arm-unknown-linux-gnueabihf-gcc -c -g -O2 -Wmissing-include-dirs -Werror  conftest.c >&5
configure:22373: $? = 0
configure:22377: result: yes
configure:22365: checking if arm-unknown-linux-gnueabihf-gcc accepts -Wshift-overflow=2
configure:22373: arm-unknown-linux-gnueabihf-gcc -c -g -O2 -Wshift-overflow=2 -Werror  conftest.c >&5
configure:22373: $? = 0
configure:22377: result: yes
configure:22365: checking if arm-unknown-linux-gnueabihf-gcc accepts -Wstrict-overflow=3
configure:22373: arm-unknown-linux-gnueabihf-gcc -c -g -O2 -Wstrict-overflow=3 -Werror  conftest.c >&5
configure:22373: $? = 0
configure:22377: result: yes
configure:22365: checking if arm-unknown-linux-gnueabihf-gcc accepts -Walloc-zero
configure:22373: arm-unknown-linux-gnueabihf-gcc -c -g -O2 -Walloc-zero -Werror  conftest.c >&5
configure:22373: $? = 0
configure:22377: result: yes
configure:22365: checking if arm-unknown-linux-gnueabihf-gcc accepts -Wduplicated-cond
configure:22373: arm-unknown-linux-gnueabihf-gcc -c -g -O2 -Wduplicated-cond -Werror  conftest.c >&5
configure:22373: $? = 0
configure:22377: result: yes
configure:22365: checking if arm-unknown-linux-gnueabihf-gcc accepts -Wfloat-equal
configure:22373: arm-unknown-linux-gnueabihf-gcc -c -g -O2 -Wfloat-equal -Werror  conftest.c >&5
configure:22373: $? = 0
configure:22377: result: yes
configure:22365: checking if arm-unknown-linux-gnueabihf-gcc accepts -Wundef
configure:22373: arm-unknown-linux-gnueabihf-gcc -c -g -O2 -Wundef -Werror  conftest.c >&5
configure:22373: $? = 0
configure:22377: result: yes
configure:22365: checking if arm-unknown-linux-gnueabihf-gcc accepts -Wshadow
configure:22373: arm-unknown-linux-gnueabihf-gcc -c -g -O2 -Wshadow -Werror  conftest.c >&5
configure:22373: $? = 0
configure:22377: result: yes
configure:22365: checking if arm-unknown-linux-gnueabihf-gcc accepts -Wpointer-arith
configure:22373: arm-unknown-linux-gnueabihf-gcc -c -g -O2 -Wpointer-arith -Werror  conftest.c >&5
configure:22373: $? = 0
configure:22377: result: yes
configure:22365: checking if arm-unknown-linux-gnueabihf-gcc accepts -Wbad-function-cast
configure:22373: arm-unknown-linux-gnueabihf-gcc -c -g -O2 -Wbad-function-cast -Werror  conftest.c >&5
configure:22373: $? = 0
configure:22377: result: yes
configure:22365: checking if arm-unknown-linux-gnueabihf-gcc accepts -Wwrite-strings
configure:22373: arm-unknown-linux-gnueabihf-gcc -c -g -O2 -Wwrite-strings -Werror  conftest.c >&5
configure:22373: $? = 0
configure:22377: result: yes
configure:22365: checking if arm-unknown-linux-gnueabihf-gcc accepts -Wdate-time
configure:22373: arm-unknown-linux-gnueabihf-gcc -c -g -O2 -Wdate-time -Werror  conftest.c >&5
configure:22373: $? = 0
configure:22377: result: yes
configure:22365: checking if arm-unknown-linux-gnueabihf-gcc accepts -Wsign-conversion
configure:22373: arm-unknown-linux-gnueabihf-gcc -c -g -O2 -Wsign-conversion -Werror  conftest.c >&5
configure:22373: $? = 0
configure:22377: result: yes
configure:22365: checking if arm-unknown-linux-gnueabihf-gcc accepts -Wfloat-conversion
configure:22373: arm-unknown-linux-gnueabihf-gcc -c -g -O2 -Wfloat-conversion -Werror  conftest.c >&5
configure:22373: $? = 0
configure:22377: result: yes
configure:22365: checking if arm-unknown-linux-gnueabihf-gcc accepts -Wlogical-op
configure:22373: arm-unknown-linux-gnueabihf-gcc -c -g -O2 -Wlogical-op -Werror  conftest.c >&5
configure:22373: $? = 0
configure:22377: result: yes
configure:22365: checking if arm-unknown-linux-gnueabihf-gcc accepts -Waggregate-return
configure:22373: arm-unknown-linux-gnueabihf-gcc -c -g -O2 -Waggregate-return -Werror  conftest.c >&5
configure:22373: $? = 0
configure:22377: result: yes
configure:22365: checking if arm-unknown-linux-gnueabihf-gcc accepts -Wstrict-prototypes
configure:22373: arm-unknown-linux-gnueabihf-gcc -c -g -O2 -Wstrict-prototypes -Werror  conftest.c >&5
configure:22373: $? = 0
configure:22377: result: yes
configure:22365: checking if arm-unknown-linux-gnueabihf-gcc accepts -Wold-style-definition
configure:22373: arm-unknown-linux-gnueabihf-gcc -c -g -O2 -Wold-style-definition -Werror  conftest.c >&5
configure:22373: $? = 0
configure:22377: result: yes
configure:22365: checking if arm-unknown-linux-gnueabihf-gcc accepts -Wmissing-prototypes
configure:22373: arm-unknown-linux-gnueabihf-gcc -c -g -O2 -Wmissing-prototypes -Werror  conftest.c >&5
configure:22373: $? = 0
configure:22377: result: yes
configure:22365: checking if arm-unknown-linux-gnueabihf-gcc accepts -Wmissing-declarations
configure:22373: arm-unknown-linux-gnueabihf-gcc -c -g -O2 -Wmissing-declarations -Werror  conftest.c >&5
configure:22373: $? = 0
configure:22377: result: yes
configure:22365: checking if arm-unknown-linux-gnueabihf-gcc accepts -Wredundant-decls
configure:22373: arm-unknown-linux-gnueabihf-gcc -c -g -O2 -Wredundant-decls -Werror  conftest.c >&5
configure:22373: $? = 0
configure:22377: result: yes
configure:22365: checking if arm-unknown-linux-gnueabihf-gcc accepts -Wc99-compat
configure:22373: arm-unknown-linux-gnueabihf-gcc -c -g -O2 -Wc99-compat -Werror  conftest.c >&5
arm-unknown-linux-gnueabihf-gcc: error: unrecognized command line option '-Wc99-compat'; did you mean '-Wc++-compat'?
configure:22373: $? = 1
configure: failed program was:
| /* confdefs.h */
| #define PACKAGE_NAME "XZ Utils"
| #define PACKAGE_TARNAME "xz"
| #define PACKAGE_VERSION "5.6.2"
| #define PACKAGE_STRING "XZ Utils 5.6.2"
| #define PACKAGE_BUGREPORT "xz@tukaani.org"
| #define PACKAGE_URL "https://tukaani.org/xz/"
| #define NDEBUG 1
| #define HAVE_ENCODER_LZMA1 1
| #define HAVE_ENCODER_LZMA2 1
| #define HAVE_ENCODER_DELTA 1
| #define HAVE_ENCODER_X86 1
| #define HAVE_ENCODER_POWERPC 1
| #define HAVE_ENCODER_IA64 1
| #define HAVE_ENCODER_ARM 1
| #define HAVE_ENCODER_ARMTHUMB 1
| #define HAVE_ENCODER_ARM64 1
| #define HAVE_ENCODER_SPARC 1
| #define HAVE_ENCODER_RISCV 1
| #define HAVE_ENCODERS 1
| #define HAVE_DECODER_LZMA1 1
| #define HAVE_DECODER_LZMA2 1
| #define HAVE_DECODER_DELTA 1
| #define HAVE_DECODER_X86 1
| #define HAVE_DECODER_POWERPC 1
| #define HAVE_DECODER_IA64 1
| #define HAVE_DECODER_ARM 1
| #define HAVE_DECODER_ARMTHUMB 1
| #define HAVE_DECODER_ARM64 1
| #define HAVE_DECODER_SPARC 1
| #define HAVE_DECODER_RISCV 1
| #define HAVE_DECODERS 1
| #define HAVE_MF_HC3 1
| #define HAVE_MF_HC4 1
| #define HAVE_MF_BT2 1
| #define HAVE_MF_BT3 1
| #define HAVE_MF_BT4 1
| #define HAVE_CHECK_CRC32 1
| #define HAVE_CHECK_CRC64 1
| #define HAVE_CHECK_SHA256 1
| #define HAVE_LZIP_DECODER 1
| #define ASSUME_RAM 128
| #define PACKAGE "xz"
| #define VERSION "5.6.2"
| #define HAVE_STDIO_H 1
| #define HAVE_STDLIB_H 1
| #define HAVE_STRING_H 1
| #define HAVE_INTTYPES_H 1
| #define HAVE_STDINT_H 1
| #define HAVE_STRINGS_H 1
| #define HAVE_SYS_STAT_H 1
| #define HAVE_SYS_TYPES_H 1
| #define HAVE_UNISTD_H 1
| #define HAVE_WCHAR_H 1
| #define HAVE_SYS_CDEFS_H 1
| #define STDC_HEADERS 1
| #define _ALL_SOURCE 1
| #define _DARWIN_C_SOURCE 1
| #define _GNU_SOURCE 1
| #define _HPUX_ALT_XOPEN_SOCKET_API 1
| #define _NETBSD_SOURCE 1
| #define _OPENBSD_SOURCE 1
| #define _POSIX_PTHREAD_SEMANTICS 1
| #define __STDC_WANT_IEC_60559_ATTRIBS_EXT__ 1
| #define __STDC_WANT_IEC_60559_BFP_EXT__ 1
| #define __STDC_WANT_IEC_60559_DFP_EXT__ 1
| #define __STDC_WANT_IEC_60559_EXT__ 1
| #define __STDC_WANT_IEC_60559_FUNCS_EXT__ 1
| #define __STDC_WANT_IEC_60559_TYPES_EXT__ 1
| #define __STDC_WANT_LIB_EXT2__ 1
| #define __STDC_WANT_MATH_SPEC_FUNCS__ 1
| #define _TANDEM_SOURCE 1
| #define __EXTENSIONS__ 1
| #define HAVE_PTHREAD_PRIO_INHERIT 1
| #define MYTHREAD_POSIX 1
| #define HAVE_PTHREAD_CONDATTR_SETCLOCK 1
| #define HAVE_DLFCN_H 1
| #define LT_OBJDIR ".libs/"
| #define HAVE_SYMBOL_VERSIONS_LINUX 2
| #define ENABLE_NLS 1
| #define HAVE_GETTEXT 1
| #define HAVE_DCGETTEXT 1
| #define HAVE__BOOL 1
| #define HAVE_STDBOOL_H 1
| #define HAVE_UINTPTR_T 1
| #define SIZEOF_SIZE_T 4
| #define HAVE_STRUCT_STAT_ST_ATIM_TV_NSEC 1
| #define _FILE_OFFSET_BITS 64
| #define HAVE_FUNC_ATTRIBUTE_CONSTRUCTOR 1
| #define HAVE_GETOPT_H 1
| #define HAVE_GETOPT_LONG 1
| #define HAVE_CLOCK_GETTIME 1
| #define HAVE_CLOCK_MONOTONIC 1
| #define HAVE_FUTIMENS 1
| #define HAVE_POSIX_FADVISE 1
| #define HAVE_PROGRAM_INVOCATION_NAME 1
| #define HAVE___BUILTIN_BSWAPXX 1
| #define TUKLIB_FAST_UNALIGNED_ACCESS 1
| #define HAVE___BUILTIN_ASSUME_ALIGNED 1
| #define HAVE_SYS_PARAM_H 1
| #define TUKLIB_PHYSMEM_SYSCONF 1
| #define HAVE_SYS_PARAM_H 1
| #define TUKLIB_CPUCORES_SCHED_GETAFFINITY 1
| #define HAVE_MBRTOWC 1
| #define HAVE_WCWIDTH 1
| #define HAVE_VISIBILITY 1
| /* end confdefs.h.  */
| void foo(void); void foo(void) { }
configure:22382: result: no
configure:22365: checking if arm-unknown-linux-gnueabihf-gcc accepts -Wc11-extensions
configure:22373: arm-unknown-linux-gnueabihf-gcc -c -g -O2 -Wc11-extensions -Werror  conftest.c >&5
arm-unknown-linux-gnueabihf-gcc: error: unrecognized command line option '-Wc11-extensions'; did you mean '-fms-extensions'?
configure:22373: $? = 1
configure: failed program was:
| /* confdefs.h */
| #define PACKAGE_NAME "XZ Utils"
| #define PACKAGE_TARNAME "xz"
| #define PACKAGE_VERSION "5.6.2"
| #define PACKAGE_STRING "XZ Utils 5.6.2"
| #define PACKAGE_BUGREPORT "xz@tukaani.org"
| #define PACKAGE_URL "https://tukaani.org/xz/"
| #define NDEBUG 1
| #define HAVE_ENCODER_LZMA1 1
| #define HAVE_ENCODER_LZMA2 1
| #define HAVE_ENCODER_DELTA 1
| #define HAVE_ENCODER_X86 1
| #define HAVE_ENCODER_POWERPC 1
| #define HAVE_ENCODER_IA64 1
| #define HAVE_ENCODER_ARM 1
| #define HAVE_ENCODER_ARMTHUMB 1
| #define HAVE_ENCODER_ARM64 1
| #define HAVE_ENCODER_SPARC 1
| #define HAVE_ENCODER_RISCV 1
| #define HAVE_ENCODERS 1
| #define HAVE_DECODER_LZMA1 1
| #define HAVE_DECODER_LZMA2 1
| #define HAVE_DECODER_DELTA 1
| #define HAVE_DECODER_X86 1
| #define HAVE_DECODER_POWERPC 1
| #define HAVE_DECODER_IA64 1
| #define HAVE_DECODER_ARM 1
| #define HAVE_DECODER_ARMTHUMB 1
| #define HAVE_DECODER_ARM64 1
| #define HAVE_DECODER_SPARC 1
| #define HAVE_DECODER_RISCV 1
| #define HAVE_DECODERS 1
| #define HAVE_MF_HC3 1
| #define HAVE_MF_HC4 1
| #define HAVE_MF_BT2 1
| #define HAVE_MF_BT3 1
| #define HAVE_MF_BT4 1
| #define HAVE_CHECK_CRC32 1
| #define HAVE_CHECK_CRC64 1
| #define HAVE_CHECK_SHA256 1
| #define HAVE_LZIP_DECODER 1
| #define ASSUME_RAM 128
| #define PACKAGE "xz"
| #define VERSION "5.6.2"
| #define HAVE_STDIO_H 1
| #define HAVE_STDLIB_H 1
| #define HAVE_STRING_H 1
| #define HAVE_INTTYPES_H 1
| #define HAVE_STDINT_H 1
| #define HAVE_STRINGS_H 1
| #define HAVE_SYS_STAT_H 1
| #define HAVE_SYS_TYPES_H 1
| #define HAVE_UNISTD_H 1
| #define HAVE_WCHAR_H 1
| #define HAVE_SYS_CDEFS_H 1
| #define STDC_HEADERS 1
| #define _ALL_SOURCE 1
| #define _DARWIN_C_SOURCE 1
| #define _GNU_SOURCE 1
| #define _HPUX_ALT_XOPEN_SOCKET_API 1
| #define _NETBSD_SOURCE 1
| #define _OPENBSD_SOURCE 1
| #define _POSIX_PTHREAD_SEMANTICS 1
| #define __STDC_WANT_IEC_60559_ATTRIBS_EXT__ 1
| #define __STDC_WANT_IEC_60559_BFP_EXT__ 1
| #define __STDC_WANT_IEC_60559_DFP_EXT__ 1
| #define __STDC_WANT_IEC_60559_EXT__ 1
| #define __STDC_WANT_IEC_60559_FUNCS_EXT__ 1
| #define __STDC_WANT_IEC_60559_TYPES_EXT__ 1
| #define __STDC_WANT_LIB_EXT2__ 1
| #define __STDC_WANT_MATH_SPEC_FUNCS__ 1
| #define _TANDEM_SOURCE 1
| #define __EXTENSIONS__ 1
| #define HAVE_PTHREAD_PRIO_INHERIT 1
| #define MYTHREAD_POSIX 1
| #define HAVE_PTHREAD_CONDATTR_SETCLOCK 1
| #define HAVE_DLFCN_H 1
| #define LT_OBJDIR ".libs/"
| #define HAVE_SYMBOL_VERSIONS_LINUX 2
| #define ENABLE_NLS 1
| #define HAVE_GETTEXT 1
| #define HAVE_DCGETTEXT 1
| #define HAVE__BOOL 1
| #define HAVE_STDBOOL_H 1
| #define HAVE_UINTPTR_T 1
| #define SIZEOF_SIZE_T 4
| #define HAVE_STRUCT_STAT_ST_ATIM_TV_NSEC 1
| #define _FILE_OFFSET_BITS 64
| #define HAVE_FUNC_ATTRIBUTE_CONSTRUCTOR 1
| #define HAVE_GETOPT_H 1
| #define HAVE_GETOPT_LONG 1
| #define HAVE_CLOCK_GETTIME 1
| #define HAVE_CLOCK_MONOTONIC 1
| #define HAVE_FUTIMENS 1
| #define HAVE_POSIX_FADVISE 1
| #define HAVE_PROGRAM_INVOCATION_NAME 1
| #define HAVE___BUILTIN_BSWAPXX 1
| #define TUKLIB_FAST_UNALIGNED_ACCESS 1
| #define HAVE___BUILTIN_ASSUME_ALIGNED 1
| #define HAVE_SYS_PARAM_H 1
| #define TUKLIB_PHYSMEM_SYSCONF 1
| #define HAVE_SYS_PARAM_H 1
| #define TUKLIB_CPUCORES_SCHED_GETAFFINITY 1
| #define HAVE_MBRTOWC 1
| #define HAVE_WCWIDTH 1
| #define HAVE_VISIBILITY 1
| /* end confdefs.h.  */
| void foo(void); void foo(void) { }
configure:22382: result: no
configure:22365: checking if arm-unknown-linux-gnueabihf-gcc accepts -Wc2x-compat
configure:22373: arm-unknown-linux-gnueabihf-gcc -c -g -O2 -Wc2x-compat -Werror  conftest.c >&5
arm-unknown-linux-gnueabihf-gcc: error: unrecognized command line option '-Wc2x-compat'; did you mean '-Wc++-compat'?
configure:22373: $? = 1
configure: failed program was:
| /* confdefs.h */
| #define PACKAGE_NAME "XZ Utils"
| #define PACKAGE_TARNAME "xz"
| #define PACKAGE_VERSION "5.6.2"
| #define PACKAGE_STRING "XZ Utils 5.6.2"
| #define PACKAGE_BUGREPORT "xz@tukaani.org"
| #define PACKAGE_URL "https://tukaani.org/xz/"
| #define NDEBUG 1
| #define HAVE_ENCODER_LZMA1 1
| #define HAVE_ENCODER_LZMA2 1
| #define HAVE_ENCODER_DELTA 1
| #define HAVE_ENCODER_X86 1
| #define HAVE_ENCODER_POWERPC 1
| #define HAVE_ENCODER_IA64 1
| #define HAVE_ENCODER_ARM 1
| #define HAVE_ENCODER_ARMTHUMB 1
| #define HAVE_ENCODER_ARM64 1
| #define HAVE_ENCODER_SPARC 1
| #define HAVE_ENCODER_RISCV 1
| #define HAVE_ENCODERS 1
| #define HAVE_DECODER_LZMA1 1
| #define HAVE_DECODER_LZMA2 1
| #define HAVE_DECODER_DELTA 1
| #define HAVE_DECODER_X86 1
| #define HAVE_DECODER_POWERPC 1
| #define HAVE_DECODER_IA64 1
| #define HAVE_DECODER_ARM 1
| #define HAVE_DECODER_ARMTHUMB 1
| #define HAVE_DECODER_ARM64 1
| #define HAVE_DECODER_SPARC 1
| #define HAVE_DECODER_RISCV 1
| #define HAVE_DECODERS 1
| #define HAVE_MF_HC3 1
| #define HAVE_MF_HC4 1
| #define HAVE_MF_BT2 1
| #define HAVE_MF_BT3 1
| #define HAVE_MF_BT4 1
| #define HAVE_CHECK_CRC32 1
| #define HAVE_CHECK_CRC64 1
| #define HAVE_CHECK_SHA256 1
| #define HAVE_LZIP_DECODER 1
| #define ASSUME_RAM 128
| #define PACKAGE "xz"
| #define VERSION "5.6.2"
| #define HAVE_STDIO_H 1
| #define HAVE_STDLIB_H 1
| #define HAVE_STRING_H 1
| #define HAVE_INTTYPES_H 1
| #define HAVE_STDINT_H 1
| #define HAVE_STRINGS_H 1
| #define HAVE_SYS_STAT_H 1
| #define HAVE_SYS_TYPES_H 1
| #define HAVE_UNISTD_H 1
| #define HAVE_WCHAR_H 1
| #define HAVE_SYS_CDEFS_H 1
| #define STDC_HEADERS 1
| #define _ALL_SOURCE 1
| #define _DARWIN_C_SOURCE 1
| #define _GNU_SOURCE 1
| #define _HPUX_ALT_XOPEN_SOCKET_API 1
| #define _NETBSD_SOURCE 1
| #define _OPENBSD_SOURCE 1
| #define _POSIX_PTHREAD_SEMANTICS 1
| #define __STDC_WANT_IEC_60559_ATTRIBS_EXT__ 1
| #define __STDC_WANT_IEC_60559_BFP_EXT__ 1
| #define __STDC_WANT_IEC_60559_DFP_EXT__ 1
| #define __STDC_WANT_IEC_60559_EXT__ 1
| #define __STDC_WANT_IEC_60559_FUNCS_EXT__ 1
| #define __STDC_WANT_IEC_60559_TYPES_EXT__ 1
| #define __STDC_WANT_LIB_EXT2__ 1
| #define __STDC_WANT_MATH_SPEC_FUNCS__ 1
| #define _TANDEM_SOURCE 1
| #define __EXTENSIONS__ 1
| #define HAVE_PTHREAD_PRIO_INHERIT 1
| #define MYTHREAD_POSIX 1
| #define HAVE_PTHREAD_CONDATTR_SETCLOCK 1
| #define HAVE_DLFCN_H 1
| #define LT_OBJDIR ".libs/"
| #define HAVE_SYMBOL_VERSIONS_LINUX 2
| #define ENABLE_NLS 1
| #define HAVE_GETTEXT 1
| #define HAVE_DCGETTEXT 1
| #define HAVE__BOOL 1
| #define HAVE_STDBOOL_H 1
| #define HAVE_UINTPTR_T 1
| #define SIZEOF_SIZE_T 4
| #define HAVE_STRUCT_STAT_ST_ATIM_TV_NSEC 1
| #define _FILE_OFFSET_BITS 64
| #define HAVE_FUNC_ATTRIBUTE_CONSTRUCTOR 1
| #define HAVE_GETOPT_H 1
| #define HAVE_GETOPT_LONG 1
| #define HAVE_CLOCK_GETTIME 1
| #define HAVE_CLOCK_MONOTONIC 1
| #define HAVE_FUTIMENS 1
| #define HAVE_POSIX_FADVISE 1
| #define HAVE_PROGRAM_INVOCATION_NAME 1
| #define HAVE___BUILTIN_BSWAPXX 1
| #define TUKLIB_FAST_UNALIGNED_ACCESS 1
| #define HAVE___BUILTIN_ASSUME_ALIGNED 1
| #define HAVE_SYS_PARAM_H 1
| #define TUKLIB_PHYSMEM_SYSCONF 1
| #define HAVE_SYS_PARAM_H 1
| #define TUKLIB_CPUCORES_SCHED_GETAFFINITY 1
| #define HAVE_MBRTOWC 1
| #define HAVE_WCWIDTH 1
| #define HAVE_VISIBILITY 1
| /* end confdefs.h.  */
| void foo(void); void foo(void) { }
configure:22382: result: no
configure:22365: checking if arm-unknown-linux-gnueabihf-gcc accepts -Wc2x-extensions
configure:22373: arm-unknown-linux-gnueabihf-gcc -c -g -O2 -Wc2x-extensions -Werror  conftest.c >&5
arm-unknown-linux-gnueabihf-gcc: error: unrecognized command line option '-Wc2x-extensions'; did you mean '-fms-extensions'?
configure:22373: $? = 1
configure: failed program was:
| /* confdefs.h */
| #define PACKAGE_NAME "XZ Utils"
| #define PACKAGE_TARNAME "xz"
| #define PACKAGE_VERSION "5.6.2"
| #define PACKAGE_STRING "XZ Utils 5.6.2"
| #define PACKAGE_BUGREPORT "xz@tukaani.org"
| #define PACKAGE_URL "https://tukaani.org/xz/"
| #define NDEBUG 1
| #define HAVE_ENCODER_LZMA1 1
| #define HAVE_ENCODER_LZMA2 1
| #define HAVE_ENCODER_DELTA 1
| #define HAVE_ENCODER_X86 1
| #define HAVE_ENCODER_POWERPC 1
| #define HAVE_ENCODER_IA64 1
| #define HAVE_ENCODER_ARM 1
| #define HAVE_ENCODER_ARMTHUMB 1
| #define HAVE_ENCODER_ARM64 1
| #define HAVE_ENCODER_SPARC 1
| #define HAVE_ENCODER_RISCV 1
| #define HAVE_ENCODERS 1
| #define HAVE_DECODER_LZMA1 1
| #define HAVE_DECODER_LZMA2 1
| #define HAVE_DECODER_DELTA 1
| #define HAVE_DECODER_X86 1
| #define HAVE_DECODER_POWERPC 1
| #define HAVE_DECODER_IA64 1
| #define HAVE_DECODER_ARM 1
| #define HAVE_DECODER_ARMTHUMB 1
| #define HAVE_DECODER_ARM64 1
| #define HAVE_DECODER_SPARC 1
| #define HAVE_DECODER_RISCV 1
| #define HAVE_DECODERS 1
| #define HAVE_MF_HC3 1
| #define HAVE_MF_HC4 1
| #define HAVE_MF_BT2 1
| #define HAVE_MF_BT3 1
| #define HAVE_MF_BT4 1
| #define HAVE_CHECK_CRC32 1
| #define HAVE_CHECK_CRC64 1
| #define HAVE_CHECK_SHA256 1
| #define HAVE_LZIP_DECODER 1
| #define ASSUME_RAM 128
| #define PACKAGE "xz"
| #define VERSION "5.6.2"
| #define HAVE_STDIO_H 1
| #define HAVE_STDLIB_H 1
| #define HAVE_STRING_H 1
| #define HAVE_INTTYPES_H 1
| #define HAVE_STDINT_H 1
| #define HAVE_STRINGS_H 1
| #define HAVE_SYS_STAT_H 1
| #define HAVE_SYS_TYPES_H 1
| #define HAVE_UNISTD_H 1
| #define HAVE_WCHAR_H 1
| #define HAVE_SYS_CDEFS_H 1
| #define STDC_HEADERS 1
| #define _ALL_SOURCE 1
| #define _DARWIN_C_SOURCE 1
| #define _GNU_SOURCE 1
| #define _HPUX_ALT_XOPEN_SOCKET_API 1
| #define _NETBSD_SOURCE 1
| #define _OPENBSD_SOURCE 1
| #define _POSIX_PTHREAD_SEMANTICS 1
| #define __STDC_WANT_IEC_60559_ATTRIBS_EXT__ 1
| #define __STDC_WANT_IEC_60559_BFP_EXT__ 1
| #define __STDC_WANT_IEC_60559_DFP_EXT__ 1
| #define __STDC_WANT_IEC_60559_EXT__ 1
| #define __STDC_WANT_IEC_60559_FUNCS_EXT__ 1
| #define __STDC_WANT_IEC_60559_TYPES_EXT__ 1
| #define __STDC_WANT_LIB_EXT2__ 1
| #define __STDC_WANT_MATH_SPEC_FUNCS__ 1
| #define _TANDEM_SOURCE 1
| #define __EXTENSIONS__ 1
| #define HAVE_PTHREAD_PRIO_INHERIT 1
| #define MYTHREAD_POSIX 1
| #define HAVE_PTHREAD_CONDATTR_SETCLOCK 1
| #define HAVE_DLFCN_H 1
| #define LT_OBJDIR ".libs/"
| #define HAVE_SYMBOL_VERSIONS_LINUX 2
| #define ENABLE_NLS 1
| #define HAVE_GETTEXT 1
| #define HAVE_DCGETTEXT 1
| #define HAVE__BOOL 1
| #define HAVE_STDBOOL_H 1
| #define HAVE_UINTPTR_T 1
| #define SIZEOF_SIZE_T 4
| #define HAVE_STRUCT_STAT_ST_ATIM_TV_NSEC 1
| #define _FILE_OFFSET_BITS 64
| #define HAVE_FUNC_ATTRIBUTE_CONSTRUCTOR 1
| #define HAVE_GETOPT_H 1
| #define HAVE_GETOPT_LONG 1
| #define HAVE_CLOCK_GETTIME 1
| #define HAVE_CLOCK_MONOTONIC 1
| #define HAVE_FUTIMENS 1
| #define HAVE_POSIX_FADVISE 1
| #define HAVE_PROGRAM_INVOCATION_NAME 1
| #define HAVE___BUILTIN_BSWAPXX 1
| #define TUKLIB_FAST_UNALIGNED_ACCESS 1
| #define HAVE___BUILTIN_ASSUME_ALIGNED 1
| #define HAVE_SYS_PARAM_H 1
| #define TUKLIB_PHYSMEM_SYSCONF 1
| #define HAVE_SYS_PARAM_H 1
| #define TUKLIB_CPUCORES_SCHED_GETAFFINITY 1
| #define HAVE_MBRTOWC 1
| #define HAVE_WCWIDTH 1
| #define HAVE_VISIBILITY 1
| /* end confdefs.h.  */
| void foo(void); void foo(void) { }
configure:22382: result: no
configure:22365: checking if arm-unknown-linux-gnueabihf-gcc accepts -Wpre-c2x-compat
configure:22373: arm-unknown-linux-gnueabihf-gcc -c -g -O2 -Wpre-c2x-compat -Werror  conftest.c >&5
arm-unknown-linux-gnueabihf-gcc: error: unrecognized command line option '-Wpre-c2x-compat'; did you mean '-Wc11-c2x-compat'?
configure:22373: $? = 1
configure: failed program was:
| /* confdefs.h */
| #define PACKAGE_NAME "XZ Utils"
| #define PACKAGE_TARNAME "xz"
| #define PACKAGE_VERSION "5.6.2"
| #define PACKAGE_STRING "XZ Utils 5.6.2"
| #define PACKAGE_BUGREPORT "xz@tukaani.org"
| #define PACKAGE_URL "https://tukaani.org/xz/"
| #define NDEBUG 1
| #define HAVE_ENCODER_LZMA1 1
| #define HAVE_ENCODER_LZMA2 1
| #define HAVE_ENCODER_DELTA 1
| #define HAVE_ENCODER_X86 1
| #define HAVE_ENCODER_POWERPC 1
| #define HAVE_ENCODER_IA64 1
| #define HAVE_ENCODER_ARM 1
| #define HAVE_ENCODER_ARMTHUMB 1
| #define HAVE_ENCODER_ARM64 1
| #define HAVE_ENCODER_SPARC 1
| #define HAVE_ENCODER_RISCV 1
| #define HAVE_ENCODERS 1
| #define HAVE_DECODER_LZMA1 1
| #define HAVE_DECODER_LZMA2 1
| #define HAVE_DECODER_DELTA 1
| #define HAVE_DECODER_X86 1
| #define HAVE_DECODER_POWERPC 1
| #define HAVE_DECODER_IA64 1
| #define HAVE_DECODER_ARM 1
| #define HAVE_DECODER_ARMTHUMB 1
| #define HAVE_DECODER_ARM64 1
| #define HAVE_DECODER_SPARC 1
| #define HAVE_DECODER_RISCV 1
| #define HAVE_DECODERS 1
| #define HAVE_MF_HC3 1
| #define HAVE_MF_HC4 1
| #define HAVE_MF_BT2 1
| #define HAVE_MF_BT3 1
| #define HAVE_MF_BT4 1
| #define HAVE_CHECK_CRC32 1
| #define HAVE_CHECK_CRC64 1
| #define HAVE_CHECK_SHA256 1
| #define HAVE_LZIP_DECODER 1
| #define ASSUME_RAM 128
| #define PACKAGE "xz"
| #define VERSION "5.6.2"
| #define HAVE_STDIO_H 1
| #define HAVE_STDLIB_H 1
| #define HAVE_STRING_H 1
| #define HAVE_INTTYPES_H 1
| #define HAVE_STDINT_H 1
| #define HAVE_STRINGS_H 1
| #define HAVE_SYS_STAT_H 1
| #define HAVE_SYS_TYPES_H 1
| #define HAVE_UNISTD_H 1
| #define HAVE_WCHAR_H 1
| #define HAVE_SYS_CDEFS_H 1
| #define STDC_HEADERS 1
| #define _ALL_SOURCE 1
| #define _DARWIN_C_SOURCE 1
| #define _GNU_SOURCE 1
| #define _HPUX_ALT_XOPEN_SOCKET_API 1
| #define _NETBSD_SOURCE 1
| #define _OPENBSD_SOURCE 1
| #define _POSIX_PTHREAD_SEMANTICS 1
| #define __STDC_WANT_IEC_60559_ATTRIBS_EXT__ 1
| #define __STDC_WANT_IEC_60559_BFP_EXT__ 1
| #define __STDC_WANT_IEC_60559_DFP_EXT__ 1
| #define __STDC_WANT_IEC_60559_EXT__ 1
| #define __STDC_WANT_IEC_60559_FUNCS_EXT__ 1
| #define __STDC_WANT_IEC_60559_TYPES_EXT__ 1
| #define __STDC_WANT_LIB_EXT2__ 1
| #define __STDC_WANT_MATH_SPEC_FUNCS__ 1
| #define _TANDEM_SOURCE 1
| #define __EXTENSIONS__ 1
| #define HAVE_PTHREAD_PRIO_INHERIT 1
| #define MYTHREAD_POSIX 1
| #define HAVE_PTHREAD_CONDATTR_SETCLOCK 1
| #define HAVE_DLFCN_H 1
| #define LT_OBJDIR ".libs/"
| #define HAVE_SYMBOL_VERSIONS_LINUX 2
| #define ENABLE_NLS 1
| #define HAVE_GETTEXT 1
| #define HAVE_DCGETTEXT 1
| #define HAVE__BOOL 1
| #define HAVE_STDBOOL_H 1
| #define HAVE_UINTPTR_T 1
| #define SIZEOF_SIZE_T 4
| #define HAVE_STRUCT_STAT_ST_ATIM_TV_NSEC 1
| #define _FILE_OFFSET_BITS 64
| #define HAVE_FUNC_ATTRIBUTE_CONSTRUCTOR 1
| #define HAVE_GETOPT_H 1
| #define HAVE_GETOPT_LONG 1
| #define HAVE_CLOCK_GETTIME 1
| #define HAVE_CLOCK_MONOTONIC 1
| #define HAVE_FUTIMENS 1
| #define HAVE_POSIX_FADVISE 1
| #define HAVE_PROGRAM_INVOCATION_NAME 1
| #define HAVE___BUILTIN_BSWAPXX 1
| #define TUKLIB_FAST_UNALIGNED_ACCESS 1
| #define HAVE___BUILTIN_ASSUME_ALIGNED 1
| #define HAVE_SYS_PARAM_H 1
| #define TUKLIB_PHYSMEM_SYSCONF 1
| #define HAVE_SYS_PARAM_H 1
| #define TUKLIB_CPUCORES_SCHED_GETAFFINITY 1
| #define HAVE_MBRTOWC 1
| #define HAVE_WCWIDTH 1
| #define HAVE_VISIBILITY 1
| /* end confdefs.h.  */
| void foo(void); void foo(void) { }
configure:22382: result: no
configure:22365: checking if arm-unknown-linux-gnueabihf-gcc accepts -Warray-bounds-pointer-arithmetic
configure:22373: arm-unknown-linux-gnueabihf-gcc -c -g -O2 -Warray-bounds-pointer-arithmetic -Werror  conftest.c >&5
arm-unknown-linux-gnueabihf-gcc: error: unrecognized command line option '-Warray-bounds-pointer-arithmetic'
configure:22373: $? = 1
configure: failed program was:
| /* confdefs.h */
| #define PACKAGE_NAME "XZ Utils"
| #define PACKAGE_TARNAME "xz"
| #define PACKAGE_VERSION "5.6.2"
| #define PACKAGE_STRING "XZ Utils 5.6.2"
| #define PACKAGE_BUGREPORT "xz@tukaani.org"
| #define PACKAGE_URL "https://tukaani.org/xz/"
| #define NDEBUG 1
| #define HAVE_ENCODER_LZMA1 1
| #define HAVE_ENCODER_LZMA2 1
| #define HAVE_ENCODER_DELTA 1
| #define HAVE_ENCODER_X86 1
| #define HAVE_ENCODER_POWERPC 1
| #define HAVE_ENCODER_IA64 1
| #define HAVE_ENCODER_ARM 1
| #define HAVE_ENCODER_ARMTHUMB 1
| #define HAVE_ENCODER_ARM64 1
| #define HAVE_ENCODER_SPARC 1
| #define HAVE_ENCODER_RISCV 1
| #define HAVE_ENCODERS 1
| #define HAVE_DECODER_LZMA1 1
| #define HAVE_DECODER_LZMA2 1
| #define HAVE_DECODER_DELTA 1
| #define HAVE_DECODER_X86 1
| #define HAVE_DECODER_POWERPC 1
| #define HAVE_DECODER_IA64 1
| #define HAVE_DECODER_ARM 1
| #define HAVE_DECODER_ARMTHUMB 1
| #define HAVE_DECODER_ARM64 1
| #define HAVE_DECODER_SPARC 1
| #define HAVE_DECODER_RISCV 1
| #define HAVE_DECODERS 1
| #define HAVE_MF_HC3 1
| #define HAVE_MF_HC4 1
| #define HAVE_MF_BT2 1
| #define HAVE_MF_BT3 1
| #define HAVE_MF_BT4 1
| #define HAVE_CHECK_CRC32 1
| #define HAVE_CHECK_CRC64 1
| #define HAVE_CHECK_SHA256 1
| #define HAVE_LZIP_DECODER 1
| #define ASSUME_RAM 128
| #define PACKAGE "xz"
| #define VERSION "5.6.2"
| #define HAVE_STDIO_H 1
| #define HAVE_STDLIB_H 1
| #define HAVE_STRING_H 1
| #define HAVE_INTTYPES_H 1
| #define HAVE_STDINT_H 1
| #define HAVE_STRINGS_H 1
| #define HAVE_SYS_STAT_H 1
| #define HAVE_SYS_TYPES_H 1
| #define HAVE_UNISTD_H 1
| #define HAVE_WCHAR_H 1
| #define HAVE_SYS_CDEFS_H 1
| #define STDC_HEADERS 1
| #define _ALL_SOURCE 1
| #define _DARWIN_C_SOURCE 1
| #define _GNU_SOURCE 1
| #define _HPUX_ALT_XOPEN_SOCKET_API 1
| #define _NETBSD_SOURCE 1
| #define _OPENBSD_SOURCE 1
| #define _POSIX_PTHREAD_SEMANTICS 1
| #define __STDC_WANT_IEC_60559_ATTRIBS_EXT__ 1
| #define __STDC_WANT_IEC_60559_BFP_EXT__ 1
| #define __STDC_WANT_IEC_60559_DFP_EXT__ 1
| #define __STDC_WANT_IEC_60559_EXT__ 1
| #define __STDC_WANT_IEC_60559_FUNCS_EXT__ 1
| #define __STDC_WANT_IEC_60559_TYPES_EXT__ 1
| #define __STDC_WANT_LIB_EXT2__ 1
| #define __STDC_WANT_MATH_SPEC_FUNCS__ 1
| #define _TANDEM_SOURCE 1
| #define __EXTENSIONS__ 1
| #define HAVE_PTHREAD_PRIO_INHERIT 1
| #define MYTHREAD_POSIX 1
| #define HAVE_PTHREAD_CONDATTR_SETCLOCK 1
| #define HAVE_DLFCN_H 1
| #define LT_OBJDIR ".libs/"
| #define HAVE_SYMBOL_VERSIONS_LINUX 2
| #define ENABLE_NLS 1
| #define HAVE_GETTEXT 1
| #define HAVE_DCGETTEXT 1
| #define HAVE__BOOL 1
| #define HAVE_STDBOOL_H 1
| #define HAVE_UINTPTR_T 1
| #define SIZEOF_SIZE_T 4
| #define HAVE_STRUCT_STAT_ST_ATIM_TV_NSEC 1
| #define _FILE_OFFSET_BITS 64
| #define HAVE_FUNC_ATTRIBUTE_CONSTRUCTOR 1
| #define HAVE_GETOPT_H 1
| #define HAVE_GETOPT_LONG 1
| #define HAVE_CLOCK_GETTIME 1
| #define HAVE_CLOCK_MONOTONIC 1
| #define HAVE_FUTIMENS 1
| #define HAVE_POSIX_FADVISE 1
| #define HAVE_PROGRAM_INVOCATION_NAME 1
| #define HAVE___BUILTIN_BSWAPXX 1
| #define TUKLIB_FAST_UNALIGNED_ACCESS 1
| #define HAVE___BUILTIN_ASSUME_ALIGNED 1
| #define HAVE_SYS_PARAM_H 1
| #define TUKLIB_PHYSMEM_SYSCONF 1
| #define HAVE_SYS_PARAM_H 1
| #define TUKLIB_CPUCORES_SCHED_GETAFFINITY 1
| #define HAVE_MBRTOWC 1
| #define HAVE_WCWIDTH 1
| #define HAVE_VISIBILITY 1
| /* end confdefs.h.  */
| void foo(void); void foo(void) { }
configure:22382: result: no
configure:22365: checking if arm-unknown-linux-gnueabihf-gcc accepts -Wassign-enum
configure:22373: arm-unknown-linux-gnueabihf-gcc -c -g -O2 -Wassign-enum -Werror  conftest.c >&5
arm-unknown-linux-gnueabihf-gcc: error: unrecognized command line option '-Wassign-enum'
configure:22373: $? = 1
configure: failed program was:
| /* confdefs.h */
| #define PACKAGE_NAME "XZ Utils"
| #define PACKAGE_TARNAME "xz"
| #define PACKAGE_VERSION "5.6.2"
| #define PACKAGE_STRING "XZ Utils 5.6.2"
| #define PACKAGE_BUGREPORT "xz@tukaani.org"
| #define PACKAGE_URL "https://tukaani.org/xz/"
| #define NDEBUG 1
| #define HAVE_ENCODER_LZMA1 1
| #define HAVE_ENCODER_LZMA2 1
| #define HAVE_ENCODER_DELTA 1
| #define HAVE_ENCODER_X86 1
| #define HAVE_ENCODER_POWERPC 1
| #define HAVE_ENCODER_IA64 1
| #define HAVE_ENCODER_ARM 1
| #define HAVE_ENCODER_ARMTHUMB 1
| #define HAVE_ENCODER_ARM64 1
| #define HAVE_ENCODER_SPARC 1
| #define HAVE_ENCODER_RISCV 1
| #define HAVE_ENCODERS 1
| #define HAVE_DECODER_LZMA1 1
| #define HAVE_DECODER_LZMA2 1
| #define HAVE_DECODER_DELTA 1
| #define HAVE_DECODER_X86 1
| #define HAVE_DECODER_POWERPC 1
| #define HAVE_DECODER_IA64 1
| #define HAVE_DECODER_ARM 1
| #define HAVE_DECODER_ARMTHUMB 1
| #define HAVE_DECODER_ARM64 1
| #define HAVE_DECODER_SPARC 1
| #define HAVE_DECODER_RISCV 1
| #define HAVE_DECODERS 1
| #define HAVE_MF_HC3 1
| #define HAVE_MF_HC4 1
| #define HAVE_MF_BT2 1
| #define HAVE_MF_BT3 1
| #define HAVE_MF_BT4 1
| #define HAVE_CHECK_CRC32 1
| #define HAVE_CHECK_CRC64 1
| #define HAVE_CHECK_SHA256 1
| #define HAVE_LZIP_DECODER 1
| #define ASSUME_RAM 128
| #define PACKAGE "xz"
| #define VERSION "5.6.2"
| #define HAVE_STDIO_H 1
| #define HAVE_STDLIB_H 1
| #define HAVE_STRING_H 1
| #define HAVE_INTTYPES_H 1
| #define HAVE_STDINT_H 1
| #define HAVE_STRINGS_H 1
| #define HAVE_SYS_STAT_H 1
| #define HAVE_SYS_TYPES_H 1
| #define HAVE_UNISTD_H 1
| #define HAVE_WCHAR_H 1
| #define HAVE_SYS_CDEFS_H 1
| #define STDC_HEADERS 1
| #define _ALL_SOURCE 1
| #define _DARWIN_C_SOURCE 1
| #define _GNU_SOURCE 1
| #define _HPUX_ALT_XOPEN_SOCKET_API 1
| #define _NETBSD_SOURCE 1
| #define _OPENBSD_SOURCE 1
| #define _POSIX_PTHREAD_SEMANTICS 1
| #define __STDC_WANT_IEC_60559_ATTRIBS_EXT__ 1
| #define __STDC_WANT_IEC_60559_BFP_EXT__ 1
| #define __STDC_WANT_IEC_60559_DFP_EXT__ 1
| #define __STDC_WANT_IEC_60559_EXT__ 1
| #define __STDC_WANT_IEC_60559_FUNCS_EXT__ 1
| #define __STDC_WANT_IEC_60559_TYPES_EXT__ 1
| #define __STDC_WANT_LIB_EXT2__ 1
| #define __STDC_WANT_MATH_SPEC_FUNCS__ 1
| #define _TANDEM_SOURCE 1
| #define __EXTENSIONS__ 1
| #define HAVE_PTHREAD_PRIO_INHERIT 1
| #define MYTHREAD_POSIX 1
| #define HAVE_PTHREAD_CONDATTR_SETCLOCK 1
| #define HAVE_DLFCN_H 1
| #define LT_OBJDIR ".libs/"
| #define HAVE_SYMBOL_VERSIONS_LINUX 2
| #define ENABLE_NLS 1
| #define HAVE_GETTEXT 1
| #define HAVE_DCGETTEXT 1
| #define HAVE__BOOL 1
| #define HAVE_STDBOOL_H 1
| #define HAVE_UINTPTR_T 1
| #define SIZEOF_SIZE_T 4
| #define HAVE_STRUCT_STAT_ST_ATIM_TV_NSEC 1
| #define _FILE_OFFSET_BITS 64
| #define HAVE_FUNC_ATTRIBUTE_CONSTRUCTOR 1
| #define HAVE_GETOPT_H 1
| #define HAVE_GETOPT_LONG 1
| #define HAVE_CLOCK_GETTIME 1
| #define HAVE_CLOCK_MONOTONIC 1
| #define HAVE_FUTIMENS 1
| #define HAVE_POSIX_FADVISE 1
| #define HAVE_PROGRAM_INVOCATION_NAME 1
| #define HAVE___BUILTIN_BSWAPXX 1
| #define TUKLIB_FAST_UNALIGNED_ACCESS 1
| #define HAVE___BUILTIN_ASSUME_ALIGNED 1
| #define HAVE_SYS_PARAM_H 1
| #define TUKLIB_PHYSMEM_SYSCONF 1
| #define HAVE_SYS_PARAM_H 1
| #define TUKLIB_CPUCORES_SCHED_GETAFFINITY 1
| #define HAVE_MBRTOWC 1
| #define HAVE_WCWIDTH 1
| #define HAVE_VISIBILITY 1
| /* end confdefs.h.  */
| void foo(void); void foo(void) { }
configure:22382: result: no
configure:22365: checking if arm-unknown-linux-gnueabihf-gcc accepts -Wconditional-uninitialized
configure:22373: arm-unknown-linux-gnueabihf-gcc -c -g -O2 -Wconditional-uninitialized -Werror  conftest.c >&5
arm-unknown-linux-gnueabihf-gcc: error: unrecognized command line option '-Wconditional-uninitialized'; did you mean '-Wno-uninitialized'?
configure:22373: $? = 1
configure: failed program was:
| /* confdefs.h */
| #define PACKAGE_NAME "XZ Utils"
| #define PACKAGE_TARNAME "xz"
| #define PACKAGE_VERSION "5.6.2"
| #define PACKAGE_STRING "XZ Utils 5.6.2"
| #define PACKAGE_BUGREPORT "xz@tukaani.org"
| #define PACKAGE_URL "https://tukaani.org/xz/"
| #define NDEBUG 1
| #define HAVE_ENCODER_LZMA1 1
| #define HAVE_ENCODER_LZMA2 1
| #define HAVE_ENCODER_DELTA 1
| #define HAVE_ENCODER_X86 1
| #define HAVE_ENCODER_POWERPC 1
| #define HAVE_ENCODER_IA64 1
| #define HAVE_ENCODER_ARM 1
| #define HAVE_ENCODER_ARMTHUMB 1
| #define HAVE_ENCODER_ARM64 1
| #define HAVE_ENCODER_SPARC 1
| #define HAVE_ENCODER_RISCV 1
| #define HAVE_ENCODERS 1
| #define HAVE_DECODER_LZMA1 1
| #define HAVE_DECODER_LZMA2 1
| #define HAVE_DECODER_DELTA 1
| #define HAVE_DECODER_X86 1
| #define HAVE_DECODER_POWERPC 1
| #define HAVE_DECODER_IA64 1
| #define HAVE_DECODER_ARM 1
| #define HAVE_DECODER_ARMTHUMB 1
| #define HAVE_DECODER_ARM64 1
| #define HAVE_DECODER_SPARC 1
| #define HAVE_DECODER_RISCV 1
| #define HAVE_DECODERS 1
| #define HAVE_MF_HC3 1
| #define HAVE_MF_HC4 1
| #define HAVE_MF_BT2 1
| #define HAVE_MF_BT3 1
| #define HAVE_MF_BT4 1
| #define HAVE_CHECK_CRC32 1
| #define HAVE_CHECK_CRC64 1
| #define HAVE_CHECK_SHA256 1
| #define HAVE_LZIP_DECODER 1
| #define ASSUME_RAM 128
| #define PACKAGE "xz"
| #define VERSION "5.6.2"
| #define HAVE_STDIO_H 1
| #define HAVE_STDLIB_H 1
| #define HAVE_STRING_H 1
| #define HAVE_INTTYPES_H 1
| #define HAVE_STDINT_H 1
| #define HAVE_STRINGS_H 1
| #define HAVE_SYS_STAT_H 1
| #define HAVE_SYS_TYPES_H 1
| #define HAVE_UNISTD_H 1
| #define HAVE_WCHAR_H 1
| #define HAVE_SYS_CDEFS_H 1
| #define STDC_HEADERS 1
| #define _ALL_SOURCE 1
| #define _DARWIN_C_SOURCE 1
| #define _GNU_SOURCE 1
| #define _HPUX_ALT_XOPEN_SOCKET_API 1
| #define _NETBSD_SOURCE 1
| #define _OPENBSD_SOURCE 1
| #define _POSIX_PTHREAD_SEMANTICS 1
| #define __STDC_WANT_IEC_60559_ATTRIBS_EXT__ 1
| #define __STDC_WANT_IEC_60559_BFP_EXT__ 1
| #define __STDC_WANT_IEC_60559_DFP_EXT__ 1
| #define __STDC_WANT_IEC_60559_EXT__ 1
| #define __STDC_WANT_IEC_60559_FUNCS_EXT__ 1
| #define __STDC_WANT_IEC_60559_TYPES_EXT__ 1
| #define __STDC_WANT_LIB_EXT2__ 1
| #define __STDC_WANT_MATH_SPEC_FUNCS__ 1
| #define _TANDEM_SOURCE 1
| #define __EXTENSIONS__ 1
| #define HAVE_PTHREAD_PRIO_INHERIT 1
| #define MYTHREAD_POSIX 1
| #define HAVE_PTHREAD_CONDATTR_SETCLOCK 1
| #define HAVE_DLFCN_H 1
| #define LT_OBJDIR ".libs/"
| #define HAVE_SYMBOL_VERSIONS_LINUX 2
| #define ENABLE_NLS 1
| #define HAVE_GETTEXT 1
| #define HAVE_DCGETTEXT 1
| #define HAVE__BOOL 1
| #define HAVE_STDBOOL_H 1
| #define HAVE_UINTPTR_T 1
| #define SIZEOF_SIZE_T 4
| #define HAVE_STRUCT_STAT_ST_ATIM_TV_NSEC 1
| #define _FILE_OFFSET_BITS 64
| #define HAVE_FUNC_ATTRIBUTE_CONSTRUCTOR 1
| #define HAVE_GETOPT_H 1
| #define HAVE_GETOPT_LONG 1
| #define HAVE_CLOCK_GETTIME 1
| #define HAVE_CLOCK_MONOTONIC 1
| #define HAVE_FUTIMENS 1
| #define HAVE_POSIX_FADVISE 1
| #define HAVE_PROGRAM_INVOCATION_NAME 1
| #define HAVE___BUILTIN_BSWAPXX 1
| #define TUKLIB_FAST_UNALIGNED_ACCESS 1
| #define HAVE___BUILTIN_ASSUME_ALIGNED 1
| #define HAVE_SYS_PARAM_H 1
| #define TUKLIB_PHYSMEM_SYSCONF 1
| #define HAVE_SYS_PARAM_H 1
| #define TUKLIB_CPUCORES_SCHED_GETAFFINITY 1
| #define HAVE_MBRTOWC 1
| #define HAVE_WCWIDTH 1
| #define HAVE_VISIBILITY 1
| /* end confdefs.h.  */
| void foo(void); void foo(void) { }
configure:22382: result: no
configure:22365: checking if arm-unknown-linux-gnueabihf-gcc accepts -Wdocumentation
configure:22373: arm-unknown-linux-gnueabihf-gcc -c -g -O2 -Wdocumentation -Werror  conftest.c >&5
arm-unknown-linux-gnueabihf-gcc: error: unrecognized command line option '-Wdocumentation'
configure:22373: $? = 1
configure: failed program was:
| /* confdefs.h */
| #define PACKAGE_NAME "XZ Utils"
| #define PACKAGE_TARNAME "xz"
| #define PACKAGE_VERSION "5.6.2"
| #define PACKAGE_STRING "XZ Utils 5.6.2"
| #define PACKAGE_BUGREPORT "xz@tukaani.org"
| #define PACKAGE_URL "https://tukaani.org/xz/"
| #define NDEBUG 1
| #define HAVE_ENCODER_LZMA1 1
| #define HAVE_ENCODER_LZMA2 1
| #define HAVE_ENCODER_DELTA 1
| #define HAVE_ENCODER_X86 1
| #define HAVE_ENCODER_POWERPC 1
| #define HAVE_ENCODER_IA64 1
| #define HAVE_ENCODER_ARM 1
| #define HAVE_ENCODER_ARMTHUMB 1
| #define HAVE_ENCODER_ARM64 1
| #define HAVE_ENCODER_SPARC 1
| #define HAVE_ENCODER_RISCV 1
| #define HAVE_ENCODERS 1
| #define HAVE_DECODER_LZMA1 1
| #define HAVE_DECODER_LZMA2 1
| #define HAVE_DECODER_DELTA 1
| #define HAVE_DECODER_X86 1
| #define HAVE_DECODER_POWERPC 1
| #define HAVE_DECODER_IA64 1
| #define HAVE_DECODER_ARM 1
| #define HAVE_DECODER_ARMTHUMB 1
| #define HAVE_DECODER_ARM64 1
| #define HAVE_DECODER_SPARC 1
| #define HAVE_DECODER_RISCV 1
| #define HAVE_DECODERS 1
| #define HAVE_MF_HC3 1
| #define HAVE_MF_HC4 1
| #define HAVE_MF_BT2 1
| #define HAVE_MF_BT3 1
| #define HAVE_MF_BT4 1
| #define HAVE_CHECK_CRC32 1
| #define HAVE_CHECK_CRC64 1
| #define HAVE_CHECK_SHA256 1
| #define HAVE_LZIP_DECODER 1
| #define ASSUME_RAM 128
| #define PACKAGE "xz"
| #define VERSION "5.6.2"
| #define HAVE_STDIO_H 1
| #define HAVE_STDLIB_H 1
| #define HAVE_STRING_H 1
| #define HAVE_INTTYPES_H 1
| #define HAVE_STDINT_H 1
| #define HAVE_STRINGS_H 1
| #define HAVE_SYS_STAT_H 1
| #define HAVE_SYS_TYPES_H 1
| #define HAVE_UNISTD_H 1
| #define HAVE_WCHAR_H 1
| #define HAVE_SYS_CDEFS_H 1
| #define STDC_HEADERS 1
| #define _ALL_SOURCE 1
| #define _DARWIN_C_SOURCE 1
| #define _GNU_SOURCE 1
| #define _HPUX_ALT_XOPEN_SOCKET_API 1
| #define _NETBSD_SOURCE 1
| #define _OPENBSD_SOURCE 1
| #define _POSIX_PTHREAD_SEMANTICS 1
| #define __STDC_WANT_IEC_60559_ATTRIBS_EXT__ 1
| #define __STDC_WANT_IEC_60559_BFP_EXT__ 1
| #define __STDC_WANT_IEC_60559_DFP_EXT__ 1
| #define __STDC_WANT_IEC_60559_EXT__ 1
| #define __STDC_WANT_IEC_60559_FUNCS_EXT__ 1
| #define __STDC_WANT_IEC_60559_TYPES_EXT__ 1
| #define __STDC_WANT_LIB_EXT2__ 1
| #define __STDC_WANT_MATH_SPEC_FUNCS__ 1
| #define _TANDEM_SOURCE 1
| #define __EXTENSIONS__ 1
| #define HAVE_PTHREAD_PRIO_INHERIT 1
| #define MYTHREAD_POSIX 1
| #define HAVE_PTHREAD_CONDATTR_SETCLOCK 1
| #define HAVE_DLFCN_H 1
| #define LT_OBJDIR ".libs/"
| #define HAVE_SYMBOL_VERSIONS_LINUX 2
| #define ENABLE_NLS 1
| #define HAVE_GETTEXT 1
| #define HAVE_DCGETTEXT 1
| #define HAVE__BOOL 1
| #define HAVE_STDBOOL_H 1
| #define HAVE_UINTPTR_T 1
| #define SIZEOF_SIZE_T 4
| #define HAVE_STRUCT_STAT_ST_ATIM_TV_NSEC 1
| #define _FILE_OFFSET_BITS 64
| #define HAVE_FUNC_ATTRIBUTE_CONSTRUCTOR 1
| #define HAVE_GETOPT_H 1
| #define HAVE_GETOPT_LONG 1
| #define HAVE_CLOCK_GETTIME 1
| #define HAVE_CLOCK_MONOTONIC 1
| #define HAVE_FUTIMENS 1
| #define HAVE_POSIX_FADVISE 1
| #define HAVE_PROGRAM_INVOCATION_NAME 1
| #define HAVE___BUILTIN_BSWAPXX 1
| #define TUKLIB_FAST_UNALIGNED_ACCESS 1
| #define HAVE___BUILTIN_ASSUME_ALIGNED 1
| #define HAVE_SYS_PARAM_H 1
| #define TUKLIB_PHYSMEM_SYSCONF 1
| #define HAVE_SYS_PARAM_H 1
| #define TUKLIB_CPUCORES_SCHED_GETAFFINITY 1
| #define HAVE_MBRTOWC 1
| #define HAVE_WCWIDTH 1
| #define HAVE_VISIBILITY 1
| /* end confdefs.h.  */
| void foo(void); void foo(void) { }
configure:22382: result: no
configure:22365: checking if arm-unknown-linux-gnueabihf-gcc accepts -Wduplicate-enum
configure:22373: arm-unknown-linux-gnueabihf-gcc -c -g -O2 -Wduplicate-enum -Werror  conftest.c >&5
arm-unknown-linux-gnueabihf-gcc: error: unrecognized command line option '-Wduplicate-enum'; did you mean '-Wduplicated-cond'?
configure:22373: $? = 1
configure: failed program was:
| /* confdefs.h */
| #define PACKAGE_NAME "XZ Utils"
| #define PACKAGE_TARNAME "xz"
| #define PACKAGE_VERSION "5.6.2"
| #define PACKAGE_STRING "XZ Utils 5.6.2"
| #define PACKAGE_BUGREPORT "xz@tukaani.org"
| #define PACKAGE_URL "https://tukaani.org/xz/"
| #define NDEBUG 1
| #define HAVE_ENCODER_LZMA1 1
| #define HAVE_ENCODER_LZMA2 1
| #define HAVE_ENCODER_DELTA 1
| #define HAVE_ENCODER_X86 1
| #define HAVE_ENCODER_POWERPC 1
| #define HAVE_ENCODER_IA64 1
| #define HAVE_ENCODER_ARM 1
| #define HAVE_ENCODER_ARMTHUMB 1
| #define HAVE_ENCODER_ARM64 1
| #define HAVE_ENCODER_SPARC 1
| #define HAVE_ENCODER_RISCV 1
| #define HAVE_ENCODERS 1
| #define HAVE_DECODER_LZMA1 1
| #define HAVE_DECODER_LZMA2 1
| #define HAVE_DECODER_DELTA 1
| #define HAVE_DECODER_X86 1
| #define HAVE_DECODER_POWERPC 1
| #define HAVE_DECODER_IA64 1
| #define HAVE_DECODER_ARM 1
| #define HAVE_DECODER_ARMTHUMB 1
| #define HAVE_DECODER_ARM64 1
| #define HAVE_DECODER_SPARC 1
| #define HAVE_DECODER_RISCV 1
| #define HAVE_DECODERS 1
| #define HAVE_MF_HC3 1
| #define HAVE_MF_HC4 1
| #define HAVE_MF_BT2 1
| #define HAVE_MF_BT3 1
| #define HAVE_MF_BT4 1
| #define HAVE_CHECK_CRC32 1
| #define HAVE_CHECK_CRC64 1
| #define HAVE_CHECK_SHA256 1
| #define HAVE_LZIP_DECODER 1
| #define ASSUME_RAM 128
| #define PACKAGE "xz"
| #define VERSION "5.6.2"
| #define HAVE_STDIO_H 1
| #define HAVE_STDLIB_H 1
| #define HAVE_STRING_H 1
| #define HAVE_INTTYPES_H 1
| #define HAVE_STDINT_H 1
| #define HAVE_STRINGS_H 1
| #define HAVE_SYS_STAT_H 1
| #define HAVE_SYS_TYPES_H 1
| #define HAVE_UNISTD_H 1
| #define HAVE_WCHAR_H 1
| #define HAVE_SYS_CDEFS_H 1
| #define STDC_HEADERS 1
| #define _ALL_SOURCE 1
| #define _DARWIN_C_SOURCE 1
| #define _GNU_SOURCE 1
| #define _HPUX_ALT_XOPEN_SOCKET_API 1
| #define _NETBSD_SOURCE 1
| #define _OPENBSD_SOURCE 1
| #define _POSIX_PTHREAD_SEMANTICS 1
| #define __STDC_WANT_IEC_60559_ATTRIBS_EXT__ 1
| #define __STDC_WANT_IEC_60559_BFP_EXT__ 1
| #define __STDC_WANT_IEC_60559_DFP_EXT__ 1
| #define __STDC_WANT_IEC_60559_EXT__ 1
| #define __STDC_WANT_IEC_60559_FUNCS_EXT__ 1
| #define __STDC_WANT_IEC_60559_TYPES_EXT__ 1
| #define __STDC_WANT_LIB_EXT2__ 1
| #define __STDC_WANT_MATH_SPEC_FUNCS__ 1
| #define _TANDEM_SOURCE 1
| #define __EXTENSIONS__ 1
| #define HAVE_PTHREAD_PRIO_INHERIT 1
| #define MYTHREAD_POSIX 1
| #define HAVE_PTHREAD_CONDATTR_SETCLOCK 1
| #define HAVE_DLFCN_H 1
| #define LT_OBJDIR ".libs/"
| #define HAVE_SYMBOL_VERSIONS_LINUX 2
| #define ENABLE_NLS 1
| #define HAVE_GETTEXT 1
| #define HAVE_DCGETTEXT 1
| #define HAVE__BOOL 1
| #define HAVE_STDBOOL_H 1
| #define HAVE_UINTPTR_T 1
| #define SIZEOF_SIZE_T 4
| #define HAVE_STRUCT_STAT_ST_ATIM_TV_NSEC 1
| #define _FILE_OFFSET_BITS 64
| #define HAVE_FUNC_ATTRIBUTE_CONSTRUCTOR 1
| #define HAVE_GETOPT_H 1
| #define HAVE_GETOPT_LONG 1
| #define HAVE_CLOCK_GETTIME 1
| #define HAVE_CLOCK_MONOTONIC 1
| #define HAVE_FUTIMENS 1
| #define HAVE_POSIX_FADVISE 1
| #define HAVE_PROGRAM_INVOCATION_NAME 1
| #define HAVE___BUILTIN_BSWAPXX 1
| #define TUKLIB_FAST_UNALIGNED_ACCESS 1
| #define HAVE___BUILTIN_ASSUME_ALIGNED 1
| #define HAVE_SYS_PARAM_H 1
| #define TUKLIB_PHYSMEM_SYSCONF 1
| #define HAVE_SYS_PARAM_H 1
| #define TUKLIB_CPUCORES_SCHED_GETAFFINITY 1
| #define HAVE_MBRTOWC 1
| #define HAVE_WCWIDTH 1
| #define HAVE_VISIBILITY 1
| /* end confdefs.h.  */
| void foo(void); void foo(void) { }
configure:22382: result: no
configure:22365: checking if arm-unknown-linux-gnueabihf-gcc accepts -Wempty-translation-unit
configure:22373: arm-unknown-linux-gnueabihf-gcc -c -g -O2 -Wempty-translation-unit -Werror  conftest.c >&5
arm-unknown-linux-gnueabihf-gcc: error: unrecognized command line option '-Wempty-translation-unit'
configure:22373: $? = 1
configure: failed program was:
| /* confdefs.h */
| #define PACKAGE_NAME "XZ Utils"
| #define PACKAGE_TARNAME "xz"
| #define PACKAGE_VERSION "5.6.2"
| #define PACKAGE_STRING "XZ Utils 5.6.2"
| #define PACKAGE_BUGREPORT "xz@tukaani.org"
| #define PACKAGE_URL "https://tukaani.org/xz/"
| #define NDEBUG 1
| #define HAVE_ENCODER_LZMA1 1
| #define HAVE_ENCODER_LZMA2 1
| #define HAVE_ENCODER_DELTA 1
| #define HAVE_ENCODER_X86 1
| #define HAVE_ENCODER_POWERPC 1
| #define HAVE_ENCODER_IA64 1
| #define HAVE_ENCODER_ARM 1
| #define HAVE_ENCODER_ARMTHUMB 1
| #define HAVE_ENCODER_ARM64 1
| #define HAVE_ENCODER_SPARC 1
| #define HAVE_ENCODER_RISCV 1
| #define HAVE_ENCODERS 1
| #define HAVE_DECODER_LZMA1 1
| #define HAVE_DECODER_LZMA2 1
| #define HAVE_DECODER_DELTA 1
| #define HAVE_DECODER_X86 1
| #define HAVE_DECODER_POWERPC 1
| #define HAVE_DECODER_IA64 1
| #define HAVE_DECODER_ARM 1
| #define HAVE_DECODER_ARMTHUMB 1
| #define HAVE_DECODER_ARM64 1
| #define HAVE_DECODER_SPARC 1
| #define HAVE_DECODER_RISCV 1
| #define HAVE_DECODERS 1
| #define HAVE_MF_HC3 1
| #define HAVE_MF_HC4 1
| #define HAVE_MF_BT2 1
| #define HAVE_MF_BT3 1
| #define HAVE_MF_BT4 1
| #define HAVE_CHECK_CRC32 1
| #define HAVE_CHECK_CRC64 1
| #define HAVE_CHECK_SHA256 1
| #define HAVE_LZIP_DECODER 1
| #define ASSUME_RAM 128
| #define PACKAGE "xz"
| #define VERSION "5.6.2"
| #define HAVE_STDIO_H 1
| #define HAVE_STDLIB_H 1
| #define HAVE_STRING_H 1
| #define HAVE_INTTYPES_H 1
| #define HAVE_STDINT_H 1
| #define HAVE_STRINGS_H 1
| #define HAVE_SYS_STAT_H 1
| #define HAVE_SYS_TYPES_H 1
| #define HAVE_UNISTD_H 1
| #define HAVE_WCHAR_H 1
| #define HAVE_SYS_CDEFS_H 1
| #define STDC_HEADERS 1
| #define _ALL_SOURCE 1
| #define _DARWIN_C_SOURCE 1
| #define _GNU_SOURCE 1
| #define _HPUX_ALT_XOPEN_SOCKET_API 1
| #define _NETBSD_SOURCE 1
| #define _OPENBSD_SOURCE 1
| #define _POSIX_PTHREAD_SEMANTICS 1
| #define __STDC_WANT_IEC_60559_ATTRIBS_EXT__ 1
| #define __STDC_WANT_IEC_60559_BFP_EXT__ 1
| #define __STDC_WANT_IEC_60559_DFP_EXT__ 1
| #define __STDC_WANT_IEC_60559_EXT__ 1
| #define __STDC_WANT_IEC_60559_FUNCS_EXT__ 1
| #define __STDC_WANT_IEC_60559_TYPES_EXT__ 1
| #define __STDC_WANT_LIB_EXT2__ 1
| #define __STDC_WANT_MATH_SPEC_FUNCS__ 1
| #define _TANDEM_SOURCE 1
| #define __EXTENSIONS__ 1
| #define HAVE_PTHREAD_PRIO_INHERIT 1
| #define MYTHREAD_POSIX 1
| #define HAVE_PTHREAD_CONDATTR_SETCLOCK 1
| #define HAVE_DLFCN_H 1
| #define LT_OBJDIR ".libs/"
| #define HAVE_SYMBOL_VERSIONS_LINUX 2
| #define ENABLE_NLS 1
| #define HAVE_GETTEXT 1
| #define HAVE_DCGETTEXT 1
| #define HAVE__BOOL 1
| #define HAVE_STDBOOL_H 1
| #define HAVE_UINTPTR_T 1
| #define SIZEOF_SIZE_T 4
| #define HAVE_STRUCT_STAT_ST_ATIM_TV_NSEC 1
| #define _FILE_OFFSET_BITS 64
| #define HAVE_FUNC_ATTRIBUTE_CONSTRUCTOR 1
| #define HAVE_GETOPT_H 1
| #define HAVE_GETOPT_LONG 1
| #define HAVE_CLOCK_GETTIME 1
| #define HAVE_CLOCK_MONOTONIC 1
| #define HAVE_FUTIMENS 1
| #define HAVE_POSIX_FADVISE 1
| #define HAVE_PROGRAM_INVOCATION_NAME 1
| #define HAVE___BUILTIN_BSWAPXX 1
| #define TUKLIB_FAST_UNALIGNED_ACCESS 1
| #define HAVE___BUILTIN_ASSUME_ALIGNED 1
| #define HAVE_SYS_PARAM_H 1
| #define TUKLIB_PHYSMEM_SYSCONF 1
| #define HAVE_SYS_PARAM_H 1
| #define TUKLIB_CPUCORES_SCHED_GETAFFINITY 1
| #define HAVE_MBRTOWC 1
| #define HAVE_WCWIDTH 1
| #define HAVE_VISIBILITY 1
| /* end confdefs.h.  */
| void foo(void); void foo(void) { }
configure:22382: result: no
configure:22365: checking if arm-unknown-linux-gnueabihf-gcc accepts -Wflexible-array-extensions
configure:22373: arm-unknown-linux-gnueabihf-gcc -c -g -O2 -Wflexible-array-extensions -Werror  conftest.c >&5
arm-unknown-linux-gnueabihf-gcc: error: unrecognized command line option '-Wflexible-array-extensions'
configure:22373: $? = 1
configure: failed program was:
| /* confdefs.h */
| #define PACKAGE_NAME "XZ Utils"
| #define PACKAGE_TARNAME "xz"
| #define PACKAGE_VERSION "5.6.2"
| #define PACKAGE_STRING "XZ Utils 5.6.2"
| #define PACKAGE_BUGREPORT "xz@tukaani.org"
| #define PACKAGE_URL "https://tukaani.org/xz/"
| #define NDEBUG 1
| #define HAVE_ENCODER_LZMA1 1
| #define HAVE_ENCODER_LZMA2 1
| #define HAVE_ENCODER_DELTA 1
| #define HAVE_ENCODER_X86 1
| #define HAVE_ENCODER_POWERPC 1
| #define HAVE_ENCODER_IA64 1
| #define HAVE_ENCODER_ARM 1
| #define HAVE_ENCODER_ARMTHUMB 1
| #define HAVE_ENCODER_ARM64 1
| #define HAVE_ENCODER_SPARC 1
| #define HAVE_ENCODER_RISCV 1
| #define HAVE_ENCODERS 1
| #define HAVE_DECODER_LZMA1 1
| #define HAVE_DECODER_LZMA2 1
| #define HAVE_DECODER_DELTA 1
| #define HAVE_DECODER_X86 1
| #define HAVE_DECODER_POWERPC 1
| #define HAVE_DECODER_IA64 1
| #define HAVE_DECODER_ARM 1
| #define HAVE_DECODER_ARMTHUMB 1
| #define HAVE_DECODER_ARM64 1
| #define HAVE_DECODER_SPARC 1
| #define HAVE_DECODER_RISCV 1
| #define HAVE_DECODERS 1
| #define HAVE_MF_HC3 1
| #define HAVE_MF_HC4 1
| #define HAVE_MF_BT2 1
| #define HAVE_MF_BT3 1
| #define HAVE_MF_BT4 1
| #define HAVE_CHECK_CRC32 1
| #define HAVE_CHECK_CRC64 1
| #define HAVE_CHECK_SHA256 1
| #define HAVE_LZIP_DECODER 1
| #define ASSUME_RAM 128
| #define PACKAGE "xz"
| #define VERSION "5.6.2"
| #define HAVE_STDIO_H 1
| #define HAVE_STDLIB_H 1
| #define HAVE_STRING_H 1
| #define HAVE_INTTYPES_H 1
| #define HAVE_STDINT_H 1
| #define HAVE_STRINGS_H 1
| #define HAVE_SYS_STAT_H 1
| #define HAVE_SYS_TYPES_H 1
| #define HAVE_UNISTD_H 1
| #define HAVE_WCHAR_H 1
| #define HAVE_SYS_CDEFS_H 1
| #define STDC_HEADERS 1
| #define _ALL_SOURCE 1
| #define _DARWIN_C_SOURCE 1
| #define _GNU_SOURCE 1
| #define _HPUX_ALT_XOPEN_SOCKET_API 1
| #define _NETBSD_SOURCE 1
| #define _OPENBSD_SOURCE 1
| #define _POSIX_PTHREAD_SEMANTICS 1
| #define __STDC_WANT_IEC_60559_ATTRIBS_EXT__ 1
| #define __STDC_WANT_IEC_60559_BFP_EXT__ 1
| #define __STDC_WANT_IEC_60559_DFP_EXT__ 1
| #define __STDC_WANT_IEC_60559_EXT__ 1
| #define __STDC_WANT_IEC_60559_FUNCS_EXT__ 1
| #define __STDC_WANT_IEC_60559_TYPES_EXT__ 1
| #define __STDC_WANT_LIB_EXT2__ 1
| #define __STDC_WANT_MATH_SPEC_FUNCS__ 1
| #define _TANDEM_SOURCE 1
| #define __EXTENSIONS__ 1
| #define HAVE_PTHREAD_PRIO_INHERIT 1
| #define MYTHREAD_POSIX 1
| #define HAVE_PTHREAD_CONDATTR_SETCLOCK 1
| #define HAVE_DLFCN_H 1
| #define LT_OBJDIR ".libs/"
| #define HAVE_SYMBOL_VERSIONS_LINUX 2
| #define ENABLE_NLS 1
| #define HAVE_GETTEXT 1
| #define HAVE_DCGETTEXT 1
| #define HAVE__BOOL 1
| #define HAVE_STDBOOL_H 1
| #define HAVE_UINTPTR_T 1
| #define SIZEOF_SIZE_T 4
| #define HAVE_STRUCT_STAT_ST_ATIM_TV_NSEC 1
| #define _FILE_OFFSET_BITS 64
| #define HAVE_FUNC_ATTRIBUTE_CONSTRUCTOR 1
| #define HAVE_GETOPT_H 1
| #define HAVE_GETOPT_LONG 1
| #define HAVE_CLOCK_GETTIME 1
| #define HAVE_CLOCK_MONOTONIC 1
| #define HAVE_FUTIMENS 1
| #define HAVE_POSIX_FADVISE 1
| #define HAVE_PROGRAM_INVOCATION_NAME 1
| #define HAVE___BUILTIN_BSWAPXX 1
| #define TUKLIB_FAST_UNALIGNED_ACCESS 1
| #define HAVE___BUILTIN_ASSUME_ALIGNED 1
| #define HAVE_SYS_PARAM_H 1
| #define TUKLIB_PHYSMEM_SYSCONF 1
| #define HAVE_SYS_PARAM_H 1
| #define TUKLIB_CPUCORES_SCHED_GETAFFINITY 1
| #define HAVE_MBRTOWC 1
| #define HAVE_WCWIDTH 1
| #define HAVE_VISIBILITY 1
| /* end confdefs.h.  */
| void foo(void); void foo(void) { }
configure:22382: result: no
configure:22365: checking if arm-unknown-linux-gnueabihf-gcc accepts -Wmissing-variable-declarations
configure:22373: arm-unknown-linux-gnueabihf-gcc -c -g -O2 -Wmissing-variable-declarations -Werror  conftest.c >&5
arm-unknown-linux-gnueabihf-gcc: error: unrecognized command line option '-Wmissing-variable-declarations'; did you mean '-Wmissing-declarations'?
configure:22373: $? = 1
configure: failed program was:
| /* confdefs.h */
| #define PACKAGE_NAME "XZ Utils"
| #define PACKAGE_TARNAME "xz"
| #define PACKAGE_VERSION "5.6.2"
| #define PACKAGE_STRING "XZ Utils 5.6.2"
| #define PACKAGE_BUGREPORT "xz@tukaani.org"
| #define PACKAGE_URL "https://tukaani.org/xz/"
| #define NDEBUG 1
| #define HAVE_ENCODER_LZMA1 1
| #define HAVE_ENCODER_LZMA2 1
| #define HAVE_ENCODER_DELTA 1
| #define HAVE_ENCODER_X86 1
| #define HAVE_ENCODER_POWERPC 1
| #define HAVE_ENCODER_IA64 1
| #define HAVE_ENCODER_ARM 1
| #define HAVE_ENCODER_ARMTHUMB 1
| #define HAVE_ENCODER_ARM64 1
| #define HAVE_ENCODER_SPARC 1
| #define HAVE_ENCODER_RISCV 1
| #define HAVE_ENCODERS 1
| #define HAVE_DECODER_LZMA1 1
| #define HAVE_DECODER_LZMA2 1
| #define HAVE_DECODER_DELTA 1
| #define HAVE_DECODER_X86 1
| #define HAVE_DECODER_POWERPC 1
| #define HAVE_DECODER_IA64 1
| #define HAVE_DECODER_ARM 1
| #define HAVE_DECODER_ARMTHUMB 1
| #define HAVE_DECODER_ARM64 1
| #define HAVE_DECODER_SPARC 1
| #define HAVE_DECODER_RISCV 1
| #define HAVE_DECODERS 1
| #define HAVE_MF_HC3 1
| #define HAVE_MF_HC4 1
| #define HAVE_MF_BT2 1
| #define HAVE_MF_BT3 1
| #define HAVE_MF_BT4 1
| #define HAVE_CHECK_CRC32 1
| #define HAVE_CHECK_CRC64 1
| #define HAVE_CHECK_SHA256 1
| #define HAVE_LZIP_DECODER 1
| #define ASSUME_RAM 128
| #define PACKAGE "xz"
| #define VERSION "5.6.2"
| #define HAVE_STDIO_H 1
| #define HAVE_STDLIB_H 1
| #define HAVE_STRING_H 1
| #define HAVE_INTTYPES_H 1
| #define HAVE_STDINT_H 1
| #define HAVE_STRINGS_H 1
| #define HAVE_SYS_STAT_H 1
| #define HAVE_SYS_TYPES_H 1
| #define HAVE_UNISTD_H 1
| #define HAVE_WCHAR_H 1
| #define HAVE_SYS_CDEFS_H 1
| #define STDC_HEADERS 1
| #define _ALL_SOURCE 1
| #define _DARWIN_C_SOURCE 1
| #define _GNU_SOURCE 1
| #define _HPUX_ALT_XOPEN_SOCKET_API 1
| #define _NETBSD_SOURCE 1
| #define _OPENBSD_SOURCE 1
| #define _POSIX_PTHREAD_SEMANTICS 1
| #define __STDC_WANT_IEC_60559_ATTRIBS_EXT__ 1
| #define __STDC_WANT_IEC_60559_BFP_EXT__ 1
| #define __STDC_WANT_IEC_60559_DFP_EXT__ 1
| #define __STDC_WANT_IEC_60559_EXT__ 1
| #define __STDC_WANT_IEC_60559_FUNCS_EXT__ 1
| #define __STDC_WANT_IEC_60559_TYPES_EXT__ 1
| #define __STDC_WANT_LIB_EXT2__ 1
| #define __STDC_WANT_MATH_SPEC_FUNCS__ 1
| #define _TANDEM_SOURCE 1
| #define __EXTENSIONS__ 1
| #define HAVE_PTHREAD_PRIO_INHERIT 1
| #define MYTHREAD_POSIX 1
| #define HAVE_PTHREAD_CONDATTR_SETCLOCK 1
| #define HAVE_DLFCN_H 1
| #define LT_OBJDIR ".libs/"
| #define HAVE_SYMBOL_VERSIONS_LINUX 2
| #define ENABLE_NLS 1
| #define HAVE_GETTEXT 1
| #define HAVE_DCGETTEXT 1
| #define HAVE__BOOL 1
| #define HAVE_STDBOOL_H 1
| #define HAVE_UINTPTR_T 1
| #define SIZEOF_SIZE_T 4
| #define HAVE_STRUCT_STAT_ST_ATIM_TV_NSEC 1
| #define _FILE_OFFSET_BITS 64
| #define HAVE_FUNC_ATTRIBUTE_CONSTRUCTOR 1
| #define HAVE_GETOPT_H 1
| #define HAVE_GETOPT_LONG 1
| #define HAVE_CLOCK_GETTIME 1
| #define HAVE_CLOCK_MONOTONIC 1
| #define HAVE_FUTIMENS 1
| #define HAVE_POSIX_FADVISE 1
| #define HAVE_PROGRAM_INVOCATION_NAME 1
| #define HAVE___BUILTIN_BSWAPXX 1
| #define TUKLIB_FAST_UNALIGNED_ACCESS 1
| #define HAVE___BUILTIN_ASSUME_ALIGNED 1
| #define HAVE_SYS_PARAM_H 1
| #define TUKLIB_PHYSMEM_SYSCONF 1
| #define HAVE_SYS_PARAM_H 1
| #define TUKLIB_CPUCORES_SCHED_GETAFFINITY 1
| #define HAVE_MBRTOWC 1
| #define HAVE_WCWIDTH 1
| #define HAVE_VISIBILITY 1
| /* end confdefs.h.  */
| void foo(void); void foo(void) { }
configure:22382: result: no
configure:22365: checking if arm-unknown-linux-gnueabihf-gcc accepts -Wnewline-eof
configure:22373: arm-unknown-linux-gnueabihf-gcc -c -g -O2 -Wnewline-eof -Werror  conftest.c >&5
arm-unknown-linux-gnueabihf-gcc: error: unrecognized command line option '-Wnewline-eof'
configure:22373: $? = 1
configure: failed program was:
| /* confdefs.h */
| #define PACKAGE_NAME "XZ Utils"
| #define PACKAGE_TARNAME "xz"
| #define PACKAGE_VERSION "5.6.2"
| #define PACKAGE_STRING "XZ Utils 5.6.2"
| #define PACKAGE_BUGREPORT "xz@tukaani.org"
| #define PACKAGE_URL "https://tukaani.org/xz/"
| #define NDEBUG 1
| #define HAVE_ENCODER_LZMA1 1
| #define HAVE_ENCODER_LZMA2 1
| #define HAVE_ENCODER_DELTA 1
| #define HAVE_ENCODER_X86 1
| #define HAVE_ENCODER_POWERPC 1
| #define HAVE_ENCODER_IA64 1
| #define HAVE_ENCODER_ARM 1
| #define HAVE_ENCODER_ARMTHUMB 1
| #define HAVE_ENCODER_ARM64 1
| #define HAVE_ENCODER_SPARC 1
| #define HAVE_ENCODER_RISCV 1
| #define HAVE_ENCODERS 1
| #define HAVE_DECODER_LZMA1 1
| #define HAVE_DECODER_LZMA2 1
| #define HAVE_DECODER_DELTA 1
| #define HAVE_DECODER_X86 1
| #define HAVE_DECODER_POWERPC 1
| #define HAVE_DECODER_IA64 1
| #define HAVE_DECODER_ARM 1
| #define HAVE_DECODER_ARMTHUMB 1
| #define HAVE_DECODER_ARM64 1
| #define HAVE_DECODER_SPARC 1
| #define HAVE_DECODER_RISCV 1
| #define HAVE_DECODERS 1
| #define HAVE_MF_HC3 1
| #define HAVE_MF_HC4 1
| #define HAVE_MF_BT2 1
| #define HAVE_MF_BT3 1
| #define HAVE_MF_BT4 1
| #define HAVE_CHECK_CRC32 1
| #define HAVE_CHECK_CRC64 1
| #define HAVE_CHECK_SHA256 1
| #define HAVE_LZIP_DECODER 1
| #define ASSUME_RAM 128
| #define PACKAGE "xz"
| #define VERSION "5.6.2"
| #define HAVE_STDIO_H 1
| #define HAVE_STDLIB_H 1
| #define HAVE_STRING_H 1
| #define HAVE_INTTYPES_H 1
| #define HAVE_STDINT_H 1
| #define HAVE_STRINGS_H 1
| #define HAVE_SYS_STAT_H 1
| #define HAVE_SYS_TYPES_H 1
| #define HAVE_UNISTD_H 1
| #define HAVE_WCHAR_H 1
| #define HAVE_SYS_CDEFS_H 1
| #define STDC_HEADERS 1
| #define _ALL_SOURCE 1
| #define _DARWIN_C_SOURCE 1
| #define _GNU_SOURCE 1
| #define _HPUX_ALT_XOPEN_SOCKET_API 1
| #define _NETBSD_SOURCE 1
| #define _OPENBSD_SOURCE 1
| #define _POSIX_PTHREAD_SEMANTICS 1
| #define __STDC_WANT_IEC_60559_ATTRIBS_EXT__ 1
| #define __STDC_WANT_IEC_60559_BFP_EXT__ 1
| #define __STDC_WANT_IEC_60559_DFP_EXT__ 1
| #define __STDC_WANT_IEC_60559_EXT__ 1
| #define __STDC_WANT_IEC_60559_FUNCS_EXT__ 1
| #define __STDC_WANT_IEC_60559_TYPES_EXT__ 1
| #define __STDC_WANT_LIB_EXT2__ 1
| #define __STDC_WANT_MATH_SPEC_FUNCS__ 1
| #define _TANDEM_SOURCE 1
| #define __EXTENSIONS__ 1
| #define HAVE_PTHREAD_PRIO_INHERIT 1
| #define MYTHREAD_POSIX 1
| #define HAVE_PTHREAD_CONDATTR_SETCLOCK 1
| #define HAVE_DLFCN_H 1
| #define LT_OBJDIR ".libs/"
| #define HAVE_SYMBOL_VERSIONS_LINUX 2
| #define ENABLE_NLS 1
| #define HAVE_GETTEXT 1
| #define HAVE_DCGETTEXT 1
| #define HAVE__BOOL 1
| #define HAVE_STDBOOL_H 1
| #define HAVE_UINTPTR_T 1
| #define SIZEOF_SIZE_T 4
| #define HAVE_STRUCT_STAT_ST_ATIM_TV_NSEC 1
| #define _FILE_OFFSET_BITS 64
| #define HAVE_FUNC_ATTRIBUTE_CONSTRUCTOR 1
| #define HAVE_GETOPT_H 1
| #define HAVE_GETOPT_LONG 1
| #define HAVE_CLOCK_GETTIME 1
| #define HAVE_CLOCK_MONOTONIC 1
| #define HAVE_FUTIMENS 1
| #define HAVE_POSIX_FADVISE 1
| #define HAVE_PROGRAM_INVOCATION_NAME 1
| #define HAVE___BUILTIN_BSWAPXX 1
| #define TUKLIB_FAST_UNALIGNED_ACCESS 1
| #define HAVE___BUILTIN_ASSUME_ALIGNED 1
| #define HAVE_SYS_PARAM_H 1
| #define TUKLIB_PHYSMEM_SYSCONF 1
| #define HAVE_SYS_PARAM_H 1
| #define TUKLIB_CPUCORES_SCHED_GETAFFINITY 1
| #define HAVE_MBRTOWC 1
| #define HAVE_WCWIDTH 1
| #define HAVE_VISIBILITY 1
| /* end confdefs.h.  */
| void foo(void); void foo(void) { }
configure:22382: result: no
configure:22365: checking if arm-unknown-linux-gnueabihf-gcc accepts -Wshift-sign-overflow
configure:22373: arm-unknown-linux-gnueabihf-gcc -c -g -O2 -Wshift-sign-overflow -Werror  conftest.c >&5
arm-unknown-linux-gnueabihf-gcc: error: unrecognized command line option '-Wshift-sign-overflow'; did you mean '-Wshift-count-overflow'?
configure:22373: $? = 1
configure: failed program was:
| /* confdefs.h */
| #define PACKAGE_NAME "XZ Utils"
| #define PACKAGE_TARNAME "xz"
| #define PACKAGE_VERSION "5.6.2"
| #define PACKAGE_STRING "XZ Utils 5.6.2"
| #define PACKAGE_BUGREPORT "xz@tukaani.org"
| #define PACKAGE_URL "https://tukaani.org/xz/"
| #define NDEBUG 1
| #define HAVE_ENCODER_LZMA1 1
| #define HAVE_ENCODER_LZMA2 1
| #define HAVE_ENCODER_DELTA 1
| #define HAVE_ENCODER_X86 1
| #define HAVE_ENCODER_POWERPC 1
| #define HAVE_ENCODER_IA64 1
| #define HAVE_ENCODER_ARM 1
| #define HAVE_ENCODER_ARMTHUMB 1
| #define HAVE_ENCODER_ARM64 1
| #define HAVE_ENCODER_SPARC 1
| #define HAVE_ENCODER_RISCV 1
| #define HAVE_ENCODERS 1
| #define HAVE_DECODER_LZMA1 1
| #define HAVE_DECODER_LZMA2 1
| #define HAVE_DECODER_DELTA 1
| #define HAVE_DECODER_X86 1
| #define HAVE_DECODER_POWERPC 1
| #define HAVE_DECODER_IA64 1
| #define HAVE_DECODER_ARM 1
| #define HAVE_DECODER_ARMTHUMB 1
| #define HAVE_DECODER_ARM64 1
| #define HAVE_DECODER_SPARC 1
| #define HAVE_DECODER_RISCV 1
| #define HAVE_DECODERS 1
| #define HAVE_MF_HC3 1
| #define HAVE_MF_HC4 1
| #define HAVE_MF_BT2 1
| #define HAVE_MF_BT3 1
| #define HAVE_MF_BT4 1
| #define HAVE_CHECK_CRC32 1
| #define HAVE_CHECK_CRC64 1
| #define HAVE_CHECK_SHA256 1
| #define HAVE_LZIP_DECODER 1
| #define ASSUME_RAM 128
| #define PACKAGE "xz"
| #define VERSION "5.6.2"
| #define HAVE_STDIO_H 1
| #define HAVE_STDLIB_H 1
| #define HAVE_STRING_H 1
| #define HAVE_INTTYPES_H 1
| #define HAVE_STDINT_H 1
| #define HAVE_STRINGS_H 1
| #define HAVE_SYS_STAT_H 1
| #define HAVE_SYS_TYPES_H 1
| #define HAVE_UNISTD_H 1
| #define HAVE_WCHAR_H 1
| #define HAVE_SYS_CDEFS_H 1
| #define STDC_HEADERS 1
| #define _ALL_SOURCE 1
| #define _DARWIN_C_SOURCE 1
| #define _GNU_SOURCE 1
| #define _HPUX_ALT_XOPEN_SOCKET_API 1
| #define _NETBSD_SOURCE 1
| #define _OPENBSD_SOURCE 1
| #define _POSIX_PTHREAD_SEMANTICS 1
| #define __STDC_WANT_IEC_60559_ATTRIBS_EXT__ 1
| #define __STDC_WANT_IEC_60559_BFP_EXT__ 1
| #define __STDC_WANT_IEC_60559_DFP_EXT__ 1
| #define __STDC_WANT_IEC_60559_EXT__ 1
| #define __STDC_WANT_IEC_60559_FUNCS_EXT__ 1
| #define __STDC_WANT_IEC_60559_TYPES_EXT__ 1
| #define __STDC_WANT_LIB_EXT2__ 1
| #define __STDC_WANT_MATH_SPEC_FUNCS__ 1
| #define _TANDEM_SOURCE 1
| #define __EXTENSIONS__ 1
| #define HAVE_PTHREAD_PRIO_INHERIT 1
| #define MYTHREAD_POSIX 1
| #define HAVE_PTHREAD_CONDATTR_SETCLOCK 1
| #define HAVE_DLFCN_H 1
| #define LT_OBJDIR ".libs/"
| #define HAVE_SYMBOL_VERSIONS_LINUX 2
| #define ENABLE_NLS 1
| #define HAVE_GETTEXT 1
| #define HAVE_DCGETTEXT 1
| #define HAVE__BOOL 1
| #define HAVE_STDBOOL_H 1
| #define HAVE_UINTPTR_T 1
| #define SIZEOF_SIZE_T 4
| #define HAVE_STRUCT_STAT_ST_ATIM_TV_NSEC 1
| #define _FILE_OFFSET_BITS 64
| #define HAVE_FUNC_ATTRIBUTE_CONSTRUCTOR 1
| #define HAVE_GETOPT_H 1
| #define HAVE_GETOPT_LONG 1
| #define HAVE_CLOCK_GETTIME 1
| #define HAVE_CLOCK_MONOTONIC 1
| #define HAVE_FUTIMENS 1
| #define HAVE_POSIX_FADVISE 1
| #define HAVE_PROGRAM_INVOCATION_NAME 1
| #define HAVE___BUILTIN_BSWAPXX 1
| #define TUKLIB_FAST_UNALIGNED_ACCESS 1
| #define HAVE___BUILTIN_ASSUME_ALIGNED 1
| #define HAVE_SYS_PARAM_H 1
| #define TUKLIB_PHYSMEM_SYSCONF 1
| #define HAVE_SYS_PARAM_H 1
| #define TUKLIB_CPUCORES_SCHED_GETAFFINITY 1
| #define HAVE_MBRTOWC 1
| #define HAVE_WCWIDTH 1
| #define HAVE_VISIBILITY 1
| /* end confdefs.h.  */
| void foo(void); void foo(void) { }
configure:22382: result: no
configure:22365: checking if arm-unknown-linux-gnueabihf-gcc accepts -Wstring-conversion
configure:22373: arm-unknown-linux-gnueabihf-gcc -c -g -O2 -Wstring-conversion -Werror  conftest.c >&5
arm-unknown-linux-gnueabihf-gcc: error: unrecognized command line option '-Wstring-conversion'; did you mean '-Wsign-conversion'?
configure:22373: $? = 1
configure: failed program was:
| /* confdefs.h */
| #define PACKAGE_NAME "XZ Utils"
| #define PACKAGE_TARNAME "xz"
| #define PACKAGE_VERSION "5.6.2"
| #define PACKAGE_STRING "XZ Utils 5.6.2"
| #define PACKAGE_BUGREPORT "xz@tukaani.org"
| #define PACKAGE_URL "https://tukaani.org/xz/"
| #define NDEBUG 1
| #define HAVE_ENCODER_LZMA1 1
| #define HAVE_ENCODER_LZMA2 1
| #define HAVE_ENCODER_DELTA 1
| #define HAVE_ENCODER_X86 1
| #define HAVE_ENCODER_POWERPC 1
| #define HAVE_ENCODER_IA64 1
| #define HAVE_ENCODER_ARM 1
| #define HAVE_ENCODER_ARMTHUMB 1
| #define HAVE_ENCODER_ARM64 1
| #define HAVE_ENCODER_SPARC 1
| #define HAVE_ENCODER_RISCV 1
| #define HAVE_ENCODERS 1
| #define HAVE_DECODER_LZMA1 1
| #define HAVE_DECODER_LZMA2 1
| #define HAVE_DECODER_DELTA 1
| #define HAVE_DECODER_X86 1
| #define HAVE_DECODER_POWERPC 1
| #define HAVE_DECODER_IA64 1
| #define HAVE_DECODER_ARM 1
| #define HAVE_DECODER_ARMTHUMB 1
| #define HAVE_DECODER_ARM64 1
| #define HAVE_DECODER_SPARC 1
| #define HAVE_DECODER_RISCV 1
| #define HAVE_DECODERS 1
| #define HAVE_MF_HC3 1
| #define HAVE_MF_HC4 1
| #define HAVE_MF_BT2 1
| #define HAVE_MF_BT3 1
| #define HAVE_MF_BT4 1
| #define HAVE_CHECK_CRC32 1
| #define HAVE_CHECK_CRC64 1
| #define HAVE_CHECK_SHA256 1
| #define HAVE_LZIP_DECODER 1
| #define ASSUME_RAM 128
| #define PACKAGE "xz"
| #define VERSION "5.6.2"
| #define HAVE_STDIO_H 1
| #define HAVE_STDLIB_H 1
| #define HAVE_STRING_H 1
| #define HAVE_INTTYPES_H 1
| #define HAVE_STDINT_H 1
| #define HAVE_STRINGS_H 1
| #define HAVE_SYS_STAT_H 1
| #define HAVE_SYS_TYPES_H 1
| #define HAVE_UNISTD_H 1
| #define HAVE_WCHAR_H 1
| #define HAVE_SYS_CDEFS_H 1
| #define STDC_HEADERS 1
| #define _ALL_SOURCE 1
| #define _DARWIN_C_SOURCE 1
| #define _GNU_SOURCE 1
| #define _HPUX_ALT_XOPEN_SOCKET_API 1
| #define _NETBSD_SOURCE 1
| #define _OPENBSD_SOURCE 1
| #define _POSIX_PTHREAD_SEMANTICS 1
| #define __STDC_WANT_IEC_60559_ATTRIBS_EXT__ 1
| #define __STDC_WANT_IEC_60559_BFP_EXT__ 1
| #define __STDC_WANT_IEC_60559_DFP_EXT__ 1
| #define __STDC_WANT_IEC_60559_EXT__ 1
| #define __STDC_WANT_IEC_60559_FUNCS_EXT__ 1
| #define __STDC_WANT_IEC_60559_TYPES_EXT__ 1
| #define __STDC_WANT_LIB_EXT2__ 1
| #define __STDC_WANT_MATH_SPEC_FUNCS__ 1
| #define _TANDEM_SOURCE 1
| #define __EXTENSIONS__ 1
| #define HAVE_PTHREAD_PRIO_INHERIT 1
| #define MYTHREAD_POSIX 1
| #define HAVE_PTHREAD_CONDATTR_SETCLOCK 1
| #define HAVE_DLFCN_H 1
| #define LT_OBJDIR ".libs/"
| #define HAVE_SYMBOL_VERSIONS_LINUX 2
| #define ENABLE_NLS 1
| #define HAVE_GETTEXT 1
| #define HAVE_DCGETTEXT 1
| #define HAVE__BOOL 1
| #define HAVE_STDBOOL_H 1
| #define HAVE_UINTPTR_T 1
| #define SIZEOF_SIZE_T 4
| #define HAVE_STRUCT_STAT_ST_ATIM_TV_NSEC 1
| #define _FILE_OFFSET_BITS 64
| #define HAVE_FUNC_ATTRIBUTE_CONSTRUCTOR 1
| #define HAVE_GETOPT_H 1
| #define HAVE_GETOPT_LONG 1
| #define HAVE_CLOCK_GETTIME 1
| #define HAVE_CLOCK_MONOTONIC 1
| #define HAVE_FUTIMENS 1
| #define HAVE_POSIX_FADVISE 1
| #define HAVE_PROGRAM_INVOCATION_NAME 1
| #define HAVE___BUILTIN_BSWAPXX 1
| #define TUKLIB_FAST_UNALIGNED_ACCESS 1
| #define HAVE___BUILTIN_ASSUME_ALIGNED 1
| #define HAVE_SYS_PARAM_H 1
| #define TUKLIB_PHYSMEM_SYSCONF 1
| #define HAVE_SYS_PARAM_H 1
| #define TUKLIB_CPUCORES_SCHED_GETAFFINITY 1
| #define HAVE_MBRTOWC 1
| #define HAVE_WCWIDTH 1
| #define HAVE_VISIBILITY 1
| /* end confdefs.h.  */
| void foo(void); void foo(void) { }
configure:22382: result: no
configure:22771: checking that generated files are newer than configure
configure:22777: result: done
configure:22835: creating ./config.status

## ---------------------- ##
## Running config.status. ##
## ---------------------- ##

This file was extended by XZ Utils config.status 5.6.2, which was
generated by GNU Autoconf 2.72.  Invocation command line was

  CONFIG_FILES    = 
  CONFIG_HEADERS  = 
  CONFIG_LINKS    = 
  CONFIG_COMMANDS = 
  $ ./config.status 

on host

config.status:1407: creating Makefile
config.status:1407: creating po/Makefile.in
config.status:1407: creating lib/Makefile
config.status:1407: creating src/Makefile
config.status:1407: creating src/liblzma/Makefile
config.status:1407: creating src/liblzma/api/Makefile
config.status:1407: creating src/xz/Makefile
config.status:1407: creating src/xzdec/Makefile
config.status:1407: creating src/lzmainfo/Makefile
config.status:1407: creating src/scripts/Makefile
config.status:1407: creating tests/Makefile
config.status:1407: creating debug/Makefile
config.status:1407: creating src/scripts/xzdiff
config.status:1407: creating src/scripts/xzgrep
config.status:1407: creating src/scripts/xzmore
config.status:1407: creating src/scripts/xzless
config.status:1407: creating config.h
config.status:1636: executing depfiles commands
config.status:1713: cd lib       && sed -e '/# am--include-marker/d' Makefile         | make -f - am--depfiles
config.status:1718: $? = 0
config.status:1713: cd src/liblzma       && sed -e '/# am--include-marker/d' Makefile         | make -f - am--depfiles
config.status:1718: $? = 0
config.status:1713: cd src/xz       && sed -e '/# am--include-marker/d' Makefile         | make -f - am--depfiles
config.status:1718: $? = 0
config.status:1713: cd src/xzdec       && sed -e '/# am--include-marker/d' Makefile         | make -f - am--depfiles
config.status:1718: $? = 0
config.status:1713: cd src/lzmainfo       && sed -e '/# am--include-marker/d' Makefile         | make -f - am--depfiles
config.status:1718: $? = 0
config.status:1713: cd tests       && sed -e '/# am--include-marker/d' Makefile         | make -f - am--depfiles
config.status:1718: $? = 0
config.status:1713: cd debug       && sed -e '/# am--include-marker/d' Makefile         | make -f - am--depfiles
config.status:1718: $? = 0
config.status:1636: executing libtool commands
config.status:1636: executing po-directories commands

## ---------------- ##
## Cache variables. ##
## ---------------- ##

ac_cv_build=x86_64-pc-linux-gnu
ac_cv_c_bigendian=no
ac_cv_c_compiler_gnu=yes
ac_cv_c_int32_t=yes
ac_cv_c_int64_t=yes
ac_cv_c_uint16_t=yes
ac_cv_c_uint32_t=yes
ac_cv_c_uint64_t=yes
ac_cv_c_uint8_t=yes
ac_cv_c_undeclared_builtin_options='none needed'
ac_cv_env_CCASFLAGS_set=
ac_cv_env_CCASFLAGS_value=
ac_cv_env_CCAS_set=
ac_cv_env_CCAS_value=
ac_cv_env_CC_set=set
ac_cv_env_CC_value=arm-unknown-linux-gnueabihf-gcc
ac_cv_env_CFLAGS_set=
ac_cv_env_CFLAGS_value=
ac_cv_env_CPPFLAGS_set=
ac_cv_env_CPPFLAGS_value=
ac_cv_env_CPP_set=
ac_cv_env_CPP_value=
ac_cv_env_LDFLAGS_set=
ac_cv_env_LDFLAGS_value=
ac_cv_env_LIBS_set=
ac_cv_env_LIBS_value=
ac_cv_env_LT_SYS_LIBRARY_PATH_set=
ac_cv_env_LT_SYS_LIBRARY_PATH_value=
ac_cv_env_build_alias_set=set
ac_cv_env_build_alias_value=x86_64-linux-gnu
ac_cv_env_host_alias_set=set
ac_cv_env_host_alias_value=arm-unknown-linux-gnueabihf
ac_cv_env_target_alias_set=
ac_cv_env_target_alias_value=
ac_cv_func_clock_gettime=yes
ac_cv_func_futimens=yes
ac_cv_func_getopt_long=yes
ac_cv_func_mbrtowc=yes
ac_cv_func_posix_fadvise=yes
ac_cv_func_pthread_condattr_setclock=yes
ac_cv_func_wcwidth=yes
ac_cv_have_decl_CLOCK_MONOTONIC=yes
ac_cv_have_decl__mm_movemask_epi8=no
ac_cv_have_decl_optreset=no
ac_cv_have_decl_program_invocation_name=yes
ac_cv_header_cpuid_h=no
ac_cv_header_dlfcn_h=yes
ac_cv_header_getopt_h=yes
ac_cv_header_immintrin_h=no
ac_cv_header_inttypes_h=yes
ac_cv_header_minix_config_h=no
ac_cv_header_stdbool_h=yes
ac_cv_header_stdint_h=yes
ac_cv_header_stdio_h=yes
ac_cv_header_stdlib_h=yes
ac_cv_header_string_h=yes
ac_cv_header_strings_h=yes
ac_cv_header_sys_cdefs_h=yes
ac_cv_header_sys_param_h=yes
ac_cv_header_sys_stat_h=yes
ac_cv_header_sys_types_h=yes
ac_cv_header_unistd_h=yes
ac_cv_header_wchar_h=yes
ac_cv_host=arm-unknown-linux-gnueabihf
ac_cv_member_struct_stat_st_atim_st__tim_tv_nsec=no
ac_cv_member_struct_stat_st_atim_tv_nsec=yes
ac_cv_member_struct_stat_st_atimensec=no
ac_cv_member_struct_stat_st_atimespec_tv_nsec=no
ac_cv_member_struct_stat_st_uatime=no
ac_cv_objext=o
ac_cv_path_EGREP='/usr/bin/grep -E'
ac_cv_path_EGREP_TRADITIONAL='/usr/bin/grep -E'
ac_cv_path_FGREP='/usr/bin/grep -F'
ac_cv_path_GMSGFMT=/usr/bin/msgfmt
ac_cv_path_GREP=/usr/bin/grep
ac_cv_path_MSGFMT=/usr/bin/msgfmt
ac_cv_path_MSGMERGE=/usr/bin/msgmerge
ac_cv_path_SED=/usr/bin/sed
ac_cv_path_XGETTEXT=/usr/bin/xgettext
ac_cv_path_install='/usr/bin/install -c'
ac_cv_path_lt_DD=/usr/bin/dd
ac_cv_path_mkdir=/usr/bin/mkdir
ac_cv_prog_AR=arm-unknown-linux-gnueabihf-ar
ac_cv_prog_AWK=gawk
ac_cv_prog_CC=arm-unknown-linux-gnueabihf-gcc
ac_cv_prog_CPP='arm-unknown-linux-gnueabihf-gcc -E'
ac_cv_prog_FILECMD=:
ac_cv_prog_OBJDUMP=arm-unknown-linux-gnueabihf-objdump
ac_cv_prog_RANLIB=arm-unknown-linux-gnueabihf-ranlib
ac_cv_prog_STRIP=arm-unknown-linux-gnueabihf-strip
ac_cv_prog_ac_ct_MANIFEST_TOOL=mt
ac_cv_prog_cc_c11=
ac_cv_prog_cc_g=yes
ac_cv_prog_cc_stdc=
ac_cv_prog_make_make_set=yes
ac_cv_safe_to_define___extensions__=yes
ac_cv_search_clock_gettime='none required'
ac_cv_should_define__xopen_source=no
ac_cv_sizeof_size_t=4
ac_cv_sys_largefile_opts=-D_FILE_OFFSET_BITS=64
ac_cv_type__Bool=yes
ac_cv_type_uintptr_t=yes
acl_cv_hardcode_direct=no
acl_cv_hardcode_libdir_flag_spec='${wl}-rpath ${wl}$libdir'
acl_cv_hardcode_libdir_separator=
acl_cv_hardcode_minus_L=no
acl_cv_libdirstems=lib,lib,lib
acl_cv_libext=a
acl_cv_libname_spec='lib$name'
acl_cv_library_names_spec='$libname$shrext'
acl_cv_prog_gnu_ld=yes
acl_cv_rpath=done
acl_cv_shlibext=so
acl_cv_wl=-Wl,
am_cv_CCAS_dependencies_compiler_type=gcc3
am_cv_CC_dependencies_compiler_type=gcc3
am_cv_make_support_nested_variables=yes
am_cv_prog_cc_c_o=yes
ax_cv_PTHREAD_CLANG=no
ax_cv_PTHREAD_JOINABLE_ATTR=PTHREAD_CREATE_JOINABLE
ax_cv_PTHREAD_PRIO_INHERIT=yes
ax_cv_PTHREAD_SPECIAL_FLAGS=no
gl_cv_cc_vis_werror=yes
gl_cv_cc_visibility=yes
gl_cv_elf=yes
gl_cv_host_cpu_c_abi_32bit=yes
gl_cv_posix_shell=/bin/bash
gt_cv_func_CFLocaleCopyPreferredLanguages=no
gt_cv_func_CFPreferencesCopyAppValue=no
gt_cv_func_gnugettext1_libc=yes
lt_cv_ar_at_file=@
lt_cv_archive_cmds_need_lc=no
lt_cv_deplibs_check_method=pass_all
lt_cv_file_magic_cmd='$MAGIC_CMD'
lt_cv_file_magic_test_file=
lt_cv_ld_reload_flag=-r
lt_cv_nm_interface='BSD nm'
lt_cv_objdir=.libs
lt_cv_path_LD=/home/dev/x-tools/arm-unknown-linux-gnueabihf/arm-unknown-linux-gnueabihf/bin/ld
lt_cv_path_NM='/home/dev/x-tools/arm-unknown-linux-gnueabihf/bin/arm-unknown-linux-gnueabihf-nm -B'
lt_cv_path_manifest_tool=no
lt_cv_prog_compiler_c_o=yes
lt_cv_prog_compiler_c_o_RC=yes
lt_cv_prog_compiler_pic='-fPIC -DPIC'
lt_cv_prog_compiler_pic_works=yes
lt_cv_prog_compiler_rtti_exceptions=no
lt_cv_prog_compiler_static_works=yes
lt_cv_prog_gnu_ld=yes
lt_cv_sharedlib_from_linklib_cmd='printf %s\n'
lt_cv_shlibpath_overrides_runpath=no
lt_cv_sys_global_symbol_pipe='/usr/bin/sed -n -e '\''s/^.*[	 ]\([ABCDGIRSTW][ABCDGIRSTW]*\)[	 ][	 ]*\([_A-Za-z][_A-Za-z0-9]*\)$/\1 \2 \2/p'\'' | /usr/bin/sed '\''/ __gnu_lto/d'\'''
lt_cv_sys_global_symbol_to_c_name_address='/usr/bin/sed -n -e '\''s/^: \(.*\) .*$/  {"\1", (void *) 0},/p'\'' -e '\''s/^[ABCDGIRSTW][ABCDGIRSTW]* .* \(.*\)$/  {"\1", (void *) \&\1},/p'\'''
lt_cv_sys_global_symbol_to_c_name_address_lib_prefix='/usr/bin/sed -n -e '\''s/^: \(.*\) .*$/  {"\1", (void *) 0},/p'\'' -e '\''s/^[ABCDGIRSTW][ABCDGIRSTW]* .* \(lib.*\)$/  {"\1", (void *) \&\1},/p'\'' -e '\''s/^[ABCDGIRSTW][ABCDGIRSTW]* .* \(.*\)$/  {"lib\1", (void *) \&\1},/p'\'''
lt_cv_sys_global_symbol_to_cdecl='/usr/bin/sed -n -e '\''s/^T .* \(.*\)$/extern int \1();/p'\'' -e '\''s/^[ABCDGIRSTW][ABCDGIRSTW]* .* \(.*\)$/extern char \1;/p'\'''
lt_cv_sys_global_symbol_to_import=
lt_cv_sys_max_cmd_len=1572864
lt_cv_to_host_file_cmd=func_convert_file_noop
lt_cv_to_tool_file_cmd=func_convert_file_noop
lt_cv_truncate_bin='/usr/bin/dd bs=4096 count=1'
tuklib_cv_cpucores_method=sched_getaffinity
tuklib_cv_physmem_method=sysconf

## ----------------- ##
## Output variables. ##
## ----------------- ##

ACLOCAL='${SHELL} '\''/home/dev/Desktop/ClaraColour/python/crosstoolsng/xz-5.6.2/build-aux/missing'\'' aclocal-1.16'
AMDEPBACKSLASH='\'
AMDEP_FALSE='#'
AMDEP_TRUE=''
AMTAR='$${TAR-tar}'
AM_BACKSLASH='\'
AM_CFLAGS=' -pthread -fvisibility=hidden -Wall -Wextra -Wvla -Wformat=2 -Winit-self -Wmissing-include-dirs -Wshift-overflow=2 -Wstrict-overflow=3 -Walloc-zero -Wduplicated-cond -Wfloat-equal -Wundef -Wshadow -Wpointer-arith -Wbad-function-cast -Wwrite-strings -Wdate-time -Wsign-conversion -Wfloat-conversion -Wlogical-op -Waggregate-return -Wstrict-prototypes -Wold-style-definition -Wmissing-prototypes -Wmissing-declarations -Wredundant-decls'
AM_DEFAULT_V='$(AM_DEFAULT_VERBOSITY)'
AM_DEFAULT_VERBOSITY='1'
AM_V='$(V)'
AR='arm-unknown-linux-gnueabihf-ar'
AS='as'
AUTOCONF='${SHELL} '\''/home/dev/Desktop/ClaraColour/python/crosstoolsng/xz-5.6.2/build-aux/missing'\'' autoconf'
AUTOHEADER='${SHELL} '\''/home/dev/Desktop/ClaraColour/python/crosstoolsng/xz-5.6.2/build-aux/missing'\'' autoheader'
AUTOMAKE='${SHELL} '\''/home/dev/Desktop/ClaraColour/python/crosstoolsng/xz-5.6.2/build-aux/missing'\'' automake-1.16'
AWK='gawk'
CC='arm-unknown-linux-gnueabihf-gcc'
CCAS='arm-unknown-linux-gnueabihf-gcc'
CCASDEPMODE='depmode=gcc3'
CCASFLAGS='-g -O2'
CCDEPMODE='depmode=gcc3'
CFLAGS='-g -O2'
CFLAG_VISIBILITY='-fvisibility=hidden'
COND_ASM_X86_FALSE=''
COND_ASM_X86_TRUE='#'
COND_CHECK_CRC32_FALSE='#'
COND_CHECK_CRC32_TRUE=''
COND_CHECK_CRC64_FALSE='#'
COND_CHECK_CRC64_TRUE=''
COND_CHECK_SHA256_FALSE='#'
COND_CHECK_SHA256_TRUE=''
COND_DECODER_ARM64_FALSE='#'
COND_DECODER_ARM64_TRUE=''
COND_DECODER_ARMTHUMB_FALSE='#'
COND_DECODER_ARMTHUMB_TRUE=''
COND_DECODER_ARM_FALSE='#'
COND_DECODER_ARM_TRUE=''
COND_DECODER_DELTA_FALSE='#'
COND_DECODER_DELTA_TRUE=''
COND_DECODER_IA64_FALSE='#'
COND_DECODER_IA64_TRUE=''
COND_DECODER_LZMA1_FALSE='#'
COND_DECODER_LZMA1_TRUE=''
COND_DECODER_LZMA2_FALSE='#'
COND_DECODER_LZMA2_TRUE=''
COND_DECODER_LZ_FALSE='#'
COND_DECODER_LZ_TRUE=''
COND_DECODER_POWERPC_FALSE='#'
COND_DECODER_POWERPC_TRUE=''
COND_DECODER_RISCV_FALSE='#'
COND_DECODER_RISCV_TRUE=''
COND_DECODER_SIMPLE_FALSE='#'
COND_DECODER_SIMPLE_TRUE=''
COND_DECODER_SPARC_FALSE='#'
COND_DECODER_SPARC_TRUE=''
COND_DECODER_X86_FALSE='#'
COND_DECODER_X86_TRUE=''
COND_DOC_FALSE='#'
COND_DOC_TRUE=''
COND_DOXYGEN_FALSE=''
COND_DOXYGEN_TRUE='#'
COND_ENCODER_ARM64_FALSE='#'
COND_ENCODER_ARM64_TRUE=''
COND_ENCODER_ARMTHUMB_FALSE='#'
COND_ENCODER_ARMTHUMB_TRUE=''
COND_ENCODER_ARM_FALSE='#'
COND_ENCODER_ARM_TRUE=''
COND_ENCODER_DELTA_FALSE='#'
COND_ENCODER_DELTA_TRUE=''
COND_ENCODER_IA64_FALSE='#'
COND_ENCODER_IA64_TRUE=''
COND_ENCODER_LZMA1_FALSE='#'
COND_ENCODER_LZMA1_TRUE=''
COND_ENCODER_LZMA2_FALSE='#'
COND_ENCODER_LZMA2_TRUE=''
COND_ENCODER_LZ_FALSE='#'
COND_ENCODER_LZ_TRUE=''
COND_ENCODER_POWERPC_FALSE='#'
COND_ENCODER_POWERPC_TRUE=''
COND_ENCODER_RISCV_FALSE='#'
COND_ENCODER_RISCV_TRUE=''
COND_ENCODER_SIMPLE_FALSE='#'
COND_ENCODER_SIMPLE_TRUE=''
COND_ENCODER_SPARC_FALSE='#'
COND_ENCODER_SPARC_TRUE=''
COND_ENCODER_X86_FALSE='#'
COND_ENCODER_X86_TRUE=''
COND_FILTER_ARM64_FALSE='#'
COND_FILTER_ARM64_TRUE=''
COND_FILTER_ARMTHUMB_FALSE='#'
COND_FILTER_ARMTHUMB_TRUE=''
COND_FILTER_ARM_FALSE='#'
COND_FILTER_ARM_TRUE=''
COND_FILTER_DELTA_FALSE='#'
COND_FILTER_DELTA_TRUE=''
COND_FILTER_IA64_FALSE='#'
COND_FILTER_IA64_TRUE=''
COND_FILTER_LZMA1_FALSE='#'
COND_FILTER_LZMA1_TRUE=''
COND_FILTER_LZMA2_FALSE='#'
COND_FILTER_LZMA2_TRUE=''
COND_FILTER_LZ_FALSE='#'
COND_FILTER_LZ_TRUE=''
COND_FILTER_POWERPC_FALSE='#'
COND_FILTER_POWERPC_TRUE=''
COND_FILTER_RISCV_FALSE='#'
COND_FILTER_RISCV_TRUE=''
COND_FILTER_SIMPLE_FALSE='#'
COND_FILTER_SIMPLE_TRUE=''
COND_FILTER_SPARC_FALSE='#'
COND_FILTER_SPARC_TRUE=''
COND_FILTER_X86_FALSE='#'
COND_FILTER_X86_TRUE=''
COND_GNULIB_FALSE=''
COND_GNULIB_TRUE='#'
COND_INTERNAL_SHA256_FALSE='#'
COND_INTERNAL_SHA256_TRUE=''
COND_LZIP_DECODER_FALSE='#'
COND_LZIP_DECODER_TRUE=''
COND_LZMADEC_FALSE=''
COND_LZMADEC_TRUE='#'
COND_LZMAINFO_FALSE=''
COND_LZMAINFO_TRUE='#'
COND_LZMALINKS_FALSE='#'
COND_LZMALINKS_TRUE=''
COND_MAIN_DECODER_FALSE='#'
COND_MAIN_DECODER_TRUE=''
COND_MAIN_ENCODER_FALSE='#'
COND_MAIN_ENCODER_TRUE=''
COND_MICROLZMA_FALSE='#'
COND_MICROLZMA_TRUE=''
COND_SCRIPTS_FALSE=''
COND_SCRIPTS_TRUE='#'
COND_SHARED_FALSE='#'
COND_SHARED_TRUE=''
COND_SMALL_FALSE=''
COND_SMALL_TRUE='#'
COND_SYMVERS_GENERIC_FALSE=''
COND_SYMVERS_GENERIC_TRUE='#'
COND_SYMVERS_LINUX_FALSE='#'
COND_SYMVERS_LINUX_TRUE=''
COND_THREADS_FALSE='#'
COND_THREADS_TRUE=''
COND_W32_FALSE=''
COND_W32_TRUE='#'
COND_XZDEC_FALSE=''
COND_XZDEC_TRUE='#'
COND_XZ_FALSE=''
COND_XZ_TRUE='#'
CPP='arm-unknown-linux-gnueabihf-gcc -E'
CPPFLAGS=''
CSCOPE='cscope'
CTAGS='ctags'
CYGPATH_W='echo'
DEFS='-DHAVE_CONFIG_H'
DEPDIR='.deps'
DLLTOOL='false'
DSYMUTIL=''
DUMPBIN=''
ECHO_C=''
ECHO_N='-n'
ECHO_T=''
EGREP='/usr/bin/grep -E'
ETAGS='etags'
EXEEXT=''
FGREP='/usr/bin/grep -F'
FILECMD=':'
GETOPT_H=''
GETTEXT_MACRO_VERSION='0.20'
GMSGFMT='/usr/bin/msgfmt'
GMSGFMT_015='/usr/bin/msgfmt'
GREP='/usr/bin/grep'
HAVE_VISIBILITY='1'
INSTALL_DATA='${INSTALL} -m 644'
INSTALL_PROGRAM='${INSTALL}'
INSTALL_SCRIPT='${INSTALL}'
INSTALL_STRIP_PROGRAM='$(install_sh) -c -s'
INTLLIBS=''
INTL_MACOSX_LIBS=''
LD='/home/dev/x-tools/arm-unknown-linux-gnueabihf/arm-unknown-linux-gnueabihf/bin/ld'
LDFLAGS=''
LIBICONV='-liconv'
LIBINTL=''
LIBOBJS=''
LIBS=' -lpthread'
LIBTOOL='$(SHELL) $(top_builddir)/libtool'
LIPO=''
LN_EXEEXT='$(EXEEXT)'
LN_S='ln -s'
LTLIBICONV='-liconv'
LTLIBINTL=''
LTLIBOBJS=''
LT_SYS_LIBRARY_PATH=''
MAKEINFO='${SHELL} '\''/home/dev/Desktop/ClaraColour/python/crosstoolsng/xz-5.6.2/build-aux/missing'\'' makeinfo'
MANIFEST_TOOL=':'
MKDIR_P='/usr/bin/mkdir -p'
MSGFMT='/usr/bin/msgfmt'
MSGMERGE='/usr/bin/msgmerge'
MSGMERGE_FOR_MSGFMT_OPTION='--for-msgfmt'
NM='/home/dev/x-tools/arm-unknown-linux-gnueabihf/bin/arm-unknown-linux-gnueabihf-nm -B'
NMEDIT=''
OBJDUMP='arm-unknown-linux-gnueabihf-objdump'
OBJEXT='o'
OTOOL64=''
OTOOL=''
PACKAGE='xz'
PACKAGE_BUGREPORT='xz@tukaani.org'
PACKAGE_NAME='XZ Utils'
PACKAGE_STRING='XZ Utils 5.6.2'
PACKAGE_TARNAME='xz'
PACKAGE_URL='https://tukaani.org/xz/'
PACKAGE_VERSION='5.6.2'
PATH_SEPARATOR=':'
POSIX_SHELL='/bin/bash'
POSUB='po'
PREFERABLY_POSIX_SHELL='/bin/bash'
PTHREAD_CC='arm-unknown-linux-gnueabihf-gcc'
PTHREAD_CFLAGS='-pthread'
PTHREAD_CXX=''
PTHREAD_LIBS='-lpthread'
RANLIB='arm-unknown-linux-gnueabihf-ranlib'
RC=''
SED='/usr/bin/sed'
SET_MAKE=''
SHELL='/bin/bash'
STRIP='arm-unknown-linux-gnueabihf-strip'
USE_NLS='yes'
VERSION='5.6.2'
XGETTEXT='/usr/bin/xgettext'
XGETTEXT_015='/usr/bin/xgettext'
XGETTEXT_EXTRA_OPTIONS=''
ac_ct_AR=''
ac_ct_CC=''
ac_ct_DUMPBIN=''
am__EXEEXT_FALSE=''
am__EXEEXT_TRUE='#'
am__fastdepCCAS_FALSE='#'
am__fastdepCCAS_TRUE=''
am__fastdepCC_FALSE='#'
am__fastdepCC_TRUE=''
am__include='include'
am__isrc=''
am__leading_dot='.'
am__nodep='_no'
am__quote=''
am__tar='$${TAR-tar} chof - "$$tardir"'
am__untar='$${TAR-tar} xf -'
ax_pthread_config=''
bindir='${exec_prefix}/bin'
build='x86_64-pc-linux-gnu'
build_alias='x86_64-linux-gnu'
build_cpu='x86_64'
build_os='linux-gnu'
build_vendor='pc'
datadir='${datarootdir}'
datarootdir='${prefix}/share'
docdir='${datarootdir}/doc/${PACKAGE_TARNAME}'
dvidir='${docdir}'
enable_path_for_scripts=''
exec_prefix='${prefix}'
host='arm-unknown-linux-gnueabihf'
host_alias='arm-unknown-linux-gnueabihf'
host_cpu='arm'
host_os='linux-gnueabihf'
host_vendor='unknown'
htmldir='${docdir}'
includedir='${prefix}/include'
infodir='${datarootdir}/info'
install_sh='${SHELL} /home/dev/Desktop/ClaraColour/python/crosstoolsng/xz-5.6.2/build-aux/install-sh'
libdir='${exec_prefix}/lib'
libexecdir='${exec_prefix}/libexec'
localedir='${datarootdir}/locale'
localedir_c='"/home/dev/Desktop/ClaraColour/python/crosstoolsng/xz-armhf-install/share/locale"'
localedir_c_make='\"$(localedir)\"'
localstatedir='${prefix}/var'
mandir='${datarootdir}/man'
mkdir_p='$(MKDIR_P)'
oldincludedir='/usr/include'
pdfdir='${docdir}'
prefix='/home/dev/Desktop/ClaraColour/python/crosstoolsng/xz-armhf-install'
program_transform_name='s,x,x,'
psdir='${docdir}'
runstatedir='${localstatedir}/run'
sbindir='${exec_prefix}/sbin'
sharedstatedir='${prefix}/com'
sysconfdir='${prefix}/etc'
target_alias=''
xz='xz'

## ----------- ##
## confdefs.h. ##
## ----------- ##

/* confdefs.h */
#define PACKAGE_NAME "XZ Utils"
#define PACKAGE_TARNAME "xz"
#define PACKAGE_VERSION "5.6.2"
#define PACKAGE_STRING "XZ Utils 5.6.2"
#define PACKAGE_BUGREPORT "xz@tukaani.org"
#define PACKAGE_URL "https://tukaani.org/xz/"
#define NDEBUG 1
#define HAVE_ENCODER_LZMA1 1
#define HAVE_ENCODER_LZMA2 1
#define HAVE_ENCODER_DELTA 1
#define HAVE_ENCODER_X86 1
#define HAVE_ENCODER_POWERPC 1
#define HAVE_ENCODER_IA64 1
#define HAVE_ENCODER_ARM 1
#define HAVE_ENCODER_ARMTHUMB 1
#define HAVE_ENCODER_ARM64 1
#define HAVE_ENCODER_SPARC 1
#define HAVE_ENCODER_RISCV 1
#define HAVE_ENCODERS 1
#define HAVE_DECODER_LZMA1 1
#define HAVE_DECODER_LZMA2 1
#define HAVE_DECODER_DELTA 1
#define HAVE_DECODER_X86 1
#define HAVE_DECODER_POWERPC 1
#define HAVE_DECODER_IA64 1
#define HAVE_DECODER_ARM 1
#define HAVE_DECODER_ARMTHUMB 1
#define HAVE_DECODER_ARM64 1
#define HAVE_DECODER_SPARC 1
#define HAVE_DECODER_RISCV 1
#define HAVE_DECODERS 1
#define HAVE_MF_HC3 1
#define HAVE_MF_HC4 1
#define HAVE_MF_BT2 1
#define HAVE_MF_BT3 1
#define HAVE_MF_BT4 1
#define HAVE_CHECK_CRC32 1
#define HAVE_CHECK_CRC64 1
#define HAVE_CHECK_SHA256 1
#define HAVE_LZIP_DECODER 1
#define ASSUME_RAM 128
#define PACKAGE "xz"
#define VERSION "5.6.2"
#define HAVE_STDIO_H 1
#define HAVE_STDLIB_H 1
#define HAVE_STRING_H 1
#define HAVE_INTTYPES_H 1
#define HAVE_STDINT_H 1
#define HAVE_STRINGS_H 1
#define HAVE_SYS_STAT_H 1
#define HAVE_SYS_TYPES_H 1
#define HAVE_UNISTD_H 1
#define HAVE_WCHAR_H 1
#define HAVE_SYS_CDEFS_H 1
#define STDC_HEADERS 1
#define _ALL_SOURCE 1
#define _DARWIN_C_SOURCE 1
#define _GNU_SOURCE 1
#define _HPUX_ALT_XOPEN_SOCKET_API 1
#define _NETBSD_SOURCE 1
#define _OPENBSD_SOURCE 1
#define _POSIX_PTHREAD_SEMANTICS 1
#define __STDC_WANT_IEC_60559_ATTRIBS_EXT__ 1
#define __STDC_WANT_IEC_60559_BFP_EXT__ 1
#define __STDC_WANT_IEC_60559_DFP_EXT__ 1
#define __STDC_WANT_IEC_60559_EXT__ 1
#define __STDC_WANT_IEC_60559_FUNCS_EXT__ 1
#define __STDC_WANT_IEC_60559_TYPES_EXT__ 1
#define __STDC_WANT_LIB_EXT2__ 1
#define __STDC_WANT_MATH_SPEC_FUNCS__ 1
#define _TANDEM_SOURCE 1
#define __EXTENSIONS__ 1
#define HAVE_PTHREAD_PRIO_INHERIT 1
#define MYTHREAD_POSIX 1
#define HAVE_PTHREAD_CONDATTR_SETCLOCK 1
#define HAVE_DLFCN_H 1
#define LT_OBJDIR ".libs/"
#define HAVE_SYMBOL_VERSIONS_LINUX 2
#define ENABLE_NLS 1
#define HAVE_GETTEXT 1
#define HAVE_DCGETTEXT 1
#define HAVE__BOOL 1
#define HAVE_STDBOOL_H 1
#define HAVE_UINTPTR_T 1
#define SIZEOF_SIZE_T 4
#define HAVE_STRUCT_STAT_ST_ATIM_TV_NSEC 1
#define _FILE_OFFSET_BITS 64
#define HAVE_FUNC_ATTRIBUTE_CONSTRUCTOR 1
#define HAVE_GETOPT_H 1
#define HAVE_GETOPT_LONG 1
#define HAVE_CLOCK_GETTIME 1
#define HAVE_CLOCK_MONOTONIC 1
#define HAVE_FUTIMENS 1
#define HAVE_POSIX_FADVISE 1
#define HAVE_PROGRAM_INVOCATION_NAME 1
#define HAVE___BUILTIN_BSWAPXX 1
#define TUKLIB_FAST_UNALIGNED_ACCESS 1
#define HAVE___BUILTIN_ASSUME_ALIGNED 1
#define HAVE_SYS_PARAM_H 1
#define TUKLIB_PHYSMEM_SYSCONF 1
#define HAVE_SYS_PARAM_H 1
#define TUKLIB_CPUCORES_SCHED_GETAFFINITY 1
#define HAVE_MBRTOWC 1
#define HAVE_WCWIDTH 1
#define HAVE_VISIBILITY 1

configure: exit 0
